{"type":"FeatureCollection","features":[{"type":"Feature","geometry":{"type":"Polygon","coordinates":[[[10.409877551020408,43.904],[10.437795918367346,43.904],[10.437795918367346,43.914204081632654],[10.409877551020408,43.914204081632654],[10.409877551020408,43.904]]]},"properties":{"name":"Pescaglia","minint_elettorale":"2090430220","minint_finloc":"3090430220","op_id":"4569","prov_name":"Lucca","prov_istat_code":"046","prov_istat_code_num":46,"prov_acr":"LU","reg_name":"Toscana","reg_istat_code":"09","reg_istat_code_num":9,"opdm_id":"4467","com_catasto_code":"G480","com_istat_code":"046022","com_istat_code_num":46022,"value":8.799052189153711,"_featureIdx":25,"_color":"#39a4d0"}},{"type":"Feature","geometry":{"type":"Polygon","coordinates":[[[10.409877551020408,43.914204081632654],[10.437795918367346,43.914204081632654],[10.437795918367346,43.924408163265305],[10.409877551020408,43.924408163265305],[10.409877551020408,43.914204081632654]]]},"properties":{"name":"Pescaglia","minint_elettorale":"2090430220","minint_finloc":"3090430220","op_id":"4569","prov_name":"Lucca","prov_istat_code":"046","prov_istat_code_num":46,"prov_acr":"LU","reg_name":"Toscana","reg_istat_code":"09","reg_istat_code_num":9,"opdm_id":"4467","com_catasto_code":"G480","com_istat_code":"046022","com_istat_code_num":46022,"value":8.799052189153711,"_featureIdx":25,"_color":"#39a4d0"}},{"type":"Feature","geometry":{"type":"Polygon","coordinates":[[[10.437795918367346,43.914204081632654],[10.465714285714284,43.914204081632654],[10.465714285714284,43.924408163265305],[10.437795918367346,43.924408163265305],[10.437795918367346,43.914204081632654]]]},"properties":{"name":"Pescaglia","minint_elettorale":"2090430220","minint_finloc":"3090430220","op_id":"4569","prov_name":"Lucca","prov_istat_code":"046","prov_istat_code_num":46,"prov_acr":"LU","reg_name":"Toscana","reg_istat_code":"09","reg_istat_code_num":9,"opdm_id":"4467","com_catasto_code":"G480","com_istat_code":"046022","com_istat_code_num":46022,"value":8.799052189153711,"_featureIdx":25,"_color":"#39a4d0"}},{"type":"Feature","geometry":{"type":"Polygon","coordinates":[[[10.409877551020408,43.92440816326531],[10.437795918367346,43.92440816326531],[10.437795918367346,43.93461224489796],[10.409877551020408,43.93461224489796],[10.409877551020408,43.92440816326531]]]},"properties":{"name":"Pescaglia","minint_elettorale":"2090430220","minint_finloc":"3090430220","op_id":"4569","prov_name":"Lucca","prov_istat_code":"046","prov_istat_code_num":46,"prov_acr":"LU","reg_name":"Toscana","reg_istat_code":"09","reg_istat_code_num":9,"opdm_id":"4467","com_catasto_code":"G480","com_istat_code":"046022","com_istat_code_num":46022,"value":8.799052189153711,"_featureIdx":25,"_color":"#39a4d0"}},{"type":"Feature","geometry":{"type":"Polygon","coordinates":[[[10.437795918367346,43.92440816326531],[10.465714285714284,43.92440816326531],[10.465714285714284,43.93461224489796],[10.437795918367346,43.93461224489796],[10.437795918367346,43.92440816326531]]]},"properties":{"name":"Borgo a Mozzano","minint_finloc":"3090430040","minint_elettorale":"2090430040","op_id":"4551","prov_name":"Lucca","prov_istat_code":"046","prov_istat_code_num":46,"prov_acr":"LU","reg_name":"Toscana","reg_istat_code":"09","reg_istat_code_num":9,"opdm_id":"4451","com_catasto_code":"B007","com_istat_code":"046004","com_istat_code_num":46004,"value":18.297231616987762,"_featureIdx":15,"_color":"#7239d0"}},{"type":"Feature","geometry":{"type":"Polygon","coordinates":[[[10.465714285714284,43.92440816326531],[10.493632653061223,43.92440816326531],[10.493632653061223,43.93461224489796],[10.465714285714284,43.93461224489796],[10.465714285714284,43.92440816326531]]]},"properties":{"name":"Borgo a Mozzano","minint_finloc":"3090430040","minint_elettorale":"2090430040","op_id":"4551","prov_name":"Lucca","prov_istat_code":"046","prov_istat_code_num":46,"prov_acr":"LU","reg_name":"Toscana","reg_istat_code":"09","reg_istat_code_num":9,"opdm_id":"4451","com_catasto_code":"B007","com_istat_code":"046004","com_istat_code_num":46004,"value":18.297231616987762,"_featureIdx":15,"_color":"#7239d0"}},{"type":"Feature","geometry":{"type":"Polygon","coordinates":[[[10.38195918367347,43.93461224489796],[10.409877551020408,43.93461224489796],[10.409877551020408,43.94481632653061],[10.38195918367347,43.94481632653061],[10.38195918367347,43.93461224489796]]]},"properties":{"name":"Pescaglia","minint_elettorale":"2090430220","minint_finloc":"3090430220","op_id":"4569","prov_name":"Lucca","prov_istat_code":"046","prov_istat_code_num":46,"prov_acr":"LU","reg_name":"Toscana","reg_istat_code":"09","reg_istat_code_num":9,"opdm_id":"4467","com_catasto_code":"G480","com_istat_code":"046022","com_istat_code_num":46022,"value":8.799052189153711,"_featureIdx":25,"_color":"#39a4d0"}},{"type":"Feature","geometry":{"type":"Polygon","coordinates":[[[10.409877551020408,43.93461224489796],[10.437795918367346,43.93461224489796],[10.437795918367346,43.94481632653061],[10.409877551020408,43.94481632653061],[10.409877551020408,43.93461224489796]]]},"properties":{"name":"Pescaglia","minint_elettorale":"2090430220","minint_finloc":"3090430220","op_id":"4569","prov_name":"Lucca","prov_istat_code":"046","prov_istat_code_num":46,"prov_acr":"LU","reg_name":"Toscana","reg_istat_code":"09","reg_istat_code_num":9,"opdm_id":"4467","com_catasto_code":"G480","com_istat_code":"046022","com_istat_code_num":46022,"value":8.799052189153711,"_featureIdx":25,"_color":"#39a4d0"}},{"type":"Feature","geometry":{"type":"Polygon","coordinates":[[[10.437795918367346,43.93461224489796],[10.465714285714284,43.93461224489796],[10.465714285714284,43.94481632653061],[10.437795918367346,43.94481632653061],[10.437795918367346,43.93461224489796]]]},"properties":{"name":"Borgo a Mozzano","minint_finloc":"3090430040","minint_elettorale":"2090430040","op_id":"4551","prov_name":"Lucca","prov_istat_code":"046","prov_istat_code_num":46,"prov_acr":"LU","reg_name":"Toscana","reg_istat_code":"09","reg_istat_code_num":9,"opdm_id":"4451","com_catasto_code":"B007","com_istat_code":"046004","com_istat_code_num":46004,"value":18.297231616987762,"_featureIdx":15,"_color":"#7239d0"}},{"type":"Feature","geometry":{"type":"Polygon","coordinates":[[[10.465714285714284,43.93461224489796],[10.493632653061223,43.93461224489796],[10.493632653061223,43.94481632653061],[10.465714285714284,43.94481632653061],[10.465714285714284,43.93461224489796]]]},"properties":{"name":"Borgo a Mozzano","minint_finloc":"3090430040","minint_elettorale":"2090430040","op_id":"4551","prov_name":"Lucca","prov_istat_code":"046","prov_istat_code_num":46,"prov_acr":"LU","reg_name":"Toscana","reg_istat_code":"09","reg_istat_code_num":9,"opdm_id":"4451","com_catasto_code":"B007","com_istat_code":"046004","com_istat_code_num":46004,"value":18.297231616987762,"_featureIdx":15,"_color":"#7239d0"}},{"type":"Feature","geometry":{"type":"Polygon","coordinates":[[[10.35404081632653,43.94481632653061],[10.381959183673468,43.94481632653061],[10.381959183673468,43.955020408163264],[10.35404081632653,43.955020408163264],[10.35404081632653,43.94481632653061]]]},"properties":{"name":"Pescaglia","minint_elettorale":"2090430220","minint_finloc":"3090430220","op_id":"4569","prov_name":"Lucca","prov_istat_code":"046","prov_istat_code_num":46,"prov_acr":"LU","reg_name":"Toscana","reg_istat_code":"09","reg_istat_code_num":9,"opdm_id":"4467","com_catasto_code":"G480","com_istat_code":"046022","com_istat_code_num":46022,"value":8.799052189153711,"_featureIdx":25,"_color":"#39a4d0"}},{"type":"Feature","geometry":{"type":"Polygon","coordinates":[[[10.38195918367347,43.94481632653061],[10.409877551020408,43.94481632653061],[10.409877551020408,43.955020408163264],[10.38195918367347,43.955020408163264],[10.38195918367347,43.94481632653061]]]},"properties":{"name":"Pescaglia","minint_elettorale":"2090430220","minint_finloc":"3090430220","op_id":"4569","prov_name":"Lucca","prov_istat_code":"046","prov_istat_code_num":46,"prov_acr":"LU","reg_name":"Toscana","reg_istat_code":"09","reg_istat_code_num":9,"opdm_id":"4467","com_catasto_code":"G480","com_istat_code":"046022","com_istat_code_num":46022,"value":8.799052189153711,"_featureIdx":25,"_color":"#39a4d0"}},{"type":"Feature","geometry":{"type":"Polygon","coordinates":[[[10.409877551020408,43.94481632653061],[10.437795918367346,43.94481632653061],[10.437795918367346,43.955020408163264],[10.409877551020408,43.955020408163264],[10.409877551020408,43.94481632653061]]]},"properties":{"name":"Pescaglia","minint_elettorale":"2090430220","minint_finloc":"3090430220","op_id":"4569","prov_name":"Lucca","prov_istat_code":"046","prov_istat_code_num":46,"prov_acr":"LU","reg_name":"Toscana","reg_istat_code":"09","reg_istat_code_num":9,"opdm_id":"4467","com_catasto_code":"G480","com_istat_code":"046022","com_istat_code_num":46022,"value":8.799052189153711,"_featureIdx":25,"_color":"#39a4d0"}},{"type":"Feature","geometry":{"type":"Polygon","coordinates":[[[10.437795918367346,43.94481632653061],[10.465714285714284,43.94481632653061],[10.465714285714284,43.955020408163264],[10.437795918367346,43.955020408163264],[10.437795918367346,43.94481632653061]]]},"properties":{"name":"Pescaglia","minint_elettorale":"2090430220","minint_finloc":"3090430220","op_id":"4569","prov_name":"Lucca","prov_istat_code":"046","prov_istat_code_num":46,"prov_acr":"LU","reg_name":"Toscana","reg_istat_code":"09","reg_istat_code_num":9,"opdm_id":"4467","com_catasto_code":"G480","com_istat_code":"046022","com_istat_code_num":46022,"value":8.799052189153711,"_featureIdx":25,"_color":"#39a4d0"}},{"type":"Feature","geometry":{"type":"Polygon","coordinates":[[[10.465714285714284,43.94481632653061],[10.493632653061223,43.94481632653061],[10.493632653061223,43.955020408163264],[10.465714285714284,43.955020408163264],[10.465714285714284,43.94481632653061]]]},"properties":{"name":"Borgo a Mozzano","minint_finloc":"3090430040","minint_elettorale":"2090430040","op_id":"4551","prov_name":"Lucca","prov_istat_code":"046","prov_istat_code_num":46,"prov_acr":"LU","reg_name":"Toscana","reg_istat_code":"09","reg_istat_code_num":9,"opdm_id":"4451","com_catasto_code":"B007","com_istat_code":"046004","com_istat_code_num":46004,"value":18.297231616987762,"_featureIdx":15,"_color":"#7239d0"}},{"type":"Feature","geometry":{"type":"Polygon","coordinates":[[[10.521551020408163,43.94481632653061],[10.549469387755101,43.94481632653061],[10.549469387755101,43.955020408163264],[10.521551020408163,43.955020408163264],[10.521551020408163,43.94481632653061]]]},"properties":{"name":"Borgo a Mozzano","minint_finloc":"3090430040","minint_elettorale":"2090430040","op_id":"4551","prov_name":"Lucca","prov_istat_code":"046","prov_istat_code_num":46,"prov_acr":"LU","reg_name":"Toscana","reg_istat_code":"09","reg_istat_code_num":9,"opdm_id":"4451","com_catasto_code":"B007","com_istat_code":"046004","com_istat_code_num":46004,"value":18.297231616987762,"_featureIdx":15,"_color":"#7239d0"}},{"type":"Feature","geometry":{"type":"Polygon","coordinates":[[[10.549469387755101,43.94481632653061],[10.57738775510204,43.94481632653061],[10.57738775510204,43.955020408163264],[10.549469387755101,43.955020408163264],[10.549469387755101,43.94481632653061]]]},"properties":{"name":"Borgo a Mozzano","minint_finloc":"3090430040","minint_elettorale":"2090430040","op_id":"4551","prov_name":"Lucca","prov_istat_code":"046","prov_istat_code_num":46,"prov_acr":"LU","reg_name":"Toscana","reg_istat_code":"09","reg_istat_code_num":9,"opdm_id":"4451","com_catasto_code":"B007","com_istat_code":"046004","com_istat_code_num":46004,"value":18.297231616987762,"_featureIdx":15,"_color":"#7239d0"}},{"type":"Feature","geometry":{"type":"Polygon","coordinates":[[[10.35404081632653,43.95502040816327],[10.381959183673468,43.95502040816327],[10.381959183673468,43.96522448979592],[10.35404081632653,43.96522448979592],[10.35404081632653,43.95502040816327]]]},"properties":{"name":"Pescaglia","minint_elettorale":"2090430220","minint_finloc":"3090430220","op_id":"4569","prov_name":"Lucca","prov_istat_code":"046","prov_istat_code_num":46,"prov_acr":"LU","reg_name":"Toscana","reg_istat_code":"09","reg_istat_code_num":9,"opdm_id":"4467","com_catasto_code":"G480","com_istat_code":"046022","com_istat_code_num":46022,"value":8.799052189153711,"_featureIdx":25,"_color":"#39a4d0"}},{"type":"Feature","geometry":{"type":"Polygon","coordinates":[[[10.38195918367347,43.95502040816327],[10.409877551020408,43.95502040816327],[10.409877551020408,43.96522448979592],[10.38195918367347,43.96522448979592],[10.38195918367347,43.95502040816327]]]},"properties":{"name":"Pescaglia","minint_elettorale":"2090430220","minint_finloc":"3090430220","op_id":"4569","prov_name":"Lucca","prov_istat_code":"046","prov_istat_code_num":46,"prov_acr":"LU","reg_name":"Toscana","reg_istat_code":"09","reg_istat_code_num":9,"opdm_id":"4467","com_catasto_code":"G480","com_istat_code":"046022","com_istat_code_num":46022,"value":8.799052189153711,"_featureIdx":25,"_color":"#39a4d0"}},{"type":"Feature","geometry":{"type":"Polygon","coordinates":[[[10.409877551020408,43.95502040816327],[10.437795918367346,43.95502040816327],[10.437795918367346,43.96522448979592],[10.409877551020408,43.96522448979592],[10.409877551020408,43.95502040816327]]]},"properties":{"name":"Pescaglia","minint_elettorale":"2090430220","minint_finloc":"3090430220","op_id":"4569","prov_name":"Lucca","prov_istat_code":"046","prov_istat_code_num":46,"prov_acr":"LU","reg_name":"Toscana","reg_istat_code":"09","reg_istat_code_num":9,"opdm_id":"4467","com_catasto_code":"G480","com_istat_code":"046022","com_istat_code_num":46022,"value":8.799052189153711,"_featureIdx":25,"_color":"#39a4d0"}},{"type":"Feature","geometry":{"type":"Polygon","coordinates":[[[10.437795918367346,43.95502040816327],[10.465714285714284,43.95502040816327],[10.465714285714284,43.96522448979592],[10.437795918367346,43.96522448979592],[10.437795918367346,43.95502040816327]]]},"properties":{"name":"Pescaglia","minint_elettorale":"2090430220","minint_finloc":"3090430220","op_id":"4569","prov_name":"Lucca","prov_istat_code":"046","prov_istat_code_num":46,"prov_acr":"LU","reg_name":"Toscana","reg_istat_code":"09","reg_istat_code_num":9,"opdm_id":"4467","com_catasto_code":"G480","com_istat_code":"046022","com_istat_code_num":46022,"value":8.799052189153711,"_featureIdx":25,"_color":"#39a4d0"}},{"type":"Feature","geometry":{"type":"Polygon","coordinates":[[[10.465714285714284,43.95502040816327],[10.493632653061223,43.95502040816327],[10.493632653061223,43.96522448979592],[10.465714285714284,43.96522448979592],[10.465714285714284,43.95502040816327]]]},"properties":{"name":"Borgo a Mozzano","minint_finloc":"3090430040","minint_elettorale":"2090430040","op_id":"4551","prov_name":"Lucca","prov_istat_code":"046","prov_istat_code_num":46,"prov_acr":"LU","reg_name":"Toscana","reg_istat_code":"09","reg_istat_code_num":9,"opdm_id":"4451","com_catasto_code":"B007","com_istat_code":"046004","com_istat_code_num":46004,"value":18.297231616987762,"_featureIdx":15,"_color":"#7239d0"}},{"type":"Feature","geometry":{"type":"Polygon","coordinates":[[[10.493632653061225,43.95502040816327],[10.521551020408163,43.95502040816327],[10.521551020408163,43.96522448979592],[10.493632653061225,43.96522448979592],[10.493632653061225,43.95502040816327]]]},"properties":{"name":"Borgo a Mozzano","minint_finloc":"3090430040","minint_elettorale":"2090430040","op_id":"4551","prov_name":"Lucca","prov_istat_code":"046","prov_istat_code_num":46,"prov_acr":"LU","reg_name":"Toscana","reg_istat_code":"09","reg_istat_code_num":9,"opdm_id":"4451","com_catasto_code":"B007","com_istat_code":"046004","com_istat_code_num":46004,"value":18.297231616987762,"_featureIdx":15,"_color":"#7239d0"}},{"type":"Feature","geometry":{"type":"Polygon","coordinates":[[[10.521551020408163,43.95502040816327],[10.549469387755101,43.95502040816327],[10.549469387755101,43.96522448979592],[10.521551020408163,43.96522448979592],[10.521551020408163,43.95502040816327]]]},"properties":{"name":"Borgo a Mozzano","minint_finloc":"3090430040","minint_elettorale":"2090430040","op_id":"4551","prov_name":"Lucca","prov_istat_code":"046","prov_istat_code_num":46,"prov_acr":"LU","reg_name":"Toscana","reg_istat_code":"09","reg_istat_code_num":9,"opdm_id":"4451","com_catasto_code":"B007","com_istat_code":"046004","com_istat_code_num":46004,"value":18.297231616987762,"_featureIdx":15,"_color":"#7239d0"}},{"type":"Feature","geometry":{"type":"Polygon","coordinates":[[[10.549469387755101,43.95502040816327],[10.57738775510204,43.95502040816327],[10.57738775510204,43.96522448979592],[10.549469387755101,43.96522448979592],[10.549469387755101,43.95502040816327]]]},"properties":{"name":"Borgo a Mozzano","minint_finloc":"3090430040","minint_elettorale":"2090430040","op_id":"4551","prov_name":"Lucca","prov_istat_code":"046","prov_istat_code_num":46,"prov_acr":"LU","reg_name":"Toscana","reg_istat_code":"09","reg_istat_code_num":9,"opdm_id":"4451","com_catasto_code":"B007","com_istat_code":"046004","com_istat_code_num":46004,"value":18.297231616987762,"_featureIdx":15,"_color":"#7239d0"}},{"type":"Feature","geometry":{"type":"Polygon","coordinates":[[[10.577387755102041,43.95502040816327],[10.60530612244898,43.95502040816327],[10.60530612244898,43.96522448979592],[10.577387755102041,43.96522448979592],[10.577387755102041,43.95502040816327]]]},"properties":{"name":"Bagni di Lucca","minint_elettorale":"2090430020","minint_finloc":"3090430020","op_id":"4549","prov_name":"Lucca","prov_istat_code":"046","prov_istat_code_num":46,"prov_acr":"LU","reg_name":"Toscana","reg_istat_code":"09","reg_istat_code_num":9,"opdm_id":"4449","com_catasto_code":"A560","com_istat_code":"046002","com_istat_code_num":46002,"value":29.50083107017074,"_featureIdx":13,"_color":"#d03958"}},{"type":"Feature","geometry":{"type":"Polygon","coordinates":[[[10.35404081632653,43.96522448979592],[10.381959183673468,43.96522448979592],[10.381959183673468,43.97542857142857],[10.35404081632653,43.97542857142857],[10.35404081632653,43.96522448979592]]]},"properties":{"name":"Pescaglia","minint_elettorale":"2090430220","minint_finloc":"3090430220","op_id":"4569","prov_name":"Lucca","prov_istat_code":"046","prov_istat_code_num":46,"prov_acr":"LU","reg_name":"Toscana","reg_istat_code":"09","reg_istat_code_num":9,"opdm_id":"4467","com_catasto_code":"G480","com_istat_code":"046022","com_istat_code_num":46022,"value":8.799052189153711,"_featureIdx":25,"_color":"#39a4d0"}},{"type":"Feature","geometry":{"type":"Polygon","coordinates":[[[10.38195918367347,43.96522448979592],[10.409877551020408,43.96522448979592],[10.409877551020408,43.97542857142857],[10.38195918367347,43.97542857142857],[10.38195918367347,43.96522448979592]]]},"properties":{"name":"Pescaglia","minint_elettorale":"2090430220","minint_finloc":"3090430220","op_id":"4569","prov_name":"Lucca","prov_istat_code":"046","prov_istat_code_num":46,"prov_acr":"LU","reg_name":"Toscana","reg_istat_code":"09","reg_istat_code_num":9,"opdm_id":"4467","com_catasto_code":"G480","com_istat_code":"046022","com_istat_code_num":46022,"value":8.799052189153711,"_featureIdx":25,"_color":"#39a4d0"}},{"type":"Feature","geometry":{"type":"Polygon","coordinates":[[[10.409877551020408,43.96522448979592],[10.437795918367346,43.96522448979592],[10.437795918367346,43.97542857142857],[10.409877551020408,43.97542857142857],[10.409877551020408,43.96522448979592]]]},"properties":{"name":"Pescaglia","minint_elettorale":"2090430220","minint_finloc":"3090430220","op_id":"4569","prov_name":"Lucca","prov_istat_code":"046","prov_istat_code_num":46,"prov_acr":"LU","reg_name":"Toscana","reg_istat_code":"09","reg_istat_code_num":9,"opdm_id":"4467","com_catasto_code":"G480","com_istat_code":"046022","com_istat_code_num":46022,"value":8.799052189153711,"_featureIdx":25,"_color":"#39a4d0"}},{"type":"Feature","geometry":{"type":"Polygon","coordinates":[[[10.437795918367346,43.96522448979592],[10.465714285714284,43.96522448979592],[10.465714285714284,43.97542857142857],[10.437795918367346,43.97542857142857],[10.437795918367346,43.96522448979592]]]},"properties":{"name":"Pescaglia","minint_elettorale":"2090430220","minint_finloc":"3090430220","op_id":"4569","prov_name":"Lucca","prov_istat_code":"046","prov_istat_code_num":46,"prov_acr":"LU","reg_name":"Toscana","reg_istat_code":"09","reg_istat_code_num":9,"opdm_id":"4467","com_catasto_code":"G480","com_istat_code":"046022","com_istat_code_num":46022,"value":8.799052189153711,"_featureIdx":25,"_color":"#39a4d0"}},{"type":"Feature","geometry":{"type":"Polygon","coordinates":[[[10.465714285714284,43.96522448979592],[10.493632653061223,43.96522448979592],[10.493632653061223,43.97542857142857],[10.465714285714284,43.97542857142857],[10.465714285714284,43.96522448979592]]]},"properties":{"name":"Pescaglia","minint_elettorale":"2090430220","minint_finloc":"3090430220","op_id":"4569","prov_name":"Lucca","prov_istat_code":"046","prov_istat_code_num":46,"prov_acr":"LU","reg_name":"Toscana","reg_istat_code":"09","reg_istat_code_num":9,"opdm_id":"4467","com_catasto_code":"G480","com_istat_code":"046022","com_istat_code_num":46022,"value":8.799052189153711,"_featureIdx":25,"_color":"#39a4d0"}},{"type":"Feature","geometry":{"type":"Polygon","coordinates":[[[10.493632653061225,43.96522448979592],[10.521551020408163,43.96522448979592],[10.521551020408163,43.97542857142857],[10.493632653061225,43.97542857142857],[10.493632653061225,43.96522448979592]]]},"properties":{"name":"Borgo a Mozzano","minint_finloc":"3090430040","minint_elettorale":"2090430040","op_id":"4551","prov_name":"Lucca","prov_istat_code":"046","prov_istat_code_num":46,"prov_acr":"LU","reg_name":"Toscana","reg_istat_code":"09","reg_istat_code_num":9,"opdm_id":"4451","com_catasto_code":"B007","com_istat_code":"046004","com_istat_code_num":46004,"value":18.297231616987762,"_featureIdx":15,"_color":"#7239d0"}},{"type":"Feature","geometry":{"type":"Polygon","coordinates":[[[10.521551020408163,43.96522448979592],[10.549469387755101,43.96522448979592],[10.549469387755101,43.97542857142857],[10.521551020408163,43.97542857142857],[10.521551020408163,43.96522448979592]]]},"properties":{"name":"Borgo a Mozzano","minint_finloc":"3090430040","minint_elettorale":"2090430040","op_id":"4551","prov_name":"Lucca","prov_istat_code":"046","prov_istat_code_num":46,"prov_acr":"LU","reg_name":"Toscana","reg_istat_code":"09","reg_istat_code_num":9,"opdm_id":"4451","com_catasto_code":"B007","com_istat_code":"046004","com_istat_code_num":46004,"value":18.297231616987762,"_featureIdx":15,"_color":"#7239d0"}},{"type":"Feature","geometry":{"type":"Polygon","coordinates":[[[10.549469387755101,43.96522448979592],[10.57738775510204,43.96522448979592],[10.57738775510204,43.97542857142857],[10.549469387755101,43.97542857142857],[10.549469387755101,43.96522448979592]]]},"properties":{"name":"Borgo a Mozzano","minint_finloc":"3090430040","minint_elettorale":"2090430040","op_id":"4551","prov_name":"Lucca","prov_istat_code":"046","prov_istat_code_num":46,"prov_acr":"LU","reg_name":"Toscana","reg_istat_code":"09","reg_istat_code_num":9,"opdm_id":"4451","com_catasto_code":"B007","com_istat_code":"046004","com_istat_code_num":46004,"value":18.297231616987762,"_featureIdx":15,"_color":"#7239d0"}},{"type":"Feature","geometry":{"type":"Polygon","coordinates":[[[10.577387755102041,43.96522448979592],[10.60530612244898,43.96522448979592],[10.60530612244898,43.97542857142857],[10.577387755102041,43.97542857142857],[10.577387755102041,43.96522448979592]]]},"properties":{"name":"Bagni di Lucca","minint_elettorale":"2090430020","minint_finloc":"3090430020","op_id":"4549","prov_name":"Lucca","prov_istat_code":"046","prov_istat_code_num":46,"prov_acr":"LU","reg_name":"Toscana","reg_istat_code":"09","reg_istat_code_num":9,"opdm_id":"4449","com_catasto_code":"A560","com_istat_code":"046002","com_istat_code_num":46002,"value":29.50083107017074,"_featureIdx":13,"_color":"#d03958"}},{"type":"Feature","geometry":{"type":"Polygon","coordinates":[[[10.35404081632653,43.97542857142857],[10.381959183673468,43.97542857142857],[10.381959183673468,43.985632653061224],[10.35404081632653,43.985632653061224],[10.35404081632653,43.97542857142857]]]},"properties":{"name":"Pescaglia","minint_elettorale":"2090430220","minint_finloc":"3090430220","op_id":"4569","prov_name":"Lucca","prov_istat_code":"046","prov_istat_code_num":46,"prov_acr":"LU","reg_name":"Toscana","reg_istat_code":"09","reg_istat_code_num":9,"opdm_id":"4467","com_catasto_code":"G480","com_istat_code":"046022","com_istat_code_num":46022,"value":8.799052189153711,"_featureIdx":25,"_color":"#39a4d0"}},{"type":"Feature","geometry":{"type":"Polygon","coordinates":[[[10.38195918367347,43.97542857142857],[10.409877551020408,43.97542857142857],[10.409877551020408,43.985632653061224],[10.38195918367347,43.985632653061224],[10.38195918367347,43.97542857142857]]]},"properties":{"name":"Pescaglia","minint_elettorale":"2090430220","minint_finloc":"3090430220","op_id":"4569","prov_name":"Lucca","prov_istat_code":"046","prov_istat_code_num":46,"prov_acr":"LU","reg_name":"Toscana","reg_istat_code":"09","reg_istat_code_num":9,"opdm_id":"4467","com_catasto_code":"G480","com_istat_code":"046022","com_istat_code_num":46022,"value":8.799052189153711,"_featureIdx":25,"_color":"#39a4d0"}},{"type":"Feature","geometry":{"type":"Polygon","coordinates":[[[10.409877551020408,43.97542857142857],[10.437795918367346,43.97542857142857],[10.437795918367346,43.985632653061224],[10.409877551020408,43.985632653061224],[10.409877551020408,43.97542857142857]]]},"properties":{"name":"Pescaglia","minint_elettorale":"2090430220","minint_finloc":"3090430220","op_id":"4569","prov_name":"Lucca","prov_istat_code":"046","prov_istat_code_num":46,"prov_acr":"LU","reg_name":"Toscana","reg_istat_code":"09","reg_istat_code_num":9,"opdm_id":"4467","com_catasto_code":"G480","com_istat_code":"046022","com_istat_code_num":46022,"value":8.799052189153711,"_featureIdx":25,"_color":"#39a4d0"}},{"type":"Feature","geometry":{"type":"Polygon","coordinates":[[[10.437795918367346,43.97542857142857],[10.465714285714284,43.97542857142857],[10.465714285714284,43.985632653061224],[10.437795918367346,43.985632653061224],[10.437795918367346,43.97542857142857]]]},"properties":{"name":"Pescaglia","minint_elettorale":"2090430220","minint_finloc":"3090430220","op_id":"4569","prov_name":"Lucca","prov_istat_code":"046","prov_istat_code_num":46,"prov_acr":"LU","reg_name":"Toscana","reg_istat_code":"09","reg_istat_code_num":9,"opdm_id":"4467","com_catasto_code":"G480","com_istat_code":"046022","com_istat_code_num":46022,"value":8.799052189153711,"_featureIdx":25,"_color":"#39a4d0"}},{"type":"Feature","geometry":{"type":"Polygon","coordinates":[[[10.465714285714284,43.97542857142857],[10.493632653061223,43.97542857142857],[10.493632653061223,43.985632653061224],[10.465714285714284,43.985632653061224],[10.465714285714284,43.97542857142857]]]},"properties":{"name":"Pescaglia","minint_elettorale":"2090430220","minint_finloc":"3090430220","op_id":"4569","prov_name":"Lucca","prov_istat_code":"046","prov_istat_code_num":46,"prov_acr":"LU","reg_name":"Toscana","reg_istat_code":"09","reg_istat_code_num":9,"opdm_id":"4467","com_catasto_code":"G480","com_istat_code":"046022","com_istat_code_num":46022,"value":8.799052189153711,"_featureIdx":25,"_color":"#39a4d0"}},{"type":"Feature","geometry":{"type":"Polygon","coordinates":[[[10.493632653061225,43.97542857142857],[10.521551020408163,43.97542857142857],[10.521551020408163,43.985632653061224],[10.493632653061225,43.985632653061224],[10.493632653061225,43.97542857142857]]]},"properties":{"name":"Borgo a Mozzano","minint_finloc":"3090430040","minint_elettorale":"2090430040","op_id":"4551","prov_name":"Lucca","prov_istat_code":"046","prov_istat_code_num":46,"prov_acr":"LU","reg_name":"Toscana","reg_istat_code":"09","reg_istat_code_num":9,"opdm_id":"4451","com_catasto_code":"B007","com_istat_code":"046004","com_istat_code_num":46004,"value":18.297231616987762,"_featureIdx":15,"_color":"#7239d0"}},{"type":"Feature","geometry":{"type":"Polygon","coordinates":[[[10.521551020408163,43.97542857142857],[10.549469387755101,43.97542857142857],[10.549469387755101,43.985632653061224],[10.521551020408163,43.985632653061224],[10.521551020408163,43.97542857142857]]]},"properties":{"name":"Borgo a Mozzano","minint_finloc":"3090430040","minint_elettorale":"2090430040","op_id":"4551","prov_name":"Lucca","prov_istat_code":"046","prov_istat_code_num":46,"prov_acr":"LU","reg_name":"Toscana","reg_istat_code":"09","reg_istat_code_num":9,"opdm_id":"4451","com_catasto_code":"B007","com_istat_code":"046004","com_istat_code_num":46004,"value":18.297231616987762,"_featureIdx":15,"_color":"#7239d0"}},{"type":"Feature","geometry":{"type":"Polygon","coordinates":[[[10.549469387755101,43.97542857142857],[10.57738775510204,43.97542857142857],[10.57738775510204,43.985632653061224],[10.549469387755101,43.985632653061224],[10.549469387755101,43.97542857142857]]]},"properties":{"name":"Borgo a Mozzano","minint_finloc":"3090430040","minint_elettorale":"2090430040","op_id":"4551","prov_name":"Lucca","prov_istat_code":"046","prov_istat_code_num":46,"prov_acr":"LU","reg_name":"Toscana","reg_istat_code":"09","reg_istat_code_num":9,"opdm_id":"4451","com_catasto_code":"B007","com_istat_code":"046004","com_istat_code_num":46004,"value":18.297231616987762,"_featureIdx":15,"_color":"#7239d0"}},{"type":"Feature","geometry":{"type":"Polygon","coordinates":[[[10.577387755102041,43.97542857142857],[10.60530612244898,43.97542857142857],[10.60530612244898,43.985632653061224],[10.577387755102041,43.985632653061224],[10.577387755102041,43.97542857142857]]]},"properties":{"name":"Bagni di Lucca","minint_elettorale":"2090430020","minint_finloc":"3090430020","op_id":"4549","prov_name":"Lucca","prov_istat_code":"046","prov_istat_code_num":46,"prov_acr":"LU","reg_name":"Toscana","reg_istat_code":"09","reg_istat_code_num":9,"opdm_id":"4449","com_catasto_code":"A560","com_istat_code":"046002","com_istat_code_num":46002,"value":29.50083107017074,"_featureIdx":13,"_color":"#d03958"}},{"type":"Feature","geometry":{"type":"Polygon","coordinates":[[[10.60530612244898,43.97542857142857],[10.633224489795918,43.97542857142857],[10.633224489795918,43.985632653061224],[10.60530612244898,43.985632653061224],[10.60530612244898,43.97542857142857]]]},"properties":{"name":"Bagni di Lucca","minint_elettorale":"2090430020","minint_finloc":"3090430020","op_id":"4549","prov_name":"Lucca","prov_istat_code":"046","prov_istat_code_num":46,"prov_acr":"LU","reg_name":"Toscana","reg_istat_code":"09","reg_istat_code_num":9,"opdm_id":"4449","com_catasto_code":"A560","com_istat_code":"046002","com_istat_code_num":46002,"value":29.50083107017074,"_featureIdx":13,"_color":"#d03958"}},{"type":"Feature","geometry":{"type":"Polygon","coordinates":[[[10.716979591836735,43.97542857142857],[10.744897959183673,43.97542857142857],[10.744897959183673,43.985632653061224],[10.716979591836735,43.985632653061224],[10.716979591836735,43.97542857142857]]]},"properties":{"name":"San Marcello Piteglio","minint_elettorale":"2090630185","op_id":"8305","prov_name":"Pistoia","prov_istat_code":"047","prov_istat_code_num":47,"prov_acr":"PT","reg_name":"Toscana","reg_istat_code":"09","reg_istat_code_num":9,"opdm_id":"4500","com_catasto_code":"M377","com_istat_code":"047024","com_istat_code_num":47024,"value":59.15588707851101,"_featureIdx":34,"_color":"#d03945"}},{"type":"Feature","geometry":{"type":"Polygon","coordinates":[[[10.744897959183673,43.97542857142857],[10.772816326530611,43.97542857142857],[10.772816326530611,43.985632653061224],[10.744897959183673,43.985632653061224],[10.744897959183673,43.97542857142857]]]},"properties":{"name":"San Marcello Piteglio","minint_elettorale":"2090630185","op_id":"8305","prov_name":"Pistoia","prov_istat_code":"047","prov_istat_code_num":47,"prov_acr":"PT","reg_name":"Toscana","reg_istat_code":"09","reg_istat_code_num":9,"opdm_id":"4500","com_catasto_code":"M377","com_istat_code":"047024","com_istat_code_num":47024,"value":59.15588707851101,"_featureIdx":34,"_color":"#d03945"}},{"type":"Feature","geometry":{"type":"Polygon","coordinates":[[[10.772816326530611,43.97542857142857],[10.80073469387755,43.97542857142857],[10.80073469387755,43.985632653061224],[10.772816326530611,43.985632653061224],[10.772816326530611,43.97542857142857]]]},"properties":{"name":"San Marcello Piteglio","minint_elettorale":"2090630185","op_id":"8305","prov_name":"Pistoia","prov_istat_code":"047","prov_istat_code_num":47,"prov_acr":"PT","reg_name":"Toscana","reg_istat_code":"09","reg_istat_code_num":9,"opdm_id":"4500","com_catasto_code":"M377","com_istat_code":"047024","com_istat_code_num":47024,"value":59.15588707851101,"_featureIdx":34,"_color":"#d03945"}},{"type":"Feature","geometry":{"type":"Polygon","coordinates":[[[10.35404081632653,43.98563265306123],[10.381959183673468,43.98563265306123],[10.381959183673468,43.99583673469388],[10.35404081632653,43.99583673469388],[10.35404081632653,43.98563265306123]]]},"properties":{"name":"Pescaglia","minint_elettorale":"2090430220","minint_finloc":"3090430220","op_id":"4569","prov_name":"Lucca","prov_istat_code":"046","prov_istat_code_num":46,"prov_acr":"LU","reg_name":"Toscana","reg_istat_code":"09","reg_istat_code_num":9,"opdm_id":"4467","com_catasto_code":"G480","com_istat_code":"046022","com_istat_code_num":46022,"value":8.799052189153711,"_featureIdx":25,"_color":"#39a4d0"}},{"type":"Feature","geometry":{"type":"Polygon","coordinates":[[[10.38195918367347,43.98563265306123],[10.409877551020408,43.98563265306123],[10.409877551020408,43.99583673469388],[10.38195918367347,43.99583673469388],[10.38195918367347,43.98563265306123]]]},"properties":{"name":"Pescaglia","minint_elettorale":"2090430220","minint_finloc":"3090430220","op_id":"4569","prov_name":"Lucca","prov_istat_code":"046","prov_istat_code_num":46,"prov_acr":"LU","reg_name":"Toscana","reg_istat_code":"09","reg_istat_code_num":9,"opdm_id":"4467","com_catasto_code":"G480","com_istat_code":"046022","com_istat_code_num":46022,"value":8.799052189153711,"_featureIdx":25,"_color":"#39a4d0"}},{"type":"Feature","geometry":{"type":"Polygon","coordinates":[[[10.409877551020408,43.98563265306123],[10.437795918367346,43.98563265306123],[10.437795918367346,43.99583673469388],[10.409877551020408,43.99583673469388],[10.409877551020408,43.98563265306123]]]},"properties":{"name":"Pescaglia","minint_elettorale":"2090430220","minint_finloc":"3090430220","op_id":"4569","prov_name":"Lucca","prov_istat_code":"046","prov_istat_code_num":46,"prov_acr":"LU","reg_name":"Toscana","reg_istat_code":"09","reg_istat_code_num":9,"opdm_id":"4467","com_catasto_code":"G480","com_istat_code":"046022","com_istat_code_num":46022,"value":8.799052189153711,"_featureIdx":25,"_color":"#39a4d0"}},{"type":"Feature","geometry":{"type":"Polygon","coordinates":[[[10.437795918367346,43.98563265306123],[10.465714285714284,43.98563265306123],[10.465714285714284,43.99583673469388],[10.437795918367346,43.99583673469388],[10.437795918367346,43.98563265306123]]]},"properties":{"name":"Pescaglia","minint_elettorale":"2090430220","minint_finloc":"3090430220","op_id":"4569","prov_name":"Lucca","prov_istat_code":"046","prov_istat_code_num":46,"prov_acr":"LU","reg_name":"Toscana","reg_istat_code":"09","reg_istat_code_num":9,"opdm_id":"4467","com_catasto_code":"G480","com_istat_code":"046022","com_istat_code_num":46022,"value":8.799052189153711,"_featureIdx":25,"_color":"#39a4d0"}},{"type":"Feature","geometry":{"type":"Polygon","coordinates":[[[10.465714285714284,43.98563265306123],[10.493632653061223,43.98563265306123],[10.493632653061223,43.99583673469388],[10.465714285714284,43.99583673469388],[10.465714285714284,43.98563265306123]]]},"properties":{"name":"Pescaglia","minint_elettorale":"2090430220","minint_finloc":"3090430220","op_id":"4569","prov_name":"Lucca","prov_istat_code":"046","prov_istat_code_num":46,"prov_acr":"LU","reg_name":"Toscana","reg_istat_code":"09","reg_istat_code_num":9,"opdm_id":"4467","com_catasto_code":"G480","com_istat_code":"046022","com_istat_code_num":46022,"value":8.799052189153711,"_featureIdx":25,"_color":"#39a4d0"}},{"type":"Feature","geometry":{"type":"Polygon","coordinates":[[[10.493632653061225,43.98563265306123],[10.521551020408163,43.98563265306123],[10.521551020408163,43.99583673469388],[10.493632653061225,43.99583673469388],[10.493632653061225,43.98563265306123]]]},"properties":{"name":"Borgo a Mozzano","minint_finloc":"3090430040","minint_elettorale":"2090430040","op_id":"4551","prov_name":"Lucca","prov_istat_code":"046","prov_istat_code_num":46,"prov_acr":"LU","reg_name":"Toscana","reg_istat_code":"09","reg_istat_code_num":9,"opdm_id":"4451","com_catasto_code":"B007","com_istat_code":"046004","com_istat_code_num":46004,"value":18.297231616987762,"_featureIdx":15,"_color":"#7239d0"}},{"type":"Feature","geometry":{"type":"Polygon","coordinates":[[[10.521551020408163,43.98563265306123],[10.549469387755101,43.98563265306123],[10.549469387755101,43.99583673469388],[10.521551020408163,43.99583673469388],[10.521551020408163,43.98563265306123]]]},"properties":{"name":"Borgo a Mozzano","minint_finloc":"3090430040","minint_elettorale":"2090430040","op_id":"4551","prov_name":"Lucca","prov_istat_code":"046","prov_istat_code_num":46,"prov_acr":"LU","reg_name":"Toscana","reg_istat_code":"09","reg_istat_code_num":9,"opdm_id":"4451","com_catasto_code":"B007","com_istat_code":"046004","com_istat_code_num":46004,"value":18.297231616987762,"_featureIdx":15,"_color":"#7239d0"}},{"type":"Feature","geometry":{"type":"Polygon","coordinates":[[[10.549469387755101,43.98563265306123],[10.57738775510204,43.98563265306123],[10.57738775510204,43.99583673469388],[10.549469387755101,43.99583673469388],[10.549469387755101,43.98563265306123]]]},"properties":{"name":"Borgo a Mozzano","minint_finloc":"3090430040","minint_elettorale":"2090430040","op_id":"4551","prov_name":"Lucca","prov_istat_code":"046","prov_istat_code_num":46,"prov_acr":"LU","reg_name":"Toscana","reg_istat_code":"09","reg_istat_code_num":9,"opdm_id":"4451","com_catasto_code":"B007","com_istat_code":"046004","com_istat_code_num":46004,"value":18.297231616987762,"_featureIdx":15,"_color":"#7239d0"}},{"type":"Feature","geometry":{"type":"Polygon","coordinates":[[[10.577387755102041,43.98563265306123],[10.60530612244898,43.98563265306123],[10.60530612244898,43.99583673469388],[10.577387755102041,43.99583673469388],[10.577387755102041,43.98563265306123]]]},"properties":{"name":"Bagni di Lucca","minint_elettorale":"2090430020","minint_finloc":"3090430020","op_id":"4549","prov_name":"Lucca","prov_istat_code":"046","prov_istat_code_num":46,"prov_acr":"LU","reg_name":"Toscana","reg_istat_code":"09","reg_istat_code_num":9,"opdm_id":"4449","com_catasto_code":"A560","com_istat_code":"046002","com_istat_code_num":46002,"value":29.50083107017074,"_featureIdx":13,"_color":"#d03958"}},{"type":"Feature","geometry":{"type":"Polygon","coordinates":[[[10.60530612244898,43.98563265306123],[10.633224489795918,43.98563265306123],[10.633224489795918,43.99583673469388],[10.60530612244898,43.99583673469388],[10.60530612244898,43.98563265306123]]]},"properties":{"name":"Bagni di Lucca","minint_elettorale":"2090430020","minint_finloc":"3090430020","op_id":"4549","prov_name":"Lucca","prov_istat_code":"046","prov_istat_code_num":46,"prov_acr":"LU","reg_name":"Toscana","reg_istat_code":"09","reg_istat_code_num":9,"opdm_id":"4449","com_catasto_code":"A560","com_istat_code":"046002","com_istat_code_num":46002,"value":29.50083107017074,"_featureIdx":13,"_color":"#d03958"}},{"type":"Feature","geometry":{"type":"Polygon","coordinates":[[[10.633224489795918,43.98563265306123],[10.661142857142856,43.98563265306123],[10.661142857142856,43.99583673469388],[10.633224489795918,43.99583673469388],[10.633224489795918,43.98563265306123]]]},"properties":{"name":"Bagni di Lucca","minint_elettorale":"2090430020","minint_finloc":"3090430020","op_id":"4549","prov_name":"Lucca","prov_istat_code":"046","prov_istat_code_num":46,"prov_acr":"LU","reg_name":"Toscana","reg_istat_code":"09","reg_istat_code_num":9,"opdm_id":"4449","com_catasto_code":"A560","com_istat_code":"046002","com_istat_code_num":46002,"value":29.50083107017074,"_featureIdx":13,"_color":"#d03958"}},{"type":"Feature","geometry":{"type":"Polygon","coordinates":[[[10.661142857142856,43.98563265306123],[10.689061224489794,43.98563265306123],[10.689061224489794,43.99583673469388],[10.661142857142856,43.99583673469388],[10.661142857142856,43.98563265306123]]]},"properties":{"name":"Bagni di Lucca","minint_elettorale":"2090430020","minint_finloc":"3090430020","op_id":"4549","prov_name":"Lucca","prov_istat_code":"046","prov_istat_code_num":46,"prov_acr":"LU","reg_name":"Toscana","reg_istat_code":"09","reg_istat_code_num":9,"opdm_id":"4449","com_catasto_code":"A560","com_istat_code":"046002","com_istat_code_num":46002,"value":29.50083107017074,"_featureIdx":13,"_color":"#d03958"}},{"type":"Feature","geometry":{"type":"Polygon","coordinates":[[[10.716979591836735,43.98563265306123],[10.744897959183673,43.98563265306123],[10.744897959183673,43.99583673469388],[10.716979591836735,43.99583673469388],[10.716979591836735,43.98563265306123]]]},"properties":{"name":"San Marcello Piteglio","minint_elettorale":"2090630185","op_id":"8305","prov_name":"Pistoia","prov_istat_code":"047","prov_istat_code_num":47,"prov_acr":"PT","reg_name":"Toscana","reg_istat_code":"09","reg_istat_code_num":9,"opdm_id":"4500","com_catasto_code":"M377","com_istat_code":"047024","com_istat_code_num":47024,"value":59.15588707851101,"_featureIdx":34,"_color":"#d03945"}},{"type":"Feature","geometry":{"type":"Polygon","coordinates":[[[10.744897959183673,43.98563265306123],[10.772816326530611,43.98563265306123],[10.772816326530611,43.99583673469388],[10.744897959183673,43.99583673469388],[10.744897959183673,43.98563265306123]]]},"properties":{"name":"San Marcello Piteglio","minint_elettorale":"2090630185","op_id":"8305","prov_name":"Pistoia","prov_istat_code":"047","prov_istat_code_num":47,"prov_acr":"PT","reg_name":"Toscana","reg_istat_code":"09","reg_istat_code_num":9,"opdm_id":"4500","com_catasto_code":"M377","com_istat_code":"047024","com_istat_code_num":47024,"value":59.15588707851101,"_featureIdx":34,"_color":"#d03945"}},{"type":"Feature","geometry":{"type":"Polygon","coordinates":[[[10.772816326530611,43.98563265306123],[10.80073469387755,43.98563265306123],[10.80073469387755,43.99583673469388],[10.772816326530611,43.99583673469388],[10.772816326530611,43.98563265306123]]]},"properties":{"name":"San Marcello Piteglio","minint_elettorale":"2090630185","op_id":"8305","prov_name":"Pistoia","prov_istat_code":"047","prov_istat_code_num":47,"prov_acr":"PT","reg_name":"Toscana","reg_istat_code":"09","reg_istat_code_num":9,"opdm_id":"4500","com_catasto_code":"M377","com_istat_code":"047024","com_istat_code_num":47024,"value":59.15588707851101,"_featureIdx":34,"_color":"#d03945"}},{"type":"Feature","geometry":{"type":"Polygon","coordinates":[[[10.38195918367347,43.99583673469388],[10.409877551020408,43.99583673469388],[10.409877551020408,44.00604081632653],[10.38195918367347,44.00604081632653],[10.38195918367347,43.99583673469388]]]},"properties":{"name":"Fabbriche di Vergemoli","minint_elettorale":"2090430125","op_id":"8268","minint_finloc":"3090430125","prov_name":"Lucca","prov_istat_code":"046","prov_istat_code_num":46,"prov_acr":"LU","reg_name":"Toscana","reg_istat_code":"09","reg_istat_code_num":9,"opdm_id":"4479","com_catasto_code":"M319","com_istat_code":"046036","com_istat_code_num":46036,"value":12.57242533888332,"_featureIdx":30,"_color":"#39d0ab"}},{"type":"Feature","geometry":{"type":"Polygon","coordinates":[[[10.409877551020408,43.99583673469388],[10.437795918367346,43.99583673469388],[10.437795918367346,44.00604081632653],[10.409877551020408,44.00604081632653],[10.409877551020408,43.99583673469388]]]},"properties":{"name":"Fabbriche di Vergemoli","minint_elettorale":"2090430125","op_id":"8268","minint_finloc":"3090430125","prov_name":"Lucca","prov_istat_code":"046","prov_istat_code_num":46,"prov_acr":"LU","reg_name":"Toscana","reg_istat_code":"09","reg_istat_code_num":9,"opdm_id":"4479","com_catasto_code":"M319","com_istat_code":"046036","com_istat_code_num":46036,"value":12.57242533888332,"_featureIdx":30,"_color":"#39d0ab"}},{"type":"Feature","geometry":{"type":"Polygon","coordinates":[[[10.437795918367346,43.99583673469388],[10.465714285714284,43.99583673469388],[10.465714285714284,44.00604081632653],[10.437795918367346,44.00604081632653],[10.437795918367346,43.99583673469388]]]},"properties":{"name":"Fabbriche di Vergemoli","minint_elettorale":"2090430125","op_id":"8268","minint_finloc":"3090430125","prov_name":"Lucca","prov_istat_code":"046","prov_istat_code_num":46,"prov_acr":"LU","reg_name":"Toscana","reg_istat_code":"09","reg_istat_code_num":9,"opdm_id":"4479","com_catasto_code":"M319","com_istat_code":"046036","com_istat_code_num":46036,"value":12.57242533888332,"_featureIdx":30,"_color":"#39d0ab"}},{"type":"Feature","geometry":{"type":"Polygon","coordinates":[[[10.465714285714284,43.99583673469388],[10.493632653061223,43.99583673469388],[10.493632653061223,44.00604081632653],[10.465714285714284,44.00604081632653],[10.465714285714284,43.99583673469388]]]},"properties":{"name":"Borgo a Mozzano","minint_finloc":"3090430040","minint_elettorale":"2090430040","op_id":"4551","prov_name":"Lucca","prov_istat_code":"046","prov_istat_code_num":46,"prov_acr":"LU","reg_name":"Toscana","reg_istat_code":"09","reg_istat_code_num":9,"opdm_id":"4451","com_catasto_code":"B007","com_istat_code":"046004","com_istat_code_num":46004,"value":18.297231616987762,"_featureIdx":15,"_color":"#7239d0"}},{"type":"Feature","geometry":{"type":"Polygon","coordinates":[[[10.493632653061225,43.99583673469388],[10.521551020408163,43.99583673469388],[10.521551020408163,44.00604081632653],[10.493632653061225,44.00604081632653],[10.493632653061225,43.99583673469388]]]},"properties":{"name":"Borgo a Mozzano","minint_finloc":"3090430040","minint_elettorale":"2090430040","op_id":"4551","prov_name":"Lucca","prov_istat_code":"046","prov_istat_code_num":46,"prov_acr":"LU","reg_name":"Toscana","reg_istat_code":"09","reg_istat_code_num":9,"opdm_id":"4451","com_catasto_code":"B007","com_istat_code":"046004","com_istat_code_num":46004,"value":18.297231616987762,"_featureIdx":15,"_color":"#7239d0"}},{"type":"Feature","geometry":{"type":"Polygon","coordinates":[[[10.521551020408163,43.99583673469388],[10.549469387755101,43.99583673469388],[10.549469387755101,44.00604081632653],[10.521551020408163,44.00604081632653],[10.521551020408163,43.99583673469388]]]},"properties":{"name":"Borgo a Mozzano","minint_finloc":"3090430040","minint_elettorale":"2090430040","op_id":"4551","prov_name":"Lucca","prov_istat_code":"046","prov_istat_code_num":46,"prov_acr":"LU","reg_name":"Toscana","reg_istat_code":"09","reg_istat_code_num":9,"opdm_id":"4451","com_catasto_code":"B007","com_istat_code":"046004","com_istat_code_num":46004,"value":18.297231616987762,"_featureIdx":15,"_color":"#7239d0"}},{"type":"Feature","geometry":{"type":"Polygon","coordinates":[[[10.549469387755101,43.99583673469388],[10.57738775510204,43.99583673469388],[10.57738775510204,44.00604081632653],[10.549469387755101,44.00604081632653],[10.549469387755101,43.99583673469388]]]},"properties":{"name":"Borgo a Mozzano","minint_finloc":"3090430040","minint_elettorale":"2090430040","op_id":"4551","prov_name":"Lucca","prov_istat_code":"046","prov_istat_code_num":46,"prov_acr":"LU","reg_name":"Toscana","reg_istat_code":"09","reg_istat_code_num":9,"opdm_id":"4451","com_catasto_code":"B007","com_istat_code":"046004","com_istat_code_num":46004,"value":18.297231616987762,"_featureIdx":15,"_color":"#7239d0"}},{"type":"Feature","geometry":{"type":"Polygon","coordinates":[[[10.577387755102041,43.99583673469388],[10.60530612244898,43.99583673469388],[10.60530612244898,44.00604081632653],[10.577387755102041,44.00604081632653],[10.577387755102041,43.99583673469388]]]},"properties":{"name":"Bagni di Lucca","minint_elettorale":"2090430020","minint_finloc":"3090430020","op_id":"4549","prov_name":"Lucca","prov_istat_code":"046","prov_istat_code_num":46,"prov_acr":"LU","reg_name":"Toscana","reg_istat_code":"09","reg_istat_code_num":9,"opdm_id":"4449","com_catasto_code":"A560","com_istat_code":"046002","com_istat_code_num":46002,"value":29.50083107017074,"_featureIdx":13,"_color":"#d03958"}},{"type":"Feature","geometry":{"type":"Polygon","coordinates":[[[10.60530612244898,43.99583673469388],[10.633224489795918,43.99583673469388],[10.633224489795918,44.00604081632653],[10.60530612244898,44.00604081632653],[10.60530612244898,43.99583673469388]]]},"properties":{"name":"Bagni di Lucca","minint_elettorale":"2090430020","minint_finloc":"3090430020","op_id":"4549","prov_name":"Lucca","prov_istat_code":"046","prov_istat_code_num":46,"prov_acr":"LU","reg_name":"Toscana","reg_istat_code":"09","reg_istat_code_num":9,"opdm_id":"4449","com_catasto_code":"A560","com_istat_code":"046002","com_istat_code_num":46002,"value":29.50083107017074,"_featureIdx":13,"_color":"#d03958"}},{"type":"Feature","geometry":{"type":"Polygon","coordinates":[[[10.633224489795918,43.99583673469388],[10.661142857142856,43.99583673469388],[10.661142857142856,44.00604081632653],[10.633224489795918,44.00604081632653],[10.633224489795918,43.99583673469388]]]},"properties":{"name":"Bagni di Lucca","minint_elettorale":"2090430020","minint_finloc":"3090430020","op_id":"4549","prov_name":"Lucca","prov_istat_code":"046","prov_istat_code_num":46,"prov_acr":"LU","reg_name":"Toscana","reg_istat_code":"09","reg_istat_code_num":9,"opdm_id":"4449","com_catasto_code":"A560","com_istat_code":"046002","com_istat_code_num":46002,"value":29.50083107017074,"_featureIdx":13,"_color":"#d03958"}},{"type":"Feature","geometry":{"type":"Polygon","coordinates":[[[10.661142857142856,43.99583673469388],[10.689061224489794,43.99583673469388],[10.689061224489794,44.00604081632653],[10.661142857142856,44.00604081632653],[10.661142857142856,43.99583673469388]]]},"properties":{"name":"Bagni di Lucca","minint_elettorale":"2090430020","minint_finloc":"3090430020","op_id":"4549","prov_name":"Lucca","prov_istat_code":"046","prov_istat_code_num":46,"prov_acr":"LU","reg_name":"Toscana","reg_istat_code":"09","reg_istat_code_num":9,"opdm_id":"4449","com_catasto_code":"A560","com_istat_code":"046002","com_istat_code_num":46002,"value":29.50083107017074,"_featureIdx":13,"_color":"#d03958"}},{"type":"Feature","geometry":{"type":"Polygon","coordinates":[[[10.744897959183673,43.99583673469388],[10.772816326530611,43.99583673469388],[10.772816326530611,44.00604081632653],[10.744897959183673,44.00604081632653],[10.744897959183673,43.99583673469388]]]},"properties":{"name":"San Marcello Piteglio","minint_elettorale":"2090630185","op_id":"8305","prov_name":"Pistoia","prov_istat_code":"047","prov_istat_code_num":47,"prov_acr":"PT","reg_name":"Toscana","reg_istat_code":"09","reg_istat_code_num":9,"opdm_id":"4500","com_catasto_code":"M377","com_istat_code":"047024","com_istat_code_num":47024,"value":59.15588707851101,"_featureIdx":34,"_color":"#d03945"}},{"type":"Feature","geometry":{"type":"Polygon","coordinates":[[[10.772816326530611,43.99583673469388],[10.80073469387755,43.99583673469388],[10.80073469387755,44.00604081632653],[10.772816326530611,44.00604081632653],[10.772816326530611,43.99583673469388]]]},"properties":{"name":"San Marcello Piteglio","minint_elettorale":"2090630185","op_id":"8305","prov_name":"Pistoia","prov_istat_code":"047","prov_istat_code_num":47,"prov_acr":"PT","reg_name":"Toscana","reg_istat_code":"09","reg_istat_code_num":9,"opdm_id":"4500","com_catasto_code":"M377","com_istat_code":"047024","com_istat_code_num":47024,"value":59.15588707851101,"_featureIdx":34,"_color":"#d03945"}},{"type":"Feature","geometry":{"type":"Polygon","coordinates":[[[10.35404081632653,44.00604081632653],[10.381959183673468,44.00604081632653],[10.381959183673468,44.01624489795918],[10.35404081632653,44.01624489795918],[10.35404081632653,44.00604081632653]]]},"properties":{"name":"Fabbriche di Vergemoli","minint_elettorale":"2090430125","op_id":"8268","minint_finloc":"3090430125","prov_name":"Lucca","prov_istat_code":"046","prov_istat_code_num":46,"prov_acr":"LU","reg_name":"Toscana","reg_istat_code":"09","reg_istat_code_num":9,"opdm_id":"4479","com_catasto_code":"M319","com_istat_code":"046036","com_istat_code_num":46036,"value":12.57242533888332,"_featureIdx":30,"_color":"#39d0ab"}},{"type":"Feature","geometry":{"type":"Polygon","coordinates":[[[10.38195918367347,44.00604081632653],[10.409877551020408,44.00604081632653],[10.409877551020408,44.01624489795918],[10.38195918367347,44.01624489795918],[10.38195918367347,44.00604081632653]]]},"properties":{"name":"Fabbriche di Vergemoli","minint_elettorale":"2090430125","op_id":"8268","minint_finloc":"3090430125","prov_name":"Lucca","prov_istat_code":"046","prov_istat_code_num":46,"prov_acr":"LU","reg_name":"Toscana","reg_istat_code":"09","reg_istat_code_num":9,"opdm_id":"4479","com_catasto_code":"M319","com_istat_code":"046036","com_istat_code_num":46036,"value":12.57242533888332,"_featureIdx":30,"_color":"#39d0ab"}},{"type":"Feature","geometry":{"type":"Polygon","coordinates":[[[10.409877551020408,44.00604081632653],[10.437795918367346,44.00604081632653],[10.437795918367346,44.01624489795918],[10.409877551020408,44.01624489795918],[10.409877551020408,44.00604081632653]]]},"properties":{"name":"Fabbriche di Vergemoli","minint_elettorale":"2090430125","op_id":"8268","minint_finloc":"3090430125","prov_name":"Lucca","prov_istat_code":"046","prov_istat_code_num":46,"prov_acr":"LU","reg_name":"Toscana","reg_istat_code":"09","reg_istat_code_num":9,"opdm_id":"4479","com_catasto_code":"M319","com_istat_code":"046036","com_istat_code_num":46036,"value":12.57242533888332,"_featureIdx":30,"_color":"#39d0ab"}},{"type":"Feature","geometry":{"type":"Polygon","coordinates":[[[10.437795918367346,44.00604081632653],[10.465714285714284,44.00604081632653],[10.465714285714284,44.01624489795918],[10.437795918367346,44.01624489795918],[10.437795918367346,44.00604081632653]]]},"properties":{"name":"Fabbriche di Vergemoli","minint_elettorale":"2090430125","op_id":"8268","minint_finloc":"3090430125","prov_name":"Lucca","prov_istat_code":"046","prov_istat_code_num":46,"prov_acr":"LU","reg_name":"Toscana","reg_istat_code":"09","reg_istat_code_num":9,"opdm_id":"4479","com_catasto_code":"M319","com_istat_code":"046036","com_istat_code_num":46036,"value":12.57242533888332,"_featureIdx":30,"_color":"#39d0ab"}},{"type":"Feature","geometry":{"type":"Polygon","coordinates":[[[10.465714285714284,44.00604081632653],[10.493632653061223,44.00604081632653],[10.493632653061223,44.01624489795918],[10.465714285714284,44.01624489795918],[10.465714285714284,44.00604081632653]]]},"properties":{"name":"Borgo a Mozzano","minint_finloc":"3090430040","minint_elettorale":"2090430040","op_id":"4551","prov_name":"Lucca","prov_istat_code":"046","prov_istat_code_num":46,"prov_acr":"LU","reg_name":"Toscana","reg_istat_code":"09","reg_istat_code_num":9,"opdm_id":"4451","com_catasto_code":"B007","com_istat_code":"046004","com_istat_code_num":46004,"value":18.297231616987762,"_featureIdx":15,"_color":"#7239d0"}},{"type":"Feature","geometry":{"type":"Polygon","coordinates":[[[10.493632653061225,44.00604081632653],[10.521551020408163,44.00604081632653],[10.521551020408163,44.01624489795918],[10.493632653061225,44.01624489795918],[10.493632653061225,44.00604081632653]]]},"properties":{"name":"Borgo a Mozzano","minint_finloc":"3090430040","minint_elettorale":"2090430040","op_id":"4551","prov_name":"Lucca","prov_istat_code":"046","prov_istat_code_num":46,"prov_acr":"LU","reg_name":"Toscana","reg_istat_code":"09","reg_istat_code_num":9,"opdm_id":"4451","com_catasto_code":"B007","com_istat_code":"046004","com_istat_code_num":46004,"value":18.297231616987762,"_featureIdx":15,"_color":"#7239d0"}},{"type":"Feature","geometry":{"type":"Polygon","coordinates":[[[10.521551020408163,44.00604081632653],[10.549469387755101,44.00604081632653],[10.549469387755101,44.01624489795918],[10.521551020408163,44.01624489795918],[10.521551020408163,44.00604081632653]]]},"properties":{"name":"Borgo a Mozzano","minint_finloc":"3090430040","minint_elettorale":"2090430040","op_id":"4551","prov_name":"Lucca","prov_istat_code":"046","prov_istat_code_num":46,"prov_acr":"LU","reg_name":"Toscana","reg_istat_code":"09","reg_istat_code_num":9,"opdm_id":"4451","com_catasto_code":"B007","com_istat_code":"046004","com_istat_code_num":46004,"value":18.297231616987762,"_featureIdx":15,"_color":"#7239d0"}},{"type":"Feature","geometry":{"type":"Polygon","coordinates":[[[10.549469387755101,44.00604081632653],[10.57738775510204,44.00604081632653],[10.57738775510204,44.01624489795918],[10.549469387755101,44.01624489795918],[10.549469387755101,44.00604081632653]]]},"properties":{"name":"Bagni di Lucca","minint_elettorale":"2090430020","minint_finloc":"3090430020","op_id":"4549","prov_name":"Lucca","prov_istat_code":"046","prov_istat_code_num":46,"prov_acr":"LU","reg_name":"Toscana","reg_istat_code":"09","reg_istat_code_num":9,"opdm_id":"4449","com_catasto_code":"A560","com_istat_code":"046002","com_istat_code_num":46002,"value":29.50083107017074,"_featureIdx":13,"_color":"#d03958"}},{"type":"Feature","geometry":{"type":"Polygon","coordinates":[[[10.577387755102041,44.00604081632653],[10.60530612244898,44.00604081632653],[10.60530612244898,44.01624489795918],[10.577387755102041,44.01624489795918],[10.577387755102041,44.00604081632653]]]},"properties":{"name":"Bagni di Lucca","minint_elettorale":"2090430020","minint_finloc":"3090430020","op_id":"4549","prov_name":"Lucca","prov_istat_code":"046","prov_istat_code_num":46,"prov_acr":"LU","reg_name":"Toscana","reg_istat_code":"09","reg_istat_code_num":9,"opdm_id":"4449","com_catasto_code":"A560","com_istat_code":"046002","com_istat_code_num":46002,"value":29.50083107017074,"_featureIdx":13,"_color":"#d03958"}},{"type":"Feature","geometry":{"type":"Polygon","coordinates":[[[10.60530612244898,44.00604081632653],[10.633224489795918,44.00604081632653],[10.633224489795918,44.01624489795918],[10.60530612244898,44.01624489795918],[10.60530612244898,44.00604081632653]]]},"properties":{"name":"Bagni di Lucca","minint_elettorale":"2090430020","minint_finloc":"3090430020","op_id":"4549","prov_name":"Lucca","prov_istat_code":"046","prov_istat_code_num":46,"prov_acr":"LU","reg_name":"Toscana","reg_istat_code":"09","reg_istat_code_num":9,"opdm_id":"4449","com_catasto_code":"A560","com_istat_code":"046002","com_istat_code_num":46002,"value":29.50083107017074,"_featureIdx":13,"_color":"#d03958"}},{"type":"Feature","geometry":{"type":"Polygon","coordinates":[[[10.633224489795918,44.00604081632653],[10.661142857142856,44.00604081632653],[10.661142857142856,44.01624489795918],[10.633224489795918,44.01624489795918],[10.633224489795918,44.00604081632653]]]},"properties":{"name":"Bagni di Lucca","minint_elettorale":"2090430020","minint_finloc":"3090430020","op_id":"4549","prov_name":"Lucca","prov_istat_code":"046","prov_istat_code_num":46,"prov_acr":"LU","reg_name":"Toscana","reg_istat_code":"09","reg_istat_code_num":9,"opdm_id":"4449","com_catasto_code":"A560","com_istat_code":"046002","com_istat_code_num":46002,"value":29.50083107017074,"_featureIdx":13,"_color":"#d03958"}},{"type":"Feature","geometry":{"type":"Polygon","coordinates":[[[10.661142857142856,44.00604081632653],[10.689061224489794,44.00604081632653],[10.689061224489794,44.01624489795918],[10.661142857142856,44.01624489795918],[10.661142857142856,44.00604081632653]]]},"properties":{"name":"Bagni di Lucca","minint_elettorale":"2090430020","minint_finloc":"3090430020","op_id":"4549","prov_name":"Lucca","prov_istat_code":"046","prov_istat_code_num":46,"prov_acr":"LU","reg_name":"Toscana","reg_istat_code":"09","reg_istat_code_num":9,"opdm_id":"4449","com_catasto_code":"A560","com_istat_code":"046002","com_istat_code_num":46002,"value":29.50083107017074,"_featureIdx":13,"_color":"#d03958"}},{"type":"Feature","geometry":{"type":"Polygon","coordinates":[[[10.744897959183673,44.00604081632653],[10.772816326530611,44.00604081632653],[10.772816326530611,44.01624489795918],[10.744897959183673,44.01624489795918],[10.744897959183673,44.00604081632653]]]},"properties":{"name":"San Marcello Piteglio","minint_elettorale":"2090630185","op_id":"8305","prov_name":"Pistoia","prov_istat_code":"047","prov_istat_code_num":47,"prov_acr":"PT","reg_name":"Toscana","reg_istat_code":"09","reg_istat_code_num":9,"opdm_id":"4500","com_catasto_code":"M377","com_istat_code":"047024","com_istat_code_num":47024,"value":59.15588707851101,"_featureIdx":34,"_color":"#d03945"}},{"type":"Feature","geometry":{"type":"Polygon","coordinates":[[[10.772816326530611,44.00604081632653],[10.80073469387755,44.00604081632653],[10.80073469387755,44.01624489795918],[10.772816326530611,44.01624489795918],[10.772816326530611,44.00604081632653]]]},"properties":{"name":"San Marcello Piteglio","minint_elettorale":"2090630185","op_id":"8305","prov_name":"Pistoia","prov_istat_code":"047","prov_istat_code_num":47,"prov_acr":"PT","reg_name":"Toscana","reg_istat_code":"09","reg_istat_code_num":9,"opdm_id":"4500","com_catasto_code":"M377","com_istat_code":"047024","com_istat_code_num":47024,"value":59.15588707851101,"_featureIdx":34,"_color":"#d03945"}},{"type":"Feature","geometry":{"type":"Polygon","coordinates":[[[10.996163265306123,44.00604081632653],[11.024081632653061,44.00604081632653],[11.024081632653061,44.01624489795918],[10.996163265306123,44.01624489795918],[10.996163265306123,44.00604081632653]]]},"properties":{"name":"Sambuca Pistoiese","minint_finloc":"3090630170","minint_elettorale":"2090630170","op_id":"4601","prov_name":"Pistoia","prov_istat_code":"047","prov_istat_code_num":47,"prov_acr":"PT","reg_name":"Toscana","reg_istat_code":"09","reg_istat_code_num":9,"opdm_id":"4495","com_catasto_code":"H744","com_istat_code":"047018","com_istat_code_num":47018,"value":87.99165627742974,"_featureIdx":32,"_color":"#9dd039"}},{"type":"Feature","geometry":{"type":"Polygon","coordinates":[[[10.35404081632653,44.01624489795919],[10.381959183673468,44.01624489795919],[10.381959183673468,44.02644897959184],[10.35404081632653,44.02644897959184],[10.35404081632653,44.01624489795919]]]},"properties":{"name":"Fabbriche di Vergemoli","minint_elettorale":"2090430125","op_id":"8268","minint_finloc":"3090430125","prov_name":"Lucca","prov_istat_code":"046","prov_istat_code_num":46,"prov_acr":"LU","reg_name":"Toscana","reg_istat_code":"09","reg_istat_code_num":9,"opdm_id":"4479","com_catasto_code":"M319","com_istat_code":"046036","com_istat_code_num":46036,"value":12.57242533888332,"_featureIdx":30,"_color":"#39d0ab"}},{"type":"Feature","geometry":{"type":"Polygon","coordinates":[[[10.38195918367347,44.01624489795919],[10.409877551020408,44.01624489795919],[10.409877551020408,44.02644897959184],[10.38195918367347,44.02644897959184],[10.38195918367347,44.01624489795919]]]},"properties":{"name":"Fabbriche di Vergemoli","minint_elettorale":"2090430125","op_id":"8268","minint_finloc":"3090430125","prov_name":"Lucca","prov_istat_code":"046","prov_istat_code_num":46,"prov_acr":"LU","reg_name":"Toscana","reg_istat_code":"09","reg_istat_code_num":9,"opdm_id":"4479","com_catasto_code":"M319","com_istat_code":"046036","com_istat_code_num":46036,"value":12.57242533888332,"_featureIdx":30,"_color":"#39d0ab"}},{"type":"Feature","geometry":{"type":"Polygon","coordinates":[[[10.409877551020408,44.01624489795919],[10.437795918367346,44.01624489795919],[10.437795918367346,44.02644897959184],[10.409877551020408,44.02644897959184],[10.409877551020408,44.01624489795919]]]},"properties":{"name":"Fabbriche di Vergemoli","minint_elettorale":"2090430125","op_id":"8268","minint_finloc":"3090430125","prov_name":"Lucca","prov_istat_code":"046","prov_istat_code_num":46,"prov_acr":"LU","reg_name":"Toscana","reg_istat_code":"09","reg_istat_code_num":9,"opdm_id":"4479","com_catasto_code":"M319","com_istat_code":"046036","com_istat_code_num":46036,"value":12.57242533888332,"_featureIdx":30,"_color":"#39d0ab"}},{"type":"Feature","geometry":{"type":"Polygon","coordinates":[[[10.437795918367346,44.01624489795919],[10.465714285714284,44.01624489795919],[10.465714285714284,44.02644897959184],[10.437795918367346,44.02644897959184],[10.437795918367346,44.01624489795919]]]},"properties":{"name":"Gallicano","minint_elettorale":"2090430150","op_id":"4562","minint_finloc":"3090430150","prov_name":"Lucca","prov_istat_code":"046","prov_istat_code_num":46,"prov_acr":"LU","reg_name":"Toscana","reg_istat_code":"09","reg_istat_code_num":9,"opdm_id":"4461","com_catasto_code":"D874","com_istat_code":"046015","com_istat_code_num":46015,"value":71.62401366324298,"_featureIdx":22,"_color":"#39d078"}},{"type":"Feature","geometry":{"type":"Polygon","coordinates":[[[10.465714285714284,44.01624489795919],[10.493632653061223,44.01624489795919],[10.493632653061223,44.02644897959184],[10.465714285714284,44.02644897959184],[10.465714285714284,44.01624489795919]]]},"properties":{"name":"Gallicano","minint_elettorale":"2090430150","op_id":"4562","minint_finloc":"3090430150","prov_name":"Lucca","prov_istat_code":"046","prov_istat_code_num":46,"prov_acr":"LU","reg_name":"Toscana","reg_istat_code":"09","reg_istat_code_num":9,"opdm_id":"4461","com_catasto_code":"D874","com_istat_code":"046015","com_istat_code_num":46015,"value":71.62401366324298,"_featureIdx":22,"_color":"#39d078"}},{"type":"Feature","geometry":{"type":"Polygon","coordinates":[[[10.493632653061225,44.01624489795919],[10.521551020408163,44.01624489795919],[10.521551020408163,44.02644897959184],[10.493632653061225,44.02644897959184],[10.493632653061225,44.01624489795919]]]},"properties":{"name":"Coreglia Antelminelli","minint_elettorale":"2090430110","minint_finloc":"3090430110","op_id":"4558","prov_name":"Lucca","prov_istat_code":"046","prov_istat_code_num":46,"prov_acr":"LU","reg_name":"Toscana","reg_istat_code":"09","reg_istat_code_num":9,"opdm_id":"4458","com_catasto_code":"C996","com_istat_code":"046011","com_istat_code_num":46011,"value":55.54907380165703,"_featureIdx":20,"_color":"#3952d0"}},{"type":"Feature","geometry":{"type":"Polygon","coordinates":[[[10.521551020408163,44.01624489795919],[10.549469387755101,44.01624489795919],[10.549469387755101,44.02644897959184],[10.521551020408163,44.02644897959184],[10.521551020408163,44.01624489795919]]]},"properties":{"name":"Coreglia Antelminelli","minint_elettorale":"2090430110","minint_finloc":"3090430110","op_id":"4558","prov_name":"Lucca","prov_istat_code":"046","prov_istat_code_num":46,"prov_acr":"LU","reg_name":"Toscana","reg_istat_code":"09","reg_istat_code_num":9,"opdm_id":"4458","com_catasto_code":"C996","com_istat_code":"046011","com_istat_code_num":46011,"value":55.54907380165703,"_featureIdx":20,"_color":"#3952d0"}},{"type":"Feature","geometry":{"type":"Polygon","coordinates":[[[10.549469387755101,44.01624489795919],[10.57738775510204,44.01624489795919],[10.57738775510204,44.02644897959184],[10.549469387755101,44.02644897959184],[10.549469387755101,44.01624489795919]]]},"properties":{"name":"Bagni di Lucca","minint_elettorale":"2090430020","minint_finloc":"3090430020","op_id":"4549","prov_name":"Lucca","prov_istat_code":"046","prov_istat_code_num":46,"prov_acr":"LU","reg_name":"Toscana","reg_istat_code":"09","reg_istat_code_num":9,"opdm_id":"4449","com_catasto_code":"A560","com_istat_code":"046002","com_istat_code_num":46002,"value":29.50083107017074,"_featureIdx":13,"_color":"#d03958"}},{"type":"Feature","geometry":{"type":"Polygon","coordinates":[[[10.577387755102041,44.01624489795919],[10.60530612244898,44.01624489795919],[10.60530612244898,44.02644897959184],[10.577387755102041,44.02644897959184],[10.577387755102041,44.01624489795919]]]},"properties":{"name":"Bagni di Lucca","minint_elettorale":"2090430020","minint_finloc":"3090430020","op_id":"4549","prov_name":"Lucca","prov_istat_code":"046","prov_istat_code_num":46,"prov_acr":"LU","reg_name":"Toscana","reg_istat_code":"09","reg_istat_code_num":9,"opdm_id":"4449","com_catasto_code":"A560","com_istat_code":"046002","com_istat_code_num":46002,"value":29.50083107017074,"_featureIdx":13,"_color":"#d03958"}},{"type":"Feature","geometry":{"type":"Polygon","coordinates":[[[10.60530612244898,44.01624489795919],[10.633224489795918,44.01624489795919],[10.633224489795918,44.02644897959184],[10.60530612244898,44.02644897959184],[10.60530612244898,44.01624489795919]]]},"properties":{"name":"Bagni di Lucca","minint_elettorale":"2090430020","minint_finloc":"3090430020","op_id":"4549","prov_name":"Lucca","prov_istat_code":"046","prov_istat_code_num":46,"prov_acr":"LU","reg_name":"Toscana","reg_istat_code":"09","reg_istat_code_num":9,"opdm_id":"4449","com_catasto_code":"A560","com_istat_code":"046002","com_istat_code_num":46002,"value":29.50083107017074,"_featureIdx":13,"_color":"#d03958"}},{"type":"Feature","geometry":{"type":"Polygon","coordinates":[[[10.633224489795918,44.01624489795919],[10.661142857142856,44.01624489795919],[10.661142857142856,44.02644897959184],[10.633224489795918,44.02644897959184],[10.633224489795918,44.01624489795919]]]},"properties":{"name":"Bagni di Lucca","minint_elettorale":"2090430020","minint_finloc":"3090430020","op_id":"4549","prov_name":"Lucca","prov_istat_code":"046","prov_istat_code_num":46,"prov_acr":"LU","reg_name":"Toscana","reg_istat_code":"09","reg_istat_code_num":9,"opdm_id":"4449","com_catasto_code":"A560","com_istat_code":"046002","com_istat_code_num":46002,"value":29.50083107017074,"_featureIdx":13,"_color":"#d03958"}},{"type":"Feature","geometry":{"type":"Polygon","coordinates":[[[10.661142857142856,44.01624489795919],[10.689061224489794,44.01624489795919],[10.689061224489794,44.02644897959184],[10.661142857142856,44.02644897959184],[10.661142857142856,44.01624489795919]]]},"properties":{"name":"Bagni di Lucca","minint_elettorale":"2090430020","minint_finloc":"3090430020","op_id":"4549","prov_name":"Lucca","prov_istat_code":"046","prov_istat_code_num":46,"prov_acr":"LU","reg_name":"Toscana","reg_istat_code":"09","reg_istat_code_num":9,"opdm_id":"4449","com_catasto_code":"A560","com_istat_code":"046002","com_istat_code_num":46002,"value":29.50083107017074,"_featureIdx":13,"_color":"#d03958"}},{"type":"Feature","geometry":{"type":"Polygon","coordinates":[[[10.689061224489794,44.01624489795919],[10.716979591836733,44.01624489795919],[10.716979591836733,44.02644897959184],[10.689061224489794,44.02644897959184],[10.689061224489794,44.01624489795919]]]},"properties":{"name":"Bagni di Lucca","minint_elettorale":"2090430020","minint_finloc":"3090430020","op_id":"4549","prov_name":"Lucca","prov_istat_code":"046","prov_istat_code_num":46,"prov_acr":"LU","reg_name":"Toscana","reg_istat_code":"09","reg_istat_code_num":9,"opdm_id":"4449","com_catasto_code":"A560","com_istat_code":"046002","com_istat_code_num":46002,"value":29.50083107017074,"_featureIdx":13,"_color":"#d03958"}},{"type":"Feature","geometry":{"type":"Polygon","coordinates":[[[10.716979591836735,44.01624489795919],[10.744897959183673,44.01624489795919],[10.744897959183673,44.02644897959184],[10.716979591836735,44.02644897959184],[10.716979591836735,44.01624489795919]]]},"properties":{"name":"Bagni di Lucca","minint_elettorale":"2090430020","minint_finloc":"3090430020","op_id":"4549","prov_name":"Lucca","prov_istat_code":"046","prov_istat_code_num":46,"prov_acr":"LU","reg_name":"Toscana","reg_istat_code":"09","reg_istat_code_num":9,"opdm_id":"4449","com_catasto_code":"A560","com_istat_code":"046002","com_istat_code_num":46002,"value":29.50083107017074,"_featureIdx":13,"_color":"#d03958"}},{"type":"Feature","geometry":{"type":"Polygon","coordinates":[[[10.744897959183673,44.01624489795919],[10.772816326530611,44.01624489795919],[10.772816326530611,44.02644897959184],[10.744897959183673,44.02644897959184],[10.744897959183673,44.01624489795919]]]},"properties":{"name":"San Marcello Piteglio","minint_elettorale":"2090630185","op_id":"8305","prov_name":"Pistoia","prov_istat_code":"047","prov_istat_code_num":47,"prov_acr":"PT","reg_name":"Toscana","reg_istat_code":"09","reg_istat_code_num":9,"opdm_id":"4500","com_catasto_code":"M377","com_istat_code":"047024","com_istat_code_num":47024,"value":59.15588707851101,"_featureIdx":34,"_color":"#d03945"}},{"type":"Feature","geometry":{"type":"Polygon","coordinates":[[[10.772816326530611,44.01624489795919],[10.80073469387755,44.01624489795919],[10.80073469387755,44.02644897959184],[10.772816326530611,44.02644897959184],[10.772816326530611,44.01624489795919]]]},"properties":{"name":"San Marcello Piteglio","minint_elettorale":"2090630185","op_id":"8305","prov_name":"Pistoia","prov_istat_code":"047","prov_istat_code_num":47,"prov_acr":"PT","reg_name":"Toscana","reg_istat_code":"09","reg_istat_code_num":9,"opdm_id":"4500","com_catasto_code":"M377","com_istat_code":"047024","com_istat_code_num":47024,"value":59.15588707851101,"_featureIdx":34,"_color":"#d03945"}},{"type":"Feature","geometry":{"type":"Polygon","coordinates":[[[10.996163265306123,44.01624489795919],[11.024081632653061,44.01624489795919],[11.024081632653061,44.02644897959184],[10.996163265306123,44.02644897959184],[10.996163265306123,44.01624489795919]]]},"properties":{"name":"Sambuca Pistoiese","minint_finloc":"3090630170","minint_elettorale":"2090630170","op_id":"4601","prov_name":"Pistoia","prov_istat_code":"047","prov_istat_code_num":47,"prov_acr":"PT","reg_name":"Toscana","reg_istat_code":"09","reg_istat_code_num":9,"opdm_id":"4495","com_catasto_code":"H744","com_istat_code":"047018","com_istat_code_num":47018,"value":87.99165627742974,"_featureIdx":32,"_color":"#9dd039"}},{"type":"Feature","geometry":{"type":"Polygon","coordinates":[[[10.326122448979591,44.02644897959184],[10.35404081632653,44.02644897959184],[10.35404081632653,44.03665306122449],[10.326122448979591,44.03665306122449],[10.326122448979591,44.02644897959184]]]},"properties":{"name":"Fabbriche di Vergemoli","minint_elettorale":"2090430125","op_id":"8268","minint_finloc":"3090430125","prov_name":"Lucca","prov_istat_code":"046","prov_istat_code_num":46,"prov_acr":"LU","reg_name":"Toscana","reg_istat_code":"09","reg_istat_code_num":9,"opdm_id":"4479","com_catasto_code":"M319","com_istat_code":"046036","com_istat_code_num":46036,"value":12.57242533888332,"_featureIdx":30,"_color":"#39d0ab"}},{"type":"Feature","geometry":{"type":"Polygon","coordinates":[[[10.35404081632653,44.02644897959184],[10.381959183673468,44.02644897959184],[10.381959183673468,44.03665306122449],[10.35404081632653,44.03665306122449],[10.35404081632653,44.02644897959184]]]},"properties":{"name":"Fabbriche di Vergemoli","minint_elettorale":"2090430125","op_id":"8268","minint_finloc":"3090430125","prov_name":"Lucca","prov_istat_code":"046","prov_istat_code_num":46,"prov_acr":"LU","reg_name":"Toscana","reg_istat_code":"09","reg_istat_code_num":9,"opdm_id":"4479","com_catasto_code":"M319","com_istat_code":"046036","com_istat_code_num":46036,"value":12.57242533888332,"_featureIdx":30,"_color":"#39d0ab"}},{"type":"Feature","geometry":{"type":"Polygon","coordinates":[[[10.38195918367347,44.02644897959184],[10.409877551020408,44.02644897959184],[10.409877551020408,44.03665306122449],[10.38195918367347,44.03665306122449],[10.38195918367347,44.02644897959184]]]},"properties":{"name":"Gallicano","minint_elettorale":"2090430150","op_id":"4562","minint_finloc":"3090430150","prov_name":"Lucca","prov_istat_code":"046","prov_istat_code_num":46,"prov_acr":"LU","reg_name":"Toscana","reg_istat_code":"09","reg_istat_code_num":9,"opdm_id":"4461","com_catasto_code":"D874","com_istat_code":"046015","com_istat_code_num":46015,"value":71.62401366324298,"_featureIdx":22,"_color":"#39d078"}},{"type":"Feature","geometry":{"type":"Polygon","coordinates":[[[10.409877551020408,44.02644897959184],[10.437795918367346,44.02644897959184],[10.437795918367346,44.03665306122449],[10.409877551020408,44.03665306122449],[10.409877551020408,44.02644897959184]]]},"properties":{"name":"Gallicano","minint_elettorale":"2090430150","op_id":"4562","minint_finloc":"3090430150","prov_name":"Lucca","prov_istat_code":"046","prov_istat_code_num":46,"prov_acr":"LU","reg_name":"Toscana","reg_istat_code":"09","reg_istat_code_num":9,"opdm_id":"4461","com_catasto_code":"D874","com_istat_code":"046015","com_istat_code_num":46015,"value":71.62401366324298,"_featureIdx":22,"_color":"#39d078"}},{"type":"Feature","geometry":{"type":"Polygon","coordinates":[[[10.437795918367346,44.02644897959184],[10.465714285714284,44.02644897959184],[10.465714285714284,44.03665306122449],[10.437795918367346,44.03665306122449],[10.437795918367346,44.02644897959184]]]},"properties":{"name":"Gallicano","minint_elettorale":"2090430150","op_id":"4562","minint_finloc":"3090430150","prov_name":"Lucca","prov_istat_code":"046","prov_istat_code_num":46,"prov_acr":"LU","reg_name":"Toscana","reg_istat_code":"09","reg_istat_code_num":9,"opdm_id":"4461","com_catasto_code":"D874","com_istat_code":"046015","com_istat_code_num":46015,"value":71.62401366324298,"_featureIdx":22,"_color":"#39d078"}},{"type":"Feature","geometry":{"type":"Polygon","coordinates":[[[10.465714285714284,44.02644897959184],[10.493632653061223,44.02644897959184],[10.493632653061223,44.03665306122449],[10.465714285714284,44.03665306122449],[10.465714285714284,44.02644897959184]]]},"properties":{"name":"Gallicano","minint_elettorale":"2090430150","op_id":"4562","minint_finloc":"3090430150","prov_name":"Lucca","prov_istat_code":"046","prov_istat_code_num":46,"prov_acr":"LU","reg_name":"Toscana","reg_istat_code":"09","reg_istat_code_num":9,"opdm_id":"4461","com_catasto_code":"D874","com_istat_code":"046015","com_istat_code_num":46015,"value":71.62401366324298,"_featureIdx":22,"_color":"#39d078"}},{"type":"Feature","geometry":{"type":"Polygon","coordinates":[[[10.493632653061225,44.02644897959184],[10.521551020408163,44.02644897959184],[10.521551020408163,44.03665306122449],[10.493632653061225,44.03665306122449],[10.493632653061225,44.02644897959184]]]},"properties":{"name":"Coreglia Antelminelli","minint_elettorale":"2090430110","minint_finloc":"3090430110","op_id":"4558","prov_name":"Lucca","prov_istat_code":"046","prov_istat_code_num":46,"prov_acr":"LU","reg_name":"Toscana","reg_istat_code":"09","reg_istat_code_num":9,"opdm_id":"4458","com_catasto_code":"C996","com_istat_code":"046011","com_istat_code_num":46011,"value":55.54907380165703,"_featureIdx":20,"_color":"#3952d0"}},{"type":"Feature","geometry":{"type":"Polygon","coordinates":[[[10.521551020408163,44.02644897959184],[10.549469387755101,44.02644897959184],[10.549469387755101,44.03665306122449],[10.521551020408163,44.03665306122449],[10.521551020408163,44.02644897959184]]]},"properties":{"name":"Coreglia Antelminelli","minint_elettorale":"2090430110","minint_finloc":"3090430110","op_id":"4558","prov_name":"Lucca","prov_istat_code":"046","prov_istat_code_num":46,"prov_acr":"LU","reg_name":"Toscana","reg_istat_code":"09","reg_istat_code_num":9,"opdm_id":"4458","com_catasto_code":"C996","com_istat_code":"046011","com_istat_code_num":46011,"value":55.54907380165703,"_featureIdx":20,"_color":"#3952d0"}},{"type":"Feature","geometry":{"type":"Polygon","coordinates":[[[10.549469387755101,44.02644897959184],[10.57738775510204,44.02644897959184],[10.57738775510204,44.03665306122449],[10.549469387755101,44.03665306122449],[10.549469387755101,44.02644897959184]]]},"properties":{"name":"Bagni di Lucca","minint_elettorale":"2090430020","minint_finloc":"3090430020","op_id":"4549","prov_name":"Lucca","prov_istat_code":"046","prov_istat_code_num":46,"prov_acr":"LU","reg_name":"Toscana","reg_istat_code":"09","reg_istat_code_num":9,"opdm_id":"4449","com_catasto_code":"A560","com_istat_code":"046002","com_istat_code_num":46002,"value":29.50083107017074,"_featureIdx":13,"_color":"#d03958"}},{"type":"Feature","geometry":{"type":"Polygon","coordinates":[[[10.577387755102041,44.02644897959184],[10.60530612244898,44.02644897959184],[10.60530612244898,44.03665306122449],[10.577387755102041,44.03665306122449],[10.577387755102041,44.02644897959184]]]},"properties":{"name":"Bagni di Lucca","minint_elettorale":"2090430020","minint_finloc":"3090430020","op_id":"4549","prov_name":"Lucca","prov_istat_code":"046","prov_istat_code_num":46,"prov_acr":"LU","reg_name":"Toscana","reg_istat_code":"09","reg_istat_code_num":9,"opdm_id":"4449","com_catasto_code":"A560","com_istat_code":"046002","com_istat_code_num":46002,"value":29.50083107017074,"_featureIdx":13,"_color":"#d03958"}},{"type":"Feature","geometry":{"type":"Polygon","coordinates":[[[10.60530612244898,44.02644897959184],[10.633224489795918,44.02644897959184],[10.633224489795918,44.03665306122449],[10.60530612244898,44.03665306122449],[10.60530612244898,44.02644897959184]]]},"properties":{"name":"Bagni di Lucca","minint_elettorale":"2090430020","minint_finloc":"3090430020","op_id":"4549","prov_name":"Lucca","prov_istat_code":"046","prov_istat_code_num":46,"prov_acr":"LU","reg_name":"Toscana","reg_istat_code":"09","reg_istat_code_num":9,"opdm_id":"4449","com_catasto_code":"A560","com_istat_code":"046002","com_istat_code_num":46002,"value":29.50083107017074,"_featureIdx":13,"_color":"#d03958"}},{"type":"Feature","geometry":{"type":"Polygon","coordinates":[[[10.633224489795918,44.02644897959184],[10.661142857142856,44.02644897959184],[10.661142857142856,44.03665306122449],[10.633224489795918,44.03665306122449],[10.633224489795918,44.02644897959184]]]},"properties":{"name":"Bagni di Lucca","minint_elettorale":"2090430020","minint_finloc":"3090430020","op_id":"4549","prov_name":"Lucca","prov_istat_code":"046","prov_istat_code_num":46,"prov_acr":"LU","reg_name":"Toscana","reg_istat_code":"09","reg_istat_code_num":9,"opdm_id":"4449","com_catasto_code":"A560","com_istat_code":"046002","com_istat_code_num":46002,"value":29.50083107017074,"_featureIdx":13,"_color":"#d03958"}},{"type":"Feature","geometry":{"type":"Polygon","coordinates":[[[10.661142857142856,44.02644897959184],[10.689061224489794,44.02644897959184],[10.689061224489794,44.03665306122449],[10.661142857142856,44.03665306122449],[10.661142857142856,44.02644897959184]]]},"properties":{"name":"Bagni di Lucca","minint_elettorale":"2090430020","minint_finloc":"3090430020","op_id":"4549","prov_name":"Lucca","prov_istat_code":"046","prov_istat_code_num":46,"prov_acr":"LU","reg_name":"Toscana","reg_istat_code":"09","reg_istat_code_num":9,"opdm_id":"4449","com_catasto_code":"A560","com_istat_code":"046002","com_istat_code_num":46002,"value":29.50083107017074,"_featureIdx":13,"_color":"#d03958"}},{"type":"Feature","geometry":{"type":"Polygon","coordinates":[[[10.689061224489794,44.02644897959184],[10.716979591836733,44.02644897959184],[10.716979591836733,44.03665306122449],[10.689061224489794,44.03665306122449],[10.689061224489794,44.02644897959184]]]},"properties":{"name":"Bagni di Lucca","minint_elettorale":"2090430020","minint_finloc":"3090430020","op_id":"4549","prov_name":"Lucca","prov_istat_code":"046","prov_istat_code_num":46,"prov_acr":"LU","reg_name":"Toscana","reg_istat_code":"09","reg_istat_code_num":9,"opdm_id":"4449","com_catasto_code":"A560","com_istat_code":"046002","com_istat_code_num":46002,"value":29.50083107017074,"_featureIdx":13,"_color":"#d03958"}},{"type":"Feature","geometry":{"type":"Polygon","coordinates":[[[10.716979591836735,44.02644897959184],[10.744897959183673,44.02644897959184],[10.744897959183673,44.03665306122449],[10.716979591836735,44.03665306122449],[10.716979591836735,44.02644897959184]]]},"properties":{"name":"San Marcello Piteglio","minint_elettorale":"2090630185","op_id":"8305","prov_name":"Pistoia","prov_istat_code":"047","prov_istat_code_num":47,"prov_acr":"PT","reg_name":"Toscana","reg_istat_code":"09","reg_istat_code_num":9,"opdm_id":"4500","com_catasto_code":"M377","com_istat_code":"047024","com_istat_code_num":47024,"value":59.15588707851101,"_featureIdx":34,"_color":"#d03945"}},{"type":"Feature","geometry":{"type":"Polygon","coordinates":[[[10.744897959183673,44.02644897959184],[10.772816326530611,44.02644897959184],[10.772816326530611,44.03665306122449],[10.744897959183673,44.03665306122449],[10.744897959183673,44.02644897959184]]]},"properties":{"name":"San Marcello Piteglio","minint_elettorale":"2090630185","op_id":"8305","prov_name":"Pistoia","prov_istat_code":"047","prov_istat_code_num":47,"prov_acr":"PT","reg_name":"Toscana","reg_istat_code":"09","reg_istat_code_num":9,"opdm_id":"4500","com_catasto_code":"M377","com_istat_code":"047024","com_istat_code_num":47024,"value":59.15588707851101,"_featureIdx":34,"_color":"#d03945"}},{"type":"Feature","geometry":{"type":"Polygon","coordinates":[[[10.772816326530611,44.02644897959184],[10.80073469387755,44.02644897959184],[10.80073469387755,44.03665306122449],[10.772816326530611,44.03665306122449],[10.772816326530611,44.02644897959184]]]},"properties":{"name":"San Marcello Piteglio","minint_elettorale":"2090630185","op_id":"8305","prov_name":"Pistoia","prov_istat_code":"047","prov_istat_code_num":47,"prov_acr":"PT","reg_name":"Toscana","reg_istat_code":"09","reg_istat_code_num":9,"opdm_id":"4500","com_catasto_code":"M377","com_istat_code":"047024","com_istat_code_num":47024,"value":59.15588707851101,"_featureIdx":34,"_color":"#d03945"}},{"type":"Feature","geometry":{"type":"Polygon","coordinates":[[[10.800734693877551,44.02644897959184],[10.82865306122449,44.02644897959184],[10.82865306122449,44.03665306122449],[10.800734693877551,44.03665306122449],[10.800734693877551,44.02644897959184]]]},"properties":{"name":"San Marcello Piteglio","minint_elettorale":"2090630185","op_id":"8305","prov_name":"Pistoia","prov_istat_code":"047","prov_istat_code_num":47,"prov_acr":"PT","reg_name":"Toscana","reg_istat_code":"09","reg_istat_code_num":9,"opdm_id":"4500","com_catasto_code":"M377","com_istat_code":"047024","com_istat_code_num":47024,"value":59.15588707851101,"_featureIdx":34,"_color":"#d03945"}},{"type":"Feature","geometry":{"type":"Polygon","coordinates":[[[10.82865306122449,44.02644897959184],[10.856571428571428,44.02644897959184],[10.856571428571428,44.03665306122449],[10.82865306122449,44.03665306122449],[10.82865306122449,44.02644897959184]]]},"properties":{"name":"San Marcello Piteglio","minint_elettorale":"2090630185","op_id":"8305","prov_name":"Pistoia","prov_istat_code":"047","prov_istat_code_num":47,"prov_acr":"PT","reg_name":"Toscana","reg_istat_code":"09","reg_istat_code_num":9,"opdm_id":"4500","com_catasto_code":"M377","com_istat_code":"047024","com_istat_code_num":47024,"value":59.15588707851101,"_featureIdx":34,"_color":"#d03945"}},{"type":"Feature","geometry":{"type":"Polygon","coordinates":[[[10.996163265306123,44.02644897959184],[11.024081632653061,44.02644897959184],[11.024081632653061,44.03665306122449],[10.996163265306123,44.03665306122449],[10.996163265306123,44.02644897959184]]]},"properties":{"name":"Sambuca Pistoiese","minint_finloc":"3090630170","minint_elettorale":"2090630170","op_id":"4601","prov_name":"Pistoia","prov_istat_code":"047","prov_istat_code_num":47,"prov_acr":"PT","reg_name":"Toscana","reg_istat_code":"09","reg_istat_code_num":9,"opdm_id":"4495","com_catasto_code":"H744","com_istat_code":"047018","com_istat_code_num":47018,"value":87.99165627742974,"_featureIdx":32,"_color":"#9dd039"}},{"type":"Feature","geometry":{"type":"Polygon","coordinates":[[[11.024081632653061,44.02644897959184],[11.052,44.02644897959184],[11.052,44.03665306122449],[11.024081632653061,44.03665306122449],[11.024081632653061,44.02644897959184]]]},"properties":{"name":"Sambuca Pistoiese","minint_finloc":"3090630170","minint_elettorale":"2090630170","op_id":"4601","prov_name":"Pistoia","prov_istat_code":"047","prov_istat_code_num":47,"prov_acr":"PT","reg_name":"Toscana","reg_istat_code":"09","reg_istat_code_num":9,"opdm_id":"4495","com_catasto_code":"H744","com_istat_code":"047018","com_istat_code_num":47018,"value":87.99165627742974,"_featureIdx":32,"_color":"#9dd039"}},{"type":"Feature","geometry":{"type":"Polygon","coordinates":[[[10.326122448979591,44.03665306122449],[10.35404081632653,44.03665306122449],[10.35404081632653,44.04685714285714],[10.326122448979591,44.04685714285714],[10.326122448979591,44.03665306122449]]]},"properties":{"name":"Fabbriche di Vergemoli","minint_elettorale":"2090430125","op_id":"8268","minint_finloc":"3090430125","prov_name":"Lucca","prov_istat_code":"046","prov_istat_code_num":46,"prov_acr":"LU","reg_name":"Toscana","reg_istat_code":"09","reg_istat_code_num":9,"opdm_id":"4479","com_catasto_code":"M319","com_istat_code":"046036","com_istat_code_num":46036,"value":12.57242533888332,"_featureIdx":30,"_color":"#39d0ab"}},{"type":"Feature","geometry":{"type":"Polygon","coordinates":[[[10.35404081632653,44.03665306122449],[10.381959183673468,44.03665306122449],[10.381959183673468,44.04685714285714],[10.35404081632653,44.04685714285714],[10.35404081632653,44.03665306122449]]]},"properties":{"name":"Fabbriche di Vergemoli","minint_elettorale":"2090430125","op_id":"8268","minint_finloc":"3090430125","prov_name":"Lucca","prov_istat_code":"046","prov_istat_code_num":46,"prov_acr":"LU","reg_name":"Toscana","reg_istat_code":"09","reg_istat_code_num":9,"opdm_id":"4479","com_catasto_code":"M319","com_istat_code":"046036","com_istat_code_num":46036,"value":12.57242533888332,"_featureIdx":30,"_color":"#39d0ab"}},{"type":"Feature","geometry":{"type":"Polygon","coordinates":[[[10.38195918367347,44.03665306122449],[10.409877551020408,44.03665306122449],[10.409877551020408,44.04685714285714],[10.38195918367347,44.04685714285714],[10.38195918367347,44.03665306122449]]]},"properties":{"name":"Gallicano","minint_elettorale":"2090430150","op_id":"4562","minint_finloc":"3090430150","prov_name":"Lucca","prov_istat_code":"046","prov_istat_code_num":46,"prov_acr":"LU","reg_name":"Toscana","reg_istat_code":"09","reg_istat_code_num":9,"opdm_id":"4461","com_catasto_code":"D874","com_istat_code":"046015","com_istat_code_num":46015,"value":71.62401366324298,"_featureIdx":22,"_color":"#39d078"}},{"type":"Feature","geometry":{"type":"Polygon","coordinates":[[[10.409877551020408,44.03665306122449],[10.437795918367346,44.03665306122449],[10.437795918367346,44.04685714285714],[10.409877551020408,44.04685714285714],[10.409877551020408,44.03665306122449]]]},"properties":{"name":"Gallicano","minint_elettorale":"2090430150","op_id":"4562","minint_finloc":"3090430150","prov_name":"Lucca","prov_istat_code":"046","prov_istat_code_num":46,"prov_acr":"LU","reg_name":"Toscana","reg_istat_code":"09","reg_istat_code_num":9,"opdm_id":"4461","com_catasto_code":"D874","com_istat_code":"046015","com_istat_code_num":46015,"value":71.62401366324298,"_featureIdx":22,"_color":"#39d078"}},{"type":"Feature","geometry":{"type":"Polygon","coordinates":[[[10.437795918367346,44.03665306122449],[10.465714285714284,44.03665306122449],[10.465714285714284,44.04685714285714],[10.437795918367346,44.04685714285714],[10.437795918367346,44.03665306122449]]]},"properties":{"name":"Gallicano","minint_elettorale":"2090430150","op_id":"4562","minint_finloc":"3090430150","prov_name":"Lucca","prov_istat_code":"046","prov_istat_code_num":46,"prov_acr":"LU","reg_name":"Toscana","reg_istat_code":"09","reg_istat_code_num":9,"opdm_id":"4461","com_catasto_code":"D874","com_istat_code":"046015","com_istat_code_num":46015,"value":71.62401366324298,"_featureIdx":22,"_color":"#39d078"}},{"type":"Feature","geometry":{"type":"Polygon","coordinates":[[[10.465714285714284,44.03665306122449],[10.493632653061223,44.03665306122449],[10.493632653061223,44.04685714285714],[10.465714285714284,44.04685714285714],[10.465714285714284,44.03665306122449]]]},"properties":{"name":"Barga","minint_finloc":"3090430030","minint_elettorale":"2090430030","op_id":"4550","prov_name":"Lucca","prov_istat_code":"046","prov_istat_code_num":46,"prov_acr":"LU","reg_name":"Toscana","reg_istat_code":"09","reg_istat_code_num":9,"opdm_id":"4450","com_catasto_code":"A657","com_istat_code":"046003","com_istat_code_num":46003,"value":54.53983125346276,"_featureIdx":14,"_color":"#39d046"}},{"type":"Feature","geometry":{"type":"Polygon","coordinates":[[[10.493632653061225,44.03665306122449],[10.521551020408163,44.03665306122449],[10.521551020408163,44.04685714285714],[10.493632653061225,44.04685714285714],[10.493632653061225,44.03665306122449]]]},"properties":{"name":"Coreglia Antelminelli","minint_elettorale":"2090430110","minint_finloc":"3090430110","op_id":"4558","prov_name":"Lucca","prov_istat_code":"046","prov_istat_code_num":46,"prov_acr":"LU","reg_name":"Toscana","reg_istat_code":"09","reg_istat_code_num":9,"opdm_id":"4458","com_catasto_code":"C996","com_istat_code":"046011","com_istat_code_num":46011,"value":55.54907380165703,"_featureIdx":20,"_color":"#3952d0"}},{"type":"Feature","geometry":{"type":"Polygon","coordinates":[[[10.521551020408163,44.03665306122449],[10.549469387755101,44.03665306122449],[10.549469387755101,44.04685714285714],[10.521551020408163,44.04685714285714],[10.521551020408163,44.03665306122449]]]},"properties":{"name":"Coreglia Antelminelli","minint_elettorale":"2090430110","minint_finloc":"3090430110","op_id":"4558","prov_name":"Lucca","prov_istat_code":"046","prov_istat_code_num":46,"prov_acr":"LU","reg_name":"Toscana","reg_istat_code":"09","reg_istat_code_num":9,"opdm_id":"4458","com_catasto_code":"C996","com_istat_code":"046011","com_istat_code_num":46011,"value":55.54907380165703,"_featureIdx":20,"_color":"#3952d0"}},{"type":"Feature","geometry":{"type":"Polygon","coordinates":[[[10.549469387755101,44.03665306122449],[10.57738775510204,44.03665306122449],[10.57738775510204,44.04685714285714],[10.549469387755101,44.04685714285714],[10.549469387755101,44.03665306122449]]]},"properties":{"name":"Bagni di Lucca","minint_elettorale":"2090430020","minint_finloc":"3090430020","op_id":"4549","prov_name":"Lucca","prov_istat_code":"046","prov_istat_code_num":46,"prov_acr":"LU","reg_name":"Toscana","reg_istat_code":"09","reg_istat_code_num":9,"opdm_id":"4449","com_catasto_code":"A560","com_istat_code":"046002","com_istat_code_num":46002,"value":29.50083107017074,"_featureIdx":13,"_color":"#d03958"}},{"type":"Feature","geometry":{"type":"Polygon","coordinates":[[[10.577387755102041,44.03665306122449],[10.60530612244898,44.03665306122449],[10.60530612244898,44.04685714285714],[10.577387755102041,44.04685714285714],[10.577387755102041,44.03665306122449]]]},"properties":{"name":"Bagni di Lucca","minint_elettorale":"2090430020","minint_finloc":"3090430020","op_id":"4549","prov_name":"Lucca","prov_istat_code":"046","prov_istat_code_num":46,"prov_acr":"LU","reg_name":"Toscana","reg_istat_code":"09","reg_istat_code_num":9,"opdm_id":"4449","com_catasto_code":"A560","com_istat_code":"046002","com_istat_code_num":46002,"value":29.50083107017074,"_featureIdx":13,"_color":"#d03958"}},{"type":"Feature","geometry":{"type":"Polygon","coordinates":[[[10.60530612244898,44.03665306122449],[10.633224489795918,44.03665306122449],[10.633224489795918,44.04685714285714],[10.60530612244898,44.04685714285714],[10.60530612244898,44.03665306122449]]]},"properties":{"name":"Bagni di Lucca","minint_elettorale":"2090430020","minint_finloc":"3090430020","op_id":"4549","prov_name":"Lucca","prov_istat_code":"046","prov_istat_code_num":46,"prov_acr":"LU","reg_name":"Toscana","reg_istat_code":"09","reg_istat_code_num":9,"opdm_id":"4449","com_catasto_code":"A560","com_istat_code":"046002","com_istat_code_num":46002,"value":29.50083107017074,"_featureIdx":13,"_color":"#d03958"}},{"type":"Feature","geometry":{"type":"Polygon","coordinates":[[[10.633224489795918,44.03665306122449],[10.661142857142856,44.03665306122449],[10.661142857142856,44.04685714285714],[10.633224489795918,44.04685714285714],[10.633224489795918,44.03665306122449]]]},"properties":{"name":"Bagni di Lucca","minint_elettorale":"2090430020","minint_finloc":"3090430020","op_id":"4549","prov_name":"Lucca","prov_istat_code":"046","prov_istat_code_num":46,"prov_acr":"LU","reg_name":"Toscana","reg_istat_code":"09","reg_istat_code_num":9,"opdm_id":"4449","com_catasto_code":"A560","com_istat_code":"046002","com_istat_code_num":46002,"value":29.50083107017074,"_featureIdx":13,"_color":"#d03958"}},{"type":"Feature","geometry":{"type":"Polygon","coordinates":[[[10.661142857142856,44.03665306122449],[10.689061224489794,44.03665306122449],[10.689061224489794,44.04685714285714],[10.661142857142856,44.04685714285714],[10.661142857142856,44.03665306122449]]]},"properties":{"name":"Bagni di Lucca","minint_elettorale":"2090430020","minint_finloc":"3090430020","op_id":"4549","prov_name":"Lucca","prov_istat_code":"046","prov_istat_code_num":46,"prov_acr":"LU","reg_name":"Toscana","reg_istat_code":"09","reg_istat_code_num":9,"opdm_id":"4449","com_catasto_code":"A560","com_istat_code":"046002","com_istat_code_num":46002,"value":29.50083107017074,"_featureIdx":13,"_color":"#d03958"}},{"type":"Feature","geometry":{"type":"Polygon","coordinates":[[[10.689061224489794,44.03665306122449],[10.716979591836733,44.03665306122449],[10.716979591836733,44.04685714285714],[10.689061224489794,44.04685714285714],[10.689061224489794,44.03665306122449]]]},"properties":{"name":"Bagni di Lucca","minint_elettorale":"2090430020","minint_finloc":"3090430020","op_id":"4549","prov_name":"Lucca","prov_istat_code":"046","prov_istat_code_num":46,"prov_acr":"LU","reg_name":"Toscana","reg_istat_code":"09","reg_istat_code_num":9,"opdm_id":"4449","com_catasto_code":"A560","com_istat_code":"046002","com_istat_code_num":46002,"value":29.50083107017074,"_featureIdx":13,"_color":"#d03958"}},{"type":"Feature","geometry":{"type":"Polygon","coordinates":[[[10.716979591836735,44.03665306122449],[10.744897959183673,44.03665306122449],[10.744897959183673,44.04685714285714],[10.716979591836735,44.04685714285714],[10.716979591836735,44.03665306122449]]]},"properties":{"name":"San Marcello Piteglio","minint_elettorale":"2090630185","op_id":"8305","prov_name":"Pistoia","prov_istat_code":"047","prov_istat_code_num":47,"prov_acr":"PT","reg_name":"Toscana","reg_istat_code":"09","reg_istat_code_num":9,"opdm_id":"4500","com_catasto_code":"M377","com_istat_code":"047024","com_istat_code_num":47024,"value":59.15588707851101,"_featureIdx":34,"_color":"#d03945"}},{"type":"Feature","geometry":{"type":"Polygon","coordinates":[[[10.744897959183673,44.03665306122449],[10.772816326530611,44.03665306122449],[10.772816326530611,44.04685714285714],[10.744897959183673,44.04685714285714],[10.744897959183673,44.03665306122449]]]},"properties":{"name":"San Marcello Piteglio","minint_elettorale":"2090630185","op_id":"8305","prov_name":"Pistoia","prov_istat_code":"047","prov_istat_code_num":47,"prov_acr":"PT","reg_name":"Toscana","reg_istat_code":"09","reg_istat_code_num":9,"opdm_id":"4500","com_catasto_code":"M377","com_istat_code":"047024","com_istat_code_num":47024,"value":59.15588707851101,"_featureIdx":34,"_color":"#d03945"}},{"type":"Feature","geometry":{"type":"Polygon","coordinates":[[[10.772816326530611,44.03665306122449],[10.80073469387755,44.03665306122449],[10.80073469387755,44.04685714285714],[10.772816326530611,44.04685714285714],[10.772816326530611,44.03665306122449]]]},"properties":{"name":"San Marcello Piteglio","minint_elettorale":"2090630185","op_id":"8305","prov_name":"Pistoia","prov_istat_code":"047","prov_istat_code_num":47,"prov_acr":"PT","reg_name":"Toscana","reg_istat_code":"09","reg_istat_code_num":9,"opdm_id":"4500","com_catasto_code":"M377","com_istat_code":"047024","com_istat_code_num":47024,"value":59.15588707851101,"_featureIdx":34,"_color":"#d03945"}},{"type":"Feature","geometry":{"type":"Polygon","coordinates":[[[10.800734693877551,44.03665306122449],[10.82865306122449,44.03665306122449],[10.82865306122449,44.04685714285714],[10.800734693877551,44.04685714285714],[10.800734693877551,44.03665306122449]]]},"properties":{"name":"San Marcello Piteglio","minint_elettorale":"2090630185","op_id":"8305","prov_name":"Pistoia","prov_istat_code":"047","prov_istat_code_num":47,"prov_acr":"PT","reg_name":"Toscana","reg_istat_code":"09","reg_istat_code_num":9,"opdm_id":"4500","com_catasto_code":"M377","com_istat_code":"047024","com_istat_code_num":47024,"value":59.15588707851101,"_featureIdx":34,"_color":"#d03945"}},{"type":"Feature","geometry":{"type":"Polygon","coordinates":[[[10.82865306122449,44.03665306122449],[10.856571428571428,44.03665306122449],[10.856571428571428,44.04685714285714],[10.82865306122449,44.04685714285714],[10.82865306122449,44.03665306122449]]]},"properties":{"name":"San Marcello Piteglio","minint_elettorale":"2090630185","op_id":"8305","prov_name":"Pistoia","prov_istat_code":"047","prov_istat_code_num":47,"prov_acr":"PT","reg_name":"Toscana","reg_istat_code":"09","reg_istat_code_num":9,"opdm_id":"4500","com_catasto_code":"M377","com_istat_code":"047024","com_istat_code_num":47024,"value":59.15588707851101,"_featureIdx":34,"_color":"#d03945"}},{"type":"Feature","geometry":{"type":"Polygon","coordinates":[[[10.856571428571428,44.03665306122449],[10.884489795918366,44.03665306122449],[10.884489795918366,44.04685714285714],[10.856571428571428,44.04685714285714],[10.856571428571428,44.03665306122449]]]},"properties":{"name":"San Marcello Piteglio","minint_elettorale":"2090630185","op_id":"8305","prov_name":"Pistoia","prov_istat_code":"047","prov_istat_code_num":47,"prov_acr":"PT","reg_name":"Toscana","reg_istat_code":"09","reg_istat_code_num":9,"opdm_id":"4500","com_catasto_code":"M377","com_istat_code":"047024","com_istat_code_num":47024,"value":59.15588707851101,"_featureIdx":34,"_color":"#d03945"}},{"type":"Feature","geometry":{"type":"Polygon","coordinates":[[[10.968244897959183,44.03665306122449],[10.996163265306121,44.03665306122449],[10.996163265306121,44.04685714285714],[10.968244897959183,44.04685714285714],[10.968244897959183,44.03665306122449]]]},"properties":{"name":"Sambuca Pistoiese","minint_finloc":"3090630170","minint_elettorale":"2090630170","op_id":"4601","prov_name":"Pistoia","prov_istat_code":"047","prov_istat_code_num":47,"prov_acr":"PT","reg_name":"Toscana","reg_istat_code":"09","reg_istat_code_num":9,"opdm_id":"4495","com_catasto_code":"H744","com_istat_code":"047018","com_istat_code_num":47018,"value":87.99165627742974,"_featureIdx":32,"_color":"#9dd039"}},{"type":"Feature","geometry":{"type":"Polygon","coordinates":[[[10.996163265306123,44.03665306122449],[11.024081632653061,44.03665306122449],[11.024081632653061,44.04685714285714],[10.996163265306123,44.04685714285714],[10.996163265306123,44.03665306122449]]]},"properties":{"name":"Sambuca Pistoiese","minint_finloc":"3090630170","minint_elettorale":"2090630170","op_id":"4601","prov_name":"Pistoia","prov_istat_code":"047","prov_istat_code_num":47,"prov_acr":"PT","reg_name":"Toscana","reg_istat_code":"09","reg_istat_code_num":9,"opdm_id":"4495","com_catasto_code":"H744","com_istat_code":"047018","com_istat_code_num":47018,"value":87.99165627742974,"_featureIdx":32,"_color":"#9dd039"}},{"type":"Feature","geometry":{"type":"Polygon","coordinates":[[[10.326122448979591,44.04685714285715],[10.35404081632653,44.04685714285715],[10.35404081632653,44.0570612244898],[10.326122448979591,44.0570612244898],[10.326122448979591,44.04685714285715]]]},"properties":{"name":"Molazzana","minint_finloc":"3090430200","op_id":"4567","minint_elettorale":"2090430200","prov_name":"Lucca","prov_istat_code":"046","prov_istat_code_num":46,"prov_acr":"LU","reg_name":"Toscana","reg_istat_code":"09","reg_istat_code_num":9,"opdm_id":"4465","com_catasto_code":"F283","com_istat_code":"046020","com_istat_code_num":46020,"value":93.51922287347062,"_featureIdx":24,"_color":"#d0d039"}},{"type":"Feature","geometry":{"type":"Polygon","coordinates":[[[10.35404081632653,44.04685714285715],[10.381959183673468,44.04685714285715],[10.381959183673468,44.0570612244898],[10.35404081632653,44.0570612244898],[10.35404081632653,44.04685714285715]]]},"properties":{"name":"Fabbriche di Vergemoli","minint_elettorale":"2090430125","op_id":"8268","minint_finloc":"3090430125","prov_name":"Lucca","prov_istat_code":"046","prov_istat_code_num":46,"prov_acr":"LU","reg_name":"Toscana","reg_istat_code":"09","reg_istat_code_num":9,"opdm_id":"4479","com_catasto_code":"M319","com_istat_code":"046036","com_istat_code_num":46036,"value":12.57242533888332,"_featureIdx":30,"_color":"#39d0ab"}},{"type":"Feature","geometry":{"type":"Polygon","coordinates":[[[10.38195918367347,44.04685714285715],[10.409877551020408,44.04685714285715],[10.409877551020408,44.0570612244898],[10.38195918367347,44.0570612244898],[10.38195918367347,44.04685714285715]]]},"properties":{"name":"Gallicano","minint_elettorale":"2090430150","op_id":"4562","minint_finloc":"3090430150","prov_name":"Lucca","prov_istat_code":"046","prov_istat_code_num":46,"prov_acr":"LU","reg_name":"Toscana","reg_istat_code":"09","reg_istat_code_num":9,"opdm_id":"4461","com_catasto_code":"D874","com_istat_code":"046015","com_istat_code_num":46015,"value":71.62401366324298,"_featureIdx":22,"_color":"#39d078"}},{"type":"Feature","geometry":{"type":"Polygon","coordinates":[[[10.409877551020408,44.04685714285715],[10.437795918367346,44.04685714285715],[10.437795918367346,44.0570612244898],[10.409877551020408,44.0570612244898],[10.409877551020408,44.04685714285715]]]},"properties":{"name":"Gallicano","minint_elettorale":"2090430150","op_id":"4562","minint_finloc":"3090430150","prov_name":"Lucca","prov_istat_code":"046","prov_istat_code_num":46,"prov_acr":"LU","reg_name":"Toscana","reg_istat_code":"09","reg_istat_code_num":9,"opdm_id":"4461","com_catasto_code":"D874","com_istat_code":"046015","com_istat_code_num":46015,"value":71.62401366324298,"_featureIdx":22,"_color":"#39d078"}},{"type":"Feature","geometry":{"type":"Polygon","coordinates":[[[10.437795918367346,44.04685714285715],[10.465714285714284,44.04685714285715],[10.465714285714284,44.0570612244898],[10.437795918367346,44.0570612244898],[10.437795918367346,44.04685714285715]]]},"properties":{"name":"Gallicano","minint_elettorale":"2090430150","op_id":"4562","minint_finloc":"3090430150","prov_name":"Lucca","prov_istat_code":"046","prov_istat_code_num":46,"prov_acr":"LU","reg_name":"Toscana","reg_istat_code":"09","reg_istat_code_num":9,"opdm_id":"4461","com_catasto_code":"D874","com_istat_code":"046015","com_istat_code_num":46015,"value":71.62401366324298,"_featureIdx":22,"_color":"#39d078"}},{"type":"Feature","geometry":{"type":"Polygon","coordinates":[[[10.465714285714284,44.04685714285715],[10.493632653061223,44.04685714285715],[10.493632653061223,44.0570612244898],[10.465714285714284,44.0570612244898],[10.465714285714284,44.04685714285715]]]},"properties":{"name":"Barga","minint_finloc":"3090430030","minint_elettorale":"2090430030","op_id":"4550","prov_name":"Lucca","prov_istat_code":"046","prov_istat_code_num":46,"prov_acr":"LU","reg_name":"Toscana","reg_istat_code":"09","reg_istat_code_num":9,"opdm_id":"4450","com_catasto_code":"A657","com_istat_code":"046003","com_istat_code_num":46003,"value":54.53983125346276,"_featureIdx":14,"_color":"#39d046"}},{"type":"Feature","geometry":{"type":"Polygon","coordinates":[[[10.493632653061225,44.04685714285715],[10.521551020408163,44.04685714285715],[10.521551020408163,44.0570612244898],[10.493632653061225,44.0570612244898],[10.493632653061225,44.04685714285715]]]},"properties":{"name":"Coreglia Antelminelli","minint_elettorale":"2090430110","minint_finloc":"3090430110","op_id":"4558","prov_name":"Lucca","prov_istat_code":"046","prov_istat_code_num":46,"prov_acr":"LU","reg_name":"Toscana","reg_istat_code":"09","reg_istat_code_num":9,"opdm_id":"4458","com_catasto_code":"C996","com_istat_code":"046011","com_istat_code_num":46011,"value":55.54907380165703,"_featureIdx":20,"_color":"#3952d0"}},{"type":"Feature","geometry":{"type":"Polygon","coordinates":[[[10.521551020408163,44.04685714285715],[10.549469387755101,44.04685714285715],[10.549469387755101,44.0570612244898],[10.521551020408163,44.0570612244898],[10.521551020408163,44.04685714285715]]]},"properties":{"name":"Coreglia Antelminelli","minint_elettorale":"2090430110","minint_finloc":"3090430110","op_id":"4558","prov_name":"Lucca","prov_istat_code":"046","prov_istat_code_num":46,"prov_acr":"LU","reg_name":"Toscana","reg_istat_code":"09","reg_istat_code_num":9,"opdm_id":"4458","com_catasto_code":"C996","com_istat_code":"046011","com_istat_code_num":46011,"value":55.54907380165703,"_featureIdx":20,"_color":"#3952d0"}},{"type":"Feature","geometry":{"type":"Polygon","coordinates":[[[10.549469387755101,44.04685714285715],[10.57738775510204,44.04685714285715],[10.57738775510204,44.0570612244898],[10.549469387755101,44.0570612244898],[10.549469387755101,44.04685714285715]]]},"properties":{"name":"Coreglia Antelminelli","minint_elettorale":"2090430110","minint_finloc":"3090430110","op_id":"4558","prov_name":"Lucca","prov_istat_code":"046","prov_istat_code_num":46,"prov_acr":"LU","reg_name":"Toscana","reg_istat_code":"09","reg_istat_code_num":9,"opdm_id":"4458","com_catasto_code":"C996","com_istat_code":"046011","com_istat_code_num":46011,"value":55.54907380165703,"_featureIdx":20,"_color":"#3952d0"}},{"type":"Feature","geometry":{"type":"Polygon","coordinates":[[[10.577387755102041,44.04685714285715],[10.60530612244898,44.04685714285715],[10.60530612244898,44.0570612244898],[10.577387755102041,44.0570612244898],[10.577387755102041,44.04685714285715]]]},"properties":{"name":"Bagni di Lucca","minint_elettorale":"2090430020","minint_finloc":"3090430020","op_id":"4549","prov_name":"Lucca","prov_istat_code":"046","prov_istat_code_num":46,"prov_acr":"LU","reg_name":"Toscana","reg_istat_code":"09","reg_istat_code_num":9,"opdm_id":"4449","com_catasto_code":"A560","com_istat_code":"046002","com_istat_code_num":46002,"value":29.50083107017074,"_featureIdx":13,"_color":"#d03958"}},{"type":"Feature","geometry":{"type":"Polygon","coordinates":[[[10.60530612244898,44.04685714285715],[10.633224489795918,44.04685714285715],[10.633224489795918,44.0570612244898],[10.60530612244898,44.0570612244898],[10.60530612244898,44.04685714285715]]]},"properties":{"name":"Bagni di Lucca","minint_elettorale":"2090430020","minint_finloc":"3090430020","op_id":"4549","prov_name":"Lucca","prov_istat_code":"046","prov_istat_code_num":46,"prov_acr":"LU","reg_name":"Toscana","reg_istat_code":"09","reg_istat_code_num":9,"opdm_id":"4449","com_catasto_code":"A560","com_istat_code":"046002","com_istat_code_num":46002,"value":29.50083107017074,"_featureIdx":13,"_color":"#d03958"}},{"type":"Feature","geometry":{"type":"Polygon","coordinates":[[[10.633224489795918,44.04685714285715],[10.661142857142856,44.04685714285715],[10.661142857142856,44.0570612244898],[10.633224489795918,44.0570612244898],[10.633224489795918,44.04685714285715]]]},"properties":{"name":"Bagni di Lucca","minint_elettorale":"2090430020","minint_finloc":"3090430020","op_id":"4549","prov_name":"Lucca","prov_istat_code":"046","prov_istat_code_num":46,"prov_acr":"LU","reg_name":"Toscana","reg_istat_code":"09","reg_istat_code_num":9,"opdm_id":"4449","com_catasto_code":"A560","com_istat_code":"046002","com_istat_code_num":46002,"value":29.50083107017074,"_featureIdx":13,"_color":"#d03958"}},{"type":"Feature","geometry":{"type":"Polygon","coordinates":[[[10.661142857142856,44.04685714285715],[10.689061224489794,44.04685714285715],[10.689061224489794,44.0570612244898],[10.661142857142856,44.0570612244898],[10.661142857142856,44.04685714285715]]]},"properties":{"name":"Bagni di Lucca","minint_elettorale":"2090430020","minint_finloc":"3090430020","op_id":"4549","prov_name":"Lucca","prov_istat_code":"046","prov_istat_code_num":46,"prov_acr":"LU","reg_name":"Toscana","reg_istat_code":"09","reg_istat_code_num":9,"opdm_id":"4449","com_catasto_code":"A560","com_istat_code":"046002","com_istat_code_num":46002,"value":29.50083107017074,"_featureIdx":13,"_color":"#d03958"}},{"type":"Feature","geometry":{"type":"Polygon","coordinates":[[[10.689061224489794,44.04685714285715],[10.716979591836733,44.04685714285715],[10.716979591836733,44.0570612244898],[10.689061224489794,44.0570612244898],[10.689061224489794,44.04685714285715]]]},"properties":{"name":"Bagni di Lucca","minint_elettorale":"2090430020","minint_finloc":"3090430020","op_id":"4549","prov_name":"Lucca","prov_istat_code":"046","prov_istat_code_num":46,"prov_acr":"LU","reg_name":"Toscana","reg_istat_code":"09","reg_istat_code_num":9,"opdm_id":"4449","com_catasto_code":"A560","com_istat_code":"046002","com_istat_code_num":46002,"value":29.50083107017074,"_featureIdx":13,"_color":"#d03958"}},{"type":"Feature","geometry":{"type":"Polygon","coordinates":[[[10.716979591836735,44.04685714285715],[10.744897959183673,44.04685714285715],[10.744897959183673,44.0570612244898],[10.716979591836735,44.0570612244898],[10.716979591836735,44.04685714285715]]]},"properties":{"name":"San Marcello Piteglio","minint_elettorale":"2090630185","op_id":"8305","prov_name":"Pistoia","prov_istat_code":"047","prov_istat_code_num":47,"prov_acr":"PT","reg_name":"Toscana","reg_istat_code":"09","reg_istat_code_num":9,"opdm_id":"4500","com_catasto_code":"M377","com_istat_code":"047024","com_istat_code_num":47024,"value":59.15588707851101,"_featureIdx":34,"_color":"#d03945"}},{"type":"Feature","geometry":{"type":"Polygon","coordinates":[[[10.744897959183673,44.04685714285715],[10.772816326530611,44.04685714285715],[10.772816326530611,44.0570612244898],[10.744897959183673,44.0570612244898],[10.744897959183673,44.04685714285715]]]},"properties":{"name":"San Marcello Piteglio","minint_elettorale":"2090630185","op_id":"8305","prov_name":"Pistoia","prov_istat_code":"047","prov_istat_code_num":47,"prov_acr":"PT","reg_name":"Toscana","reg_istat_code":"09","reg_istat_code_num":9,"opdm_id":"4500","com_catasto_code":"M377","com_istat_code":"047024","com_istat_code_num":47024,"value":59.15588707851101,"_featureIdx":34,"_color":"#d03945"}},{"type":"Feature","geometry":{"type":"Polygon","coordinates":[[[10.772816326530611,44.04685714285715],[10.80073469387755,44.04685714285715],[10.80073469387755,44.0570612244898],[10.772816326530611,44.0570612244898],[10.772816326530611,44.04685714285715]]]},"properties":{"name":"San Marcello Piteglio","minint_elettorale":"2090630185","op_id":"8305","prov_name":"Pistoia","prov_istat_code":"047","prov_istat_code_num":47,"prov_acr":"PT","reg_name":"Toscana","reg_istat_code":"09","reg_istat_code_num":9,"opdm_id":"4500","com_catasto_code":"M377","com_istat_code":"047024","com_istat_code_num":47024,"value":59.15588707851101,"_featureIdx":34,"_color":"#d03945"}},{"type":"Feature","geometry":{"type":"Polygon","coordinates":[[[10.800734693877551,44.04685714285715],[10.82865306122449,44.04685714285715],[10.82865306122449,44.0570612244898],[10.800734693877551,44.0570612244898],[10.800734693877551,44.04685714285715]]]},"properties":{"name":"San Marcello Piteglio","minint_elettorale":"2090630185","op_id":"8305","prov_name":"Pistoia","prov_istat_code":"047","prov_istat_code_num":47,"prov_acr":"PT","reg_name":"Toscana","reg_istat_code":"09","reg_istat_code_num":9,"opdm_id":"4500","com_catasto_code":"M377","com_istat_code":"047024","com_istat_code_num":47024,"value":59.15588707851101,"_featureIdx":34,"_color":"#d03945"}},{"type":"Feature","geometry":{"type":"Polygon","coordinates":[[[10.82865306122449,44.04685714285715],[10.856571428571428,44.04685714285715],[10.856571428571428,44.0570612244898],[10.82865306122449,44.0570612244898],[10.82865306122449,44.04685714285715]]]},"properties":{"name":"San Marcello Piteglio","minint_elettorale":"2090630185","op_id":"8305","prov_name":"Pistoia","prov_istat_code":"047","prov_istat_code_num":47,"prov_acr":"PT","reg_name":"Toscana","reg_istat_code":"09","reg_istat_code_num":9,"opdm_id":"4500","com_catasto_code":"M377","com_istat_code":"047024","com_istat_code_num":47024,"value":59.15588707851101,"_featureIdx":34,"_color":"#d03945"}},{"type":"Feature","geometry":{"type":"Polygon","coordinates":[[[10.856571428571428,44.04685714285715],[10.884489795918366,44.04685714285715],[10.884489795918366,44.0570612244898],[10.856571428571428,44.0570612244898],[10.856571428571428,44.04685714285715]]]},"properties":{"name":"San Marcello Piteglio","minint_elettorale":"2090630185","op_id":"8305","prov_name":"Pistoia","prov_istat_code":"047","prov_istat_code_num":47,"prov_acr":"PT","reg_name":"Toscana","reg_istat_code":"09","reg_istat_code_num":9,"opdm_id":"4500","com_catasto_code":"M377","com_istat_code":"047024","com_istat_code_num":47024,"value":59.15588707851101,"_featureIdx":34,"_color":"#d03945"}},{"type":"Feature","geometry":{"type":"Polygon","coordinates":[[[10.968244897959183,44.04685714285715],[10.996163265306121,44.04685714285715],[10.996163265306121,44.0570612244898],[10.968244897959183,44.0570612244898],[10.968244897959183,44.04685714285715]]]},"properties":{"name":"Sambuca Pistoiese","minint_finloc":"3090630170","minint_elettorale":"2090630170","op_id":"4601","prov_name":"Pistoia","prov_istat_code":"047","prov_istat_code_num":47,"prov_acr":"PT","reg_name":"Toscana","reg_istat_code":"09","reg_istat_code_num":9,"opdm_id":"4495","com_catasto_code":"H744","com_istat_code":"047018","com_istat_code_num":47018,"value":87.99165627742974,"_featureIdx":32,"_color":"#9dd039"}},{"type":"Feature","geometry":{"type":"Polygon","coordinates":[[[10.996163265306123,44.04685714285715],[11.024081632653061,44.04685714285715],[11.024081632653061,44.0570612244898],[10.996163265306123,44.0570612244898],[10.996163265306123,44.04685714285715]]]},"properties":{"name":"Sambuca Pistoiese","minint_finloc":"3090630170","minint_elettorale":"2090630170","op_id":"4601","prov_name":"Pistoia","prov_istat_code":"047","prov_istat_code_num":47,"prov_acr":"PT","reg_name":"Toscana","reg_istat_code":"09","reg_istat_code_num":9,"opdm_id":"4495","com_catasto_code":"H744","com_istat_code":"047018","com_istat_code_num":47018,"value":87.99165627742974,"_featureIdx":32,"_color":"#9dd039"}},{"type":"Feature","geometry":{"type":"Polygon","coordinates":[[[11.024081632653061,44.04685714285715],[11.052,44.04685714285715],[11.052,44.0570612244898],[11.024081632653061,44.0570612244898],[11.024081632653061,44.04685714285715]]]},"properties":{"name":"Sambuca Pistoiese","minint_finloc":"3090630170","minint_elettorale":"2090630170","op_id":"4601","prov_name":"Pistoia","prov_istat_code":"047","prov_istat_code_num":47,"prov_acr":"PT","reg_name":"Toscana","reg_istat_code":"09","reg_istat_code_num":9,"opdm_id":"4495","com_catasto_code":"H744","com_istat_code":"047018","com_istat_code_num":47018,"value":87.99165627742974,"_featureIdx":32,"_color":"#9dd039"}},{"type":"Feature","geometry":{"type":"Polygon","coordinates":[[[10.326122448979591,44.0570612244898],[10.35404081632653,44.0570612244898],[10.35404081632653,44.06726530612245],[10.326122448979591,44.06726530612245],[10.326122448979591,44.0570612244898]]]},"properties":{"name":"Molazzana","minint_finloc":"3090430200","op_id":"4567","minint_elettorale":"2090430200","prov_name":"Lucca","prov_istat_code":"046","prov_istat_code_num":46,"prov_acr":"LU","reg_name":"Toscana","reg_istat_code":"09","reg_istat_code_num":9,"opdm_id":"4465","com_catasto_code":"F283","com_istat_code":"046020","com_istat_code_num":46020,"value":93.51922287347062,"_featureIdx":24,"_color":"#d0d039"}},{"type":"Feature","geometry":{"type":"Polygon","coordinates":[[[10.35404081632653,44.0570612244898],[10.381959183673468,44.0570612244898],[10.381959183673468,44.06726530612245],[10.35404081632653,44.06726530612245],[10.35404081632653,44.0570612244898]]]},"properties":{"name":"Molazzana","minint_finloc":"3090430200","op_id":"4567","minint_elettorale":"2090430200","prov_name":"Lucca","prov_istat_code":"046","prov_istat_code_num":46,"prov_acr":"LU","reg_name":"Toscana","reg_istat_code":"09","reg_istat_code_num":9,"opdm_id":"4465","com_catasto_code":"F283","com_istat_code":"046020","com_istat_code_num":46020,"value":93.51922287347062,"_featureIdx":24,"_color":"#d0d039"}},{"type":"Feature","geometry":{"type":"Polygon","coordinates":[[[10.38195918367347,44.0570612244898],[10.409877551020408,44.0570612244898],[10.409877551020408,44.06726530612245],[10.38195918367347,44.06726530612245],[10.38195918367347,44.0570612244898]]]},"properties":{"name":"Molazzana","minint_finloc":"3090430200","op_id":"4567","minint_elettorale":"2090430200","prov_name":"Lucca","prov_istat_code":"046","prov_istat_code_num":46,"prov_acr":"LU","reg_name":"Toscana","reg_istat_code":"09","reg_istat_code_num":9,"opdm_id":"4465","com_catasto_code":"F283","com_istat_code":"046020","com_istat_code_num":46020,"value":93.51922287347062,"_featureIdx":24,"_color":"#d0d039"}},{"type":"Feature","geometry":{"type":"Polygon","coordinates":[[[10.409877551020408,44.0570612244898],[10.437795918367346,44.0570612244898],[10.437795918367346,44.06726530612245],[10.409877551020408,44.06726530612245],[10.409877551020408,44.0570612244898]]]},"properties":{"name":"Gallicano","minint_elettorale":"2090430150","op_id":"4562","minint_finloc":"3090430150","prov_name":"Lucca","prov_istat_code":"046","prov_istat_code_num":46,"prov_acr":"LU","reg_name":"Toscana","reg_istat_code":"09","reg_istat_code_num":9,"opdm_id":"4461","com_catasto_code":"D874","com_istat_code":"046015","com_istat_code_num":46015,"value":71.62401366324298,"_featureIdx":22,"_color":"#39d078"}},{"type":"Feature","geometry":{"type":"Polygon","coordinates":[[[10.437795918367346,44.0570612244898],[10.465714285714284,44.0570612244898],[10.465714285714284,44.06726530612245],[10.437795918367346,44.06726530612245],[10.437795918367346,44.0570612244898]]]},"properties":{"name":"Gallicano","minint_elettorale":"2090430150","op_id":"4562","minint_finloc":"3090430150","prov_name":"Lucca","prov_istat_code":"046","prov_istat_code_num":46,"prov_acr":"LU","reg_name":"Toscana","reg_istat_code":"09","reg_istat_code_num":9,"opdm_id":"4461","com_catasto_code":"D874","com_istat_code":"046015","com_istat_code_num":46015,"value":71.62401366324298,"_featureIdx":22,"_color":"#39d078"}},{"type":"Feature","geometry":{"type":"Polygon","coordinates":[[[10.465714285714284,44.0570612244898],[10.493632653061223,44.0570612244898],[10.493632653061223,44.06726530612245],[10.465714285714284,44.06726530612245],[10.465714285714284,44.0570612244898]]]},"properties":{"name":"Barga","minint_finloc":"3090430030","minint_elettorale":"2090430030","op_id":"4550","prov_name":"Lucca","prov_istat_code":"046","prov_istat_code_num":46,"prov_acr":"LU","reg_name":"Toscana","reg_istat_code":"09","reg_istat_code_num":9,"opdm_id":"4450","com_catasto_code":"A657","com_istat_code":"046003","com_istat_code_num":46003,"value":54.53983125346276,"_featureIdx":14,"_color":"#39d046"}},{"type":"Feature","geometry":{"type":"Polygon","coordinates":[[[10.493632653061225,44.0570612244898],[10.521551020408163,44.0570612244898],[10.521551020408163,44.06726530612245],[10.493632653061225,44.06726530612245],[10.493632653061225,44.0570612244898]]]},"properties":{"name":"Coreglia Antelminelli","minint_elettorale":"2090430110","minint_finloc":"3090430110","op_id":"4558","prov_name":"Lucca","prov_istat_code":"046","prov_istat_code_num":46,"prov_acr":"LU","reg_name":"Toscana","reg_istat_code":"09","reg_istat_code_num":9,"opdm_id":"4458","com_catasto_code":"C996","com_istat_code":"046011","com_istat_code_num":46011,"value":55.54907380165703,"_featureIdx":20,"_color":"#3952d0"}},{"type":"Feature","geometry":{"type":"Polygon","coordinates":[[[10.521551020408163,44.0570612244898],[10.549469387755101,44.0570612244898],[10.549469387755101,44.06726530612245],[10.521551020408163,44.06726530612245],[10.521551020408163,44.0570612244898]]]},"properties":{"name":"Coreglia Antelminelli","minint_elettorale":"2090430110","minint_finloc":"3090430110","op_id":"4558","prov_name":"Lucca","prov_istat_code":"046","prov_istat_code_num":46,"prov_acr":"LU","reg_name":"Toscana","reg_istat_code":"09","reg_istat_code_num":9,"opdm_id":"4458","com_catasto_code":"C996","com_istat_code":"046011","com_istat_code_num":46011,"value":55.54907380165703,"_featureIdx":20,"_color":"#3952d0"}},{"type":"Feature","geometry":{"type":"Polygon","coordinates":[[[10.549469387755101,44.0570612244898],[10.57738775510204,44.0570612244898],[10.57738775510204,44.06726530612245],[10.549469387755101,44.06726530612245],[10.549469387755101,44.0570612244898]]]},"properties":{"name":"Coreglia Antelminelli","minint_elettorale":"2090430110","minint_finloc":"3090430110","op_id":"4558","prov_name":"Lucca","prov_istat_code":"046","prov_istat_code_num":46,"prov_acr":"LU","reg_name":"Toscana","reg_istat_code":"09","reg_istat_code_num":9,"opdm_id":"4458","com_catasto_code":"C996","com_istat_code":"046011","com_istat_code_num":46011,"value":55.54907380165703,"_featureIdx":20,"_color":"#3952d0"}},{"type":"Feature","geometry":{"type":"Polygon","coordinates":[[[10.577387755102041,44.0570612244898],[10.60530612244898,44.0570612244898],[10.60530612244898,44.06726530612245],[10.577387755102041,44.06726530612245],[10.577387755102041,44.0570612244898]]]},"properties":{"name":"Bagni di Lucca","minint_elettorale":"2090430020","minint_finloc":"3090430020","op_id":"4549","prov_name":"Lucca","prov_istat_code":"046","prov_istat_code_num":46,"prov_acr":"LU","reg_name":"Toscana","reg_istat_code":"09","reg_istat_code_num":9,"opdm_id":"4449","com_catasto_code":"A560","com_istat_code":"046002","com_istat_code_num":46002,"value":29.50083107017074,"_featureIdx":13,"_color":"#d03958"}},{"type":"Feature","geometry":{"type":"Polygon","coordinates":[[[10.60530612244898,44.0570612244898],[10.633224489795918,44.0570612244898],[10.633224489795918,44.06726530612245],[10.60530612244898,44.06726530612245],[10.60530612244898,44.0570612244898]]]},"properties":{"name":"Bagni di Lucca","minint_elettorale":"2090430020","minint_finloc":"3090430020","op_id":"4549","prov_name":"Lucca","prov_istat_code":"046","prov_istat_code_num":46,"prov_acr":"LU","reg_name":"Toscana","reg_istat_code":"09","reg_istat_code_num":9,"opdm_id":"4449","com_catasto_code":"A560","com_istat_code":"046002","com_istat_code_num":46002,"value":29.50083107017074,"_featureIdx":13,"_color":"#d03958"}},{"type":"Feature","geometry":{"type":"Polygon","coordinates":[[[10.633224489795918,44.0570612244898],[10.661142857142856,44.0570612244898],[10.661142857142856,44.06726530612245],[10.633224489795918,44.06726530612245],[10.633224489795918,44.0570612244898]]]},"properties":{"name":"Bagni di Lucca","minint_elettorale":"2090430020","minint_finloc":"3090430020","op_id":"4549","prov_name":"Lucca","prov_istat_code":"046","prov_istat_code_num":46,"prov_acr":"LU","reg_name":"Toscana","reg_istat_code":"09","reg_istat_code_num":9,"opdm_id":"4449","com_catasto_code":"A560","com_istat_code":"046002","com_istat_code_num":46002,"value":29.50083107017074,"_featureIdx":13,"_color":"#d03958"}},{"type":"Feature","geometry":{"type":"Polygon","coordinates":[[[10.661142857142856,44.0570612244898],[10.689061224489794,44.0570612244898],[10.689061224489794,44.06726530612245],[10.661142857142856,44.06726530612245],[10.661142857142856,44.0570612244898]]]},"properties":{"name":"Bagni di Lucca","minint_elettorale":"2090430020","minint_finloc":"3090430020","op_id":"4549","prov_name":"Lucca","prov_istat_code":"046","prov_istat_code_num":46,"prov_acr":"LU","reg_name":"Toscana","reg_istat_code":"09","reg_istat_code_num":9,"opdm_id":"4449","com_catasto_code":"A560","com_istat_code":"046002","com_istat_code_num":46002,"value":29.50083107017074,"_featureIdx":13,"_color":"#d03958"}},{"type":"Feature","geometry":{"type":"Polygon","coordinates":[[[10.689061224489794,44.0570612244898],[10.716979591836733,44.0570612244898],[10.716979591836733,44.06726530612245],[10.689061224489794,44.06726530612245],[10.689061224489794,44.0570612244898]]]},"properties":{"name":"Bagni di Lucca","minint_elettorale":"2090430020","minint_finloc":"3090430020","op_id":"4549","prov_name":"Lucca","prov_istat_code":"046","prov_istat_code_num":46,"prov_acr":"LU","reg_name":"Toscana","reg_istat_code":"09","reg_istat_code_num":9,"opdm_id":"4449","com_catasto_code":"A560","com_istat_code":"046002","com_istat_code_num":46002,"value":29.50083107017074,"_featureIdx":13,"_color":"#d03958"}},{"type":"Feature","geometry":{"type":"Polygon","coordinates":[[[10.716979591836735,44.0570612244898],[10.744897959183673,44.0570612244898],[10.744897959183673,44.06726530612245],[10.716979591836735,44.06726530612245],[10.716979591836735,44.0570612244898]]]},"properties":{"name":"San Marcello Piteglio","minint_elettorale":"2090630185","op_id":"8305","prov_name":"Pistoia","prov_istat_code":"047","prov_istat_code_num":47,"prov_acr":"PT","reg_name":"Toscana","reg_istat_code":"09","reg_istat_code_num":9,"opdm_id":"4500","com_catasto_code":"M377","com_istat_code":"047024","com_istat_code_num":47024,"value":59.15588707851101,"_featureIdx":34,"_color":"#d03945"}},{"type":"Feature","geometry":{"type":"Polygon","coordinates":[[[10.744897959183673,44.0570612244898],[10.772816326530611,44.0570612244898],[10.772816326530611,44.06726530612245],[10.744897959183673,44.06726530612245],[10.744897959183673,44.0570612244898]]]},"properties":{"name":"San Marcello Piteglio","minint_elettorale":"2090630185","op_id":"8305","prov_name":"Pistoia","prov_istat_code":"047","prov_istat_code_num":47,"prov_acr":"PT","reg_name":"Toscana","reg_istat_code":"09","reg_istat_code_num":9,"opdm_id":"4500","com_catasto_code":"M377","com_istat_code":"047024","com_istat_code_num":47024,"value":59.15588707851101,"_featureIdx":34,"_color":"#d03945"}},{"type":"Feature","geometry":{"type":"Polygon","coordinates":[[[10.772816326530611,44.0570612244898],[10.80073469387755,44.0570612244898],[10.80073469387755,44.06726530612245],[10.772816326530611,44.06726530612245],[10.772816326530611,44.0570612244898]]]},"properties":{"name":"San Marcello Piteglio","minint_elettorale":"2090630185","op_id":"8305","prov_name":"Pistoia","prov_istat_code":"047","prov_istat_code_num":47,"prov_acr":"PT","reg_name":"Toscana","reg_istat_code":"09","reg_istat_code_num":9,"opdm_id":"4500","com_catasto_code":"M377","com_istat_code":"047024","com_istat_code_num":47024,"value":59.15588707851101,"_featureIdx":34,"_color":"#d03945"}},{"type":"Feature","geometry":{"type":"Polygon","coordinates":[[[10.800734693877551,44.0570612244898],[10.82865306122449,44.0570612244898],[10.82865306122449,44.06726530612245],[10.800734693877551,44.06726530612245],[10.800734693877551,44.0570612244898]]]},"properties":{"name":"San Marcello Piteglio","minint_elettorale":"2090630185","op_id":"8305","prov_name":"Pistoia","prov_istat_code":"047","prov_istat_code_num":47,"prov_acr":"PT","reg_name":"Toscana","reg_istat_code":"09","reg_istat_code_num":9,"opdm_id":"4500","com_catasto_code":"M377","com_istat_code":"047024","com_istat_code_num":47024,"value":59.15588707851101,"_featureIdx":34,"_color":"#d03945"}},{"type":"Feature","geometry":{"type":"Polygon","coordinates":[[[10.82865306122449,44.0570612244898],[10.856571428571428,44.0570612244898],[10.856571428571428,44.06726530612245],[10.82865306122449,44.06726530612245],[10.82865306122449,44.0570612244898]]]},"properties":{"name":"San Marcello Piteglio","minint_elettorale":"2090630185","op_id":"8305","prov_name":"Pistoia","prov_istat_code":"047","prov_istat_code_num":47,"prov_acr":"PT","reg_name":"Toscana","reg_istat_code":"09","reg_istat_code_num":9,"opdm_id":"4500","com_catasto_code":"M377","com_istat_code":"047024","com_istat_code_num":47024,"value":59.15588707851101,"_featureIdx":34,"_color":"#d03945"}},{"type":"Feature","geometry":{"type":"Polygon","coordinates":[[[10.856571428571428,44.0570612244898],[10.884489795918366,44.0570612244898],[10.884489795918366,44.06726530612245],[10.856571428571428,44.06726530612245],[10.856571428571428,44.0570612244898]]]},"properties":{"name":"San Marcello Piteglio","minint_elettorale":"2090630185","op_id":"8305","prov_name":"Pistoia","prov_istat_code":"047","prov_istat_code_num":47,"prov_acr":"PT","reg_name":"Toscana","reg_istat_code":"09","reg_istat_code_num":9,"opdm_id":"4500","com_catasto_code":"M377","com_istat_code":"047024","com_istat_code_num":47024,"value":59.15588707851101,"_featureIdx":34,"_color":"#d03945"}},{"type":"Feature","geometry":{"type":"Polygon","coordinates":[[[10.912408163265306,44.0570612244898],[10.940326530612245,44.0570612244898],[10.940326530612245,44.06726530612245],[10.912408163265306,44.06726530612245],[10.912408163265306,44.0570612244898]]]},"properties":{"name":"Sambuca Pistoiese","minint_finloc":"3090630170","minint_elettorale":"2090630170","op_id":"4601","prov_name":"Pistoia","prov_istat_code":"047","prov_istat_code_num":47,"prov_acr":"PT","reg_name":"Toscana","reg_istat_code":"09","reg_istat_code_num":9,"opdm_id":"4495","com_catasto_code":"H744","com_istat_code":"047018","com_istat_code_num":47018,"value":87.99165627742974,"_featureIdx":32,"_color":"#9dd039"}},{"type":"Feature","geometry":{"type":"Polygon","coordinates":[[[10.940326530612245,44.0570612244898],[10.968244897959183,44.0570612244898],[10.968244897959183,44.06726530612245],[10.940326530612245,44.06726530612245],[10.940326530612245,44.0570612244898]]]},"properties":{"name":"Sambuca Pistoiese","minint_finloc":"3090630170","minint_elettorale":"2090630170","op_id":"4601","prov_name":"Pistoia","prov_istat_code":"047","prov_istat_code_num":47,"prov_acr":"PT","reg_name":"Toscana","reg_istat_code":"09","reg_istat_code_num":9,"opdm_id":"4495","com_catasto_code":"H744","com_istat_code":"047018","com_istat_code_num":47018,"value":87.99165627742974,"_featureIdx":32,"_color":"#9dd039"}},{"type":"Feature","geometry":{"type":"Polygon","coordinates":[[[10.968244897959183,44.0570612244898],[10.996163265306121,44.0570612244898],[10.996163265306121,44.06726530612245],[10.968244897959183,44.06726530612245],[10.968244897959183,44.0570612244898]]]},"properties":{"name":"Sambuca Pistoiese","minint_finloc":"3090630170","minint_elettorale":"2090630170","op_id":"4601","prov_name":"Pistoia","prov_istat_code":"047","prov_istat_code_num":47,"prov_acr":"PT","reg_name":"Toscana","reg_istat_code":"09","reg_istat_code_num":9,"opdm_id":"4495","com_catasto_code":"H744","com_istat_code":"047018","com_istat_code_num":47018,"value":87.99165627742974,"_featureIdx":32,"_color":"#9dd039"}},{"type":"Feature","geometry":{"type":"Polygon","coordinates":[[[10.996163265306123,44.0570612244898],[11.024081632653061,44.0570612244898],[11.024081632653061,44.06726530612245],[10.996163265306123,44.06726530612245],[10.996163265306123,44.0570612244898]]]},"properties":{"name":"Sambuca Pistoiese","minint_finloc":"3090630170","minint_elettorale":"2090630170","op_id":"4601","prov_name":"Pistoia","prov_istat_code":"047","prov_istat_code_num":47,"prov_acr":"PT","reg_name":"Toscana","reg_istat_code":"09","reg_istat_code_num":9,"opdm_id":"4495","com_catasto_code":"H744","com_istat_code":"047018","com_istat_code_num":47018,"value":87.99165627742974,"_featureIdx":32,"_color":"#9dd039"}},{"type":"Feature","geometry":{"type":"Polygon","coordinates":[[[11.024081632653061,44.0570612244898],[11.052,44.0570612244898],[11.052,44.06726530612245],[11.024081632653061,44.06726530612245],[11.024081632653061,44.0570612244898]]]},"properties":{"name":"Sambuca Pistoiese","minint_finloc":"3090630170","minint_elettorale":"2090630170","op_id":"4601","prov_name":"Pistoia","prov_istat_code":"047","prov_istat_code_num":47,"prov_acr":"PT","reg_name":"Toscana","reg_istat_code":"09","reg_istat_code_num":9,"opdm_id":"4495","com_catasto_code":"H744","com_istat_code":"047018","com_istat_code_num":47018,"value":87.99165627742974,"_featureIdx":32,"_color":"#9dd039"}},{"type":"Feature","geometry":{"type":"Polygon","coordinates":[[[10.270285714285714,44.06726530612245],[10.298204081632653,44.06726530612245],[10.298204081632653,44.0774693877551],[10.270285714285714,44.0774693877551],[10.270285714285714,44.06726530612245]]]},"properties":{"name":"Careggine","minint_elettorale":"2090430080","minint_finloc":"3090430080","op_id":"4555","prov_name":"Lucca","prov_istat_code":"046","prov_istat_code_num":46,"prov_acr":"LU","reg_name":"Toscana","reg_istat_code":"09","reg_istat_code_num":9,"opdm_id":"4455","com_catasto_code":"B760","com_istat_code":"046008","com_istat_code_num":46008,"value":90.70409526891459,"_featureIdx":17,"_color":"#39d0cb"}},{"type":"Feature","geometry":{"type":"Polygon","coordinates":[[[10.298204081632653,44.06726530612245],[10.326122448979591,44.06726530612245],[10.326122448979591,44.0774693877551],[10.298204081632653,44.0774693877551],[10.298204081632653,44.06726530612245]]]},"properties":{"name":"Careggine","minint_elettorale":"2090430080","minint_finloc":"3090430080","op_id":"4555","prov_name":"Lucca","prov_istat_code":"046","prov_istat_code_num":46,"prov_acr":"LU","reg_name":"Toscana","reg_istat_code":"09","reg_istat_code_num":9,"opdm_id":"4455","com_catasto_code":"B760","com_istat_code":"046008","com_istat_code_num":46008,"value":90.70409526891459,"_featureIdx":17,"_color":"#39d0cb"}},{"type":"Feature","geometry":{"type":"Polygon","coordinates":[[[10.326122448979591,44.06726530612245],[10.35404081632653,44.06726530612245],[10.35404081632653,44.0774693877551],[10.326122448979591,44.0774693877551],[10.326122448979591,44.06726530612245]]]},"properties":{"name":"Molazzana","minint_finloc":"3090430200","op_id":"4567","minint_elettorale":"2090430200","prov_name":"Lucca","prov_istat_code":"046","prov_istat_code_num":46,"prov_acr":"LU","reg_name":"Toscana","reg_istat_code":"09","reg_istat_code_num":9,"opdm_id":"4465","com_catasto_code":"F283","com_istat_code":"046020","com_istat_code_num":46020,"value":93.51922287347062,"_featureIdx":24,"_color":"#d0d039"}},{"type":"Feature","geometry":{"type":"Polygon","coordinates":[[[10.35404081632653,44.06726530612245],[10.381959183673468,44.06726530612245],[10.381959183673468,44.0774693877551],[10.35404081632653,44.0774693877551],[10.35404081632653,44.06726530612245]]]},"properties":{"name":"Molazzana","minint_finloc":"3090430200","op_id":"4567","minint_elettorale":"2090430200","prov_name":"Lucca","prov_istat_code":"046","prov_istat_code_num":46,"prov_acr":"LU","reg_name":"Toscana","reg_istat_code":"09","reg_istat_code_num":9,"opdm_id":"4465","com_catasto_code":"F283","com_istat_code":"046020","com_istat_code_num":46020,"value":93.51922287347062,"_featureIdx":24,"_color":"#d0d039"}},{"type":"Feature","geometry":{"type":"Polygon","coordinates":[[[10.38195918367347,44.06726530612245],[10.409877551020408,44.06726530612245],[10.409877551020408,44.0774693877551],[10.38195918367347,44.0774693877551],[10.38195918367347,44.06726530612245]]]},"properties":{"name":"Molazzana","minint_finloc":"3090430200","op_id":"4567","minint_elettorale":"2090430200","prov_name":"Lucca","prov_istat_code":"046","prov_istat_code_num":46,"prov_acr":"LU","reg_name":"Toscana","reg_istat_code":"09","reg_istat_code_num":9,"opdm_id":"4465","com_catasto_code":"F283","com_istat_code":"046020","com_istat_code_num":46020,"value":93.51922287347062,"_featureIdx":24,"_color":"#d0d039"}},{"type":"Feature","geometry":{"type":"Polygon","coordinates":[[[10.409877551020408,44.06726530612245],[10.437795918367346,44.06726530612245],[10.437795918367346,44.0774693877551],[10.409877551020408,44.0774693877551],[10.409877551020408,44.06726530612245]]]},"properties":{"name":"Molazzana","minint_finloc":"3090430200","op_id":"4567","minint_elettorale":"2090430200","prov_name":"Lucca","prov_istat_code":"046","prov_istat_code_num":46,"prov_acr":"LU","reg_name":"Toscana","reg_istat_code":"09","reg_istat_code_num":9,"opdm_id":"4465","com_catasto_code":"F283","com_istat_code":"046020","com_istat_code_num":46020,"value":93.51922287347062,"_featureIdx":24,"_color":"#d0d039"}},{"type":"Feature","geometry":{"type":"Polygon","coordinates":[[[10.437795918367346,44.06726530612245],[10.465714285714284,44.06726530612245],[10.465714285714284,44.0774693877551],[10.437795918367346,44.0774693877551],[10.437795918367346,44.06726530612245]]]},"properties":{"name":"Barga","minint_finloc":"3090430030","minint_elettorale":"2090430030","op_id":"4550","prov_name":"Lucca","prov_istat_code":"046","prov_istat_code_num":46,"prov_acr":"LU","reg_name":"Toscana","reg_istat_code":"09","reg_istat_code_num":9,"opdm_id":"4450","com_catasto_code":"A657","com_istat_code":"046003","com_istat_code_num":46003,"value":54.53983125346276,"_featureIdx":14,"_color":"#39d046"}},{"type":"Feature","geometry":{"type":"Polygon","coordinates":[[[10.465714285714284,44.06726530612245],[10.493632653061223,44.06726530612245],[10.493632653061223,44.0774693877551],[10.465714285714284,44.0774693877551],[10.465714285714284,44.06726530612245]]]},"properties":{"name":"Barga","minint_finloc":"3090430030","minint_elettorale":"2090430030","op_id":"4550","prov_name":"Lucca","prov_istat_code":"046","prov_istat_code_num":46,"prov_acr":"LU","reg_name":"Toscana","reg_istat_code":"09","reg_istat_code_num":9,"opdm_id":"4450","com_catasto_code":"A657","com_istat_code":"046003","com_istat_code_num":46003,"value":54.53983125346276,"_featureIdx":14,"_color":"#39d046"}},{"type":"Feature","geometry":{"type":"Polygon","coordinates":[[[10.493632653061225,44.06726530612245],[10.521551020408163,44.06726530612245],[10.521551020408163,44.0774693877551],[10.493632653061225,44.0774693877551],[10.493632653061225,44.06726530612245]]]},"properties":{"name":"Barga","minint_finloc":"3090430030","minint_elettorale":"2090430030","op_id":"4550","prov_name":"Lucca","prov_istat_code":"046","prov_istat_code_num":46,"prov_acr":"LU","reg_name":"Toscana","reg_istat_code":"09","reg_istat_code_num":9,"opdm_id":"4450","com_catasto_code":"A657","com_istat_code":"046003","com_istat_code_num":46003,"value":54.53983125346276,"_featureIdx":14,"_color":"#39d046"}},{"type":"Feature","geometry":{"type":"Polygon","coordinates":[[[10.521551020408163,44.06726530612245],[10.549469387755101,44.06726530612245],[10.549469387755101,44.0774693877551],[10.521551020408163,44.0774693877551],[10.521551020408163,44.06726530612245]]]},"properties":{"name":"Coreglia Antelminelli","minint_elettorale":"2090430110","minint_finloc":"3090430110","op_id":"4558","prov_name":"Lucca","prov_istat_code":"046","prov_istat_code_num":46,"prov_acr":"LU","reg_name":"Toscana","reg_istat_code":"09","reg_istat_code_num":9,"opdm_id":"4458","com_catasto_code":"C996","com_istat_code":"046011","com_istat_code_num":46011,"value":55.54907380165703,"_featureIdx":20,"_color":"#3952d0"}},{"type":"Feature","geometry":{"type":"Polygon","coordinates":[[[10.549469387755101,44.06726530612245],[10.57738775510204,44.06726530612245],[10.57738775510204,44.0774693877551],[10.549469387755101,44.0774693877551],[10.549469387755101,44.06726530612245]]]},"properties":{"name":"Coreglia Antelminelli","minint_elettorale":"2090430110","minint_finloc":"3090430110","op_id":"4558","prov_name":"Lucca","prov_istat_code":"046","prov_istat_code_num":46,"prov_acr":"LU","reg_name":"Toscana","reg_istat_code":"09","reg_istat_code_num":9,"opdm_id":"4458","com_catasto_code":"C996","com_istat_code":"046011","com_istat_code_num":46011,"value":55.54907380165703,"_featureIdx":20,"_color":"#3952d0"}},{"type":"Feature","geometry":{"type":"Polygon","coordinates":[[[10.577387755102041,44.06726530612245],[10.60530612244898,44.06726530612245],[10.60530612244898,44.0774693877551],[10.577387755102041,44.0774693877551],[10.577387755102041,44.06726530612245]]]},"properties":{"name":"Bagni di Lucca","minint_elettorale":"2090430020","minint_finloc":"3090430020","op_id":"4549","prov_name":"Lucca","prov_istat_code":"046","prov_istat_code_num":46,"prov_acr":"LU","reg_name":"Toscana","reg_istat_code":"09","reg_istat_code_num":9,"opdm_id":"4449","com_catasto_code":"A560","com_istat_code":"046002","com_istat_code_num":46002,"value":29.50083107017074,"_featureIdx":13,"_color":"#d03958"}},{"type":"Feature","geometry":{"type":"Polygon","coordinates":[[[10.60530612244898,44.06726530612245],[10.633224489795918,44.06726530612245],[10.633224489795918,44.0774693877551],[10.60530612244898,44.0774693877551],[10.60530612244898,44.06726530612245]]]},"properties":{"name":"Bagni di Lucca","minint_elettorale":"2090430020","minint_finloc":"3090430020","op_id":"4549","prov_name":"Lucca","prov_istat_code":"046","prov_istat_code_num":46,"prov_acr":"LU","reg_name":"Toscana","reg_istat_code":"09","reg_istat_code_num":9,"opdm_id":"4449","com_catasto_code":"A560","com_istat_code":"046002","com_istat_code_num":46002,"value":29.50083107017074,"_featureIdx":13,"_color":"#d03958"}},{"type":"Feature","geometry":{"type":"Polygon","coordinates":[[[10.633224489795918,44.06726530612245],[10.661142857142856,44.06726530612245],[10.661142857142856,44.0774693877551],[10.633224489795918,44.0774693877551],[10.633224489795918,44.06726530612245]]]},"properties":{"name":"Bagni di Lucca","minint_elettorale":"2090430020","minint_finloc":"3090430020","op_id":"4549","prov_name":"Lucca","prov_istat_code":"046","prov_istat_code_num":46,"prov_acr":"LU","reg_name":"Toscana","reg_istat_code":"09","reg_istat_code_num":9,"opdm_id":"4449","com_catasto_code":"A560","com_istat_code":"046002","com_istat_code_num":46002,"value":29.50083107017074,"_featureIdx":13,"_color":"#d03958"}},{"type":"Feature","geometry":{"type":"Polygon","coordinates":[[[10.661142857142856,44.06726530612245],[10.689061224489794,44.06726530612245],[10.689061224489794,44.0774693877551],[10.661142857142856,44.0774693877551],[10.661142857142856,44.06726530612245]]]},"properties":{"name":"Bagni di Lucca","minint_elettorale":"2090430020","minint_finloc":"3090430020","op_id":"4549","prov_name":"Lucca","prov_istat_code":"046","prov_istat_code_num":46,"prov_acr":"LU","reg_name":"Toscana","reg_istat_code":"09","reg_istat_code_num":9,"opdm_id":"4449","com_catasto_code":"A560","com_istat_code":"046002","com_istat_code_num":46002,"value":29.50083107017074,"_featureIdx":13,"_color":"#d03958"}},{"type":"Feature","geometry":{"type":"Polygon","coordinates":[[[10.689061224489794,44.06726530612245],[10.716979591836733,44.06726530612245],[10.716979591836733,44.0774693877551],[10.689061224489794,44.0774693877551],[10.689061224489794,44.06726530612245]]]},"properties":{"name":"Bagni di Lucca","minint_elettorale":"2090430020","minint_finloc":"3090430020","op_id":"4549","prov_name":"Lucca","prov_istat_code":"046","prov_istat_code_num":46,"prov_acr":"LU","reg_name":"Toscana","reg_istat_code":"09","reg_istat_code_num":9,"opdm_id":"4449","com_catasto_code":"A560","com_istat_code":"046002","com_istat_code_num":46002,"value":29.50083107017074,"_featureIdx":13,"_color":"#d03958"}},{"type":"Feature","geometry":{"type":"Polygon","coordinates":[[[10.716979591836735,44.06726530612245],[10.744897959183673,44.06726530612245],[10.744897959183673,44.0774693877551],[10.716979591836735,44.0774693877551],[10.716979591836735,44.06726530612245]]]},"properties":{"name":"San Marcello Piteglio","minint_elettorale":"2090630185","op_id":"8305","prov_name":"Pistoia","prov_istat_code":"047","prov_istat_code_num":47,"prov_acr":"PT","reg_name":"Toscana","reg_istat_code":"09","reg_istat_code_num":9,"opdm_id":"4500","com_catasto_code":"M377","com_istat_code":"047024","com_istat_code_num":47024,"value":59.15588707851101,"_featureIdx":34,"_color":"#d03945"}},{"type":"Feature","geometry":{"type":"Polygon","coordinates":[[[10.744897959183673,44.06726530612245],[10.772816326530611,44.06726530612245],[10.772816326530611,44.0774693877551],[10.744897959183673,44.0774693877551],[10.744897959183673,44.06726530612245]]]},"properties":{"name":"San Marcello Piteglio","minint_elettorale":"2090630185","op_id":"8305","prov_name":"Pistoia","prov_istat_code":"047","prov_istat_code_num":47,"prov_acr":"PT","reg_name":"Toscana","reg_istat_code":"09","reg_istat_code_num":9,"opdm_id":"4500","com_catasto_code":"M377","com_istat_code":"047024","com_istat_code_num":47024,"value":59.15588707851101,"_featureIdx":34,"_color":"#d03945"}},{"type":"Feature","geometry":{"type":"Polygon","coordinates":[[[10.772816326530611,44.06726530612245],[10.80073469387755,44.06726530612245],[10.80073469387755,44.0774693877551],[10.772816326530611,44.0774693877551],[10.772816326530611,44.06726530612245]]]},"properties":{"name":"San Marcello Piteglio","minint_elettorale":"2090630185","op_id":"8305","prov_name":"Pistoia","prov_istat_code":"047","prov_istat_code_num":47,"prov_acr":"PT","reg_name":"Toscana","reg_istat_code":"09","reg_istat_code_num":9,"opdm_id":"4500","com_catasto_code":"M377","com_istat_code":"047024","com_istat_code_num":47024,"value":59.15588707851101,"_featureIdx":34,"_color":"#d03945"}},{"type":"Feature","geometry":{"type":"Polygon","coordinates":[[[10.800734693877551,44.06726530612245],[10.82865306122449,44.06726530612245],[10.82865306122449,44.0774693877551],[10.800734693877551,44.0774693877551],[10.800734693877551,44.06726530612245]]]},"properties":{"name":"San Marcello Piteglio","minint_elettorale":"2090630185","op_id":"8305","prov_name":"Pistoia","prov_istat_code":"047","prov_istat_code_num":47,"prov_acr":"PT","reg_name":"Toscana","reg_istat_code":"09","reg_istat_code_num":9,"opdm_id":"4500","com_catasto_code":"M377","com_istat_code":"047024","com_istat_code_num":47024,"value":59.15588707851101,"_featureIdx":34,"_color":"#d03945"}},{"type":"Feature","geometry":{"type":"Polygon","coordinates":[[[10.82865306122449,44.06726530612245],[10.856571428571428,44.06726530612245],[10.856571428571428,44.0774693877551],[10.82865306122449,44.0774693877551],[10.82865306122449,44.06726530612245]]]},"properties":{"name":"San Marcello Piteglio","minint_elettorale":"2090630185","op_id":"8305","prov_name":"Pistoia","prov_istat_code":"047","prov_istat_code_num":47,"prov_acr":"PT","reg_name":"Toscana","reg_istat_code":"09","reg_istat_code_num":9,"opdm_id":"4500","com_catasto_code":"M377","com_istat_code":"047024","com_istat_code_num":47024,"value":59.15588707851101,"_featureIdx":34,"_color":"#d03945"}},{"type":"Feature","geometry":{"type":"Polygon","coordinates":[[[10.856571428571428,44.06726530612245],[10.884489795918366,44.06726530612245],[10.884489795918366,44.0774693877551],[10.856571428571428,44.0774693877551],[10.856571428571428,44.06726530612245]]]},"properties":{"name":"San Marcello Piteglio","minint_elettorale":"2090630185","op_id":"8305","prov_name":"Pistoia","prov_istat_code":"047","prov_istat_code_num":47,"prov_acr":"PT","reg_name":"Toscana","reg_istat_code":"09","reg_istat_code_num":9,"opdm_id":"4500","com_catasto_code":"M377","com_istat_code":"047024","com_istat_code_num":47024,"value":59.15588707851101,"_featureIdx":34,"_color":"#d03945"}},{"type":"Feature","geometry":{"type":"Polygon","coordinates":[[[10.912408163265306,44.06726530612245],[10.940326530612245,44.06726530612245],[10.940326530612245,44.0774693877551],[10.912408163265306,44.0774693877551],[10.912408163265306,44.06726530612245]]]},"properties":{"name":"Sambuca Pistoiese","minint_finloc":"3090630170","minint_elettorale":"2090630170","op_id":"4601","prov_name":"Pistoia","prov_istat_code":"047","prov_istat_code_num":47,"prov_acr":"PT","reg_name":"Toscana","reg_istat_code":"09","reg_istat_code_num":9,"opdm_id":"4495","com_catasto_code":"H744","com_istat_code":"047018","com_istat_code_num":47018,"value":87.99165627742974,"_featureIdx":32,"_color":"#9dd039"}},{"type":"Feature","geometry":{"type":"Polygon","coordinates":[[[10.940326530612245,44.06726530612245],[10.968244897959183,44.06726530612245],[10.968244897959183,44.0774693877551],[10.940326530612245,44.0774693877551],[10.940326530612245,44.06726530612245]]]},"properties":{"name":"Sambuca Pistoiese","minint_finloc":"3090630170","minint_elettorale":"2090630170","op_id":"4601","prov_name":"Pistoia","prov_istat_code":"047","prov_istat_code_num":47,"prov_acr":"PT","reg_name":"Toscana","reg_istat_code":"09","reg_istat_code_num":9,"opdm_id":"4495","com_catasto_code":"H744","com_istat_code":"047018","com_istat_code_num":47018,"value":87.99165627742974,"_featureIdx":32,"_color":"#9dd039"}},{"type":"Feature","geometry":{"type":"Polygon","coordinates":[[[10.968244897959183,44.06726530612245],[10.996163265306121,44.06726530612245],[10.996163265306121,44.0774693877551],[10.968244897959183,44.0774693877551],[10.968244897959183,44.06726530612245]]]},"properties":{"name":"Sambuca Pistoiese","minint_finloc":"3090630170","minint_elettorale":"2090630170","op_id":"4601","prov_name":"Pistoia","prov_istat_code":"047","prov_istat_code_num":47,"prov_acr":"PT","reg_name":"Toscana","reg_istat_code":"09","reg_istat_code_num":9,"opdm_id":"4495","com_catasto_code":"H744","com_istat_code":"047018","com_istat_code_num":47018,"value":87.99165627742974,"_featureIdx":32,"_color":"#9dd039"}},{"type":"Feature","geometry":{"type":"Polygon","coordinates":[[[10.996163265306123,44.06726530612245],[11.024081632653061,44.06726530612245],[11.024081632653061,44.0774693877551],[10.996163265306123,44.0774693877551],[10.996163265306123,44.06726530612245]]]},"properties":{"name":"Sambuca Pistoiese","minint_finloc":"3090630170","minint_elettorale":"2090630170","op_id":"4601","prov_name":"Pistoia","prov_istat_code":"047","prov_istat_code_num":47,"prov_acr":"PT","reg_name":"Toscana","reg_istat_code":"09","reg_istat_code_num":9,"opdm_id":"4495","com_catasto_code":"H744","com_istat_code":"047018","com_istat_code_num":47018,"value":87.99165627742974,"_featureIdx":32,"_color":"#9dd039"}},{"type":"Feature","geometry":{"type":"Polygon","coordinates":[[[11.024081632653061,44.06726530612245],[11.052,44.06726530612245],[11.052,44.0774693877551],[11.024081632653061,44.0774693877551],[11.024081632653061,44.06726530612245]]]},"properties":{"name":"Sambuca Pistoiese","minint_finloc":"3090630170","minint_elettorale":"2090630170","op_id":"4601","prov_name":"Pistoia","prov_istat_code":"047","prov_istat_code_num":47,"prov_acr":"PT","reg_name":"Toscana","reg_istat_code":"09","reg_istat_code_num":9,"opdm_id":"4495","com_catasto_code":"H744","com_istat_code":"047018","com_istat_code_num":47018,"value":87.99165627742974,"_featureIdx":32,"_color":"#9dd039"}},{"type":"Feature","geometry":{"type":"Polygon","coordinates":[[[10.298204081632653,44.07746938775511],[10.326122448979591,44.07746938775511],[10.326122448979591,44.08767346938776],[10.298204081632653,44.08767346938776],[10.298204081632653,44.07746938775511]]]},"properties":{"name":"Careggine","minint_elettorale":"2090430080","minint_finloc":"3090430080","op_id":"4555","prov_name":"Lucca","prov_istat_code":"046","prov_istat_code_num":46,"prov_acr":"LU","reg_name":"Toscana","reg_istat_code":"09","reg_istat_code_num":9,"opdm_id":"4455","com_catasto_code":"B760","com_istat_code":"046008","com_istat_code_num":46008,"value":90.70409526891459,"_featureIdx":17,"_color":"#39d0cb"}},{"type":"Feature","geometry":{"type":"Polygon","coordinates":[[[10.326122448979591,44.07746938775511],[10.35404081632653,44.07746938775511],[10.35404081632653,44.08767346938776],[10.326122448979591,44.08767346938776],[10.326122448979591,44.07746938775511]]]},"properties":{"name":"Castelnuovo di Garfagnana","minint_finloc":"3090430090","op_id":"4556","minint_elettorale":"2090430090","prov_name":"Lucca","prov_istat_code":"046","prov_istat_code_num":46,"prov_acr":"LU","reg_name":"Toscana","reg_istat_code":"09","reg_istat_code_num":9,"opdm_id":"4456","com_catasto_code":"C236","com_istat_code":"046009","com_istat_code_num":46009,"value":55.783658460518225,"_featureIdx":18,"_color":"#d039aa"}},{"type":"Feature","geometry":{"type":"Polygon","coordinates":[[[10.35404081632653,44.07746938775511],[10.381959183673468,44.07746938775511],[10.381959183673468,44.08767346938776],[10.35404081632653,44.08767346938776],[10.35404081632653,44.07746938775511]]]},"properties":{"name":"Castelnuovo di Garfagnana","minint_finloc":"3090430090","op_id":"4556","minint_elettorale":"2090430090","prov_name":"Lucca","prov_istat_code":"046","prov_istat_code_num":46,"prov_acr":"LU","reg_name":"Toscana","reg_istat_code":"09","reg_istat_code_num":9,"opdm_id":"4456","com_catasto_code":"C236","com_istat_code":"046009","com_istat_code_num":46009,"value":55.783658460518225,"_featureIdx":18,"_color":"#d039aa"}},{"type":"Feature","geometry":{"type":"Polygon","coordinates":[[[10.38195918367347,44.07746938775511],[10.409877551020408,44.07746938775511],[10.409877551020408,44.08767346938776],[10.38195918367347,44.08767346938776],[10.38195918367347,44.07746938775511]]]},"properties":{"name":"Molazzana","minint_finloc":"3090430200","op_id":"4567","minint_elettorale":"2090430200","prov_name":"Lucca","prov_istat_code":"046","prov_istat_code_num":46,"prov_acr":"LU","reg_name":"Toscana","reg_istat_code":"09","reg_istat_code_num":9,"opdm_id":"4465","com_catasto_code":"F283","com_istat_code":"046020","com_istat_code_num":46020,"value":93.51922287347062,"_featureIdx":24,"_color":"#d0d039"}},{"type":"Feature","geometry":{"type":"Polygon","coordinates":[[[10.409877551020408,44.07746938775511],[10.437795918367346,44.07746938775511],[10.437795918367346,44.08767346938776],[10.409877551020408,44.08767346938776],[10.409877551020408,44.07746938775511]]]},"properties":{"name":"Molazzana","minint_finloc":"3090430200","op_id":"4567","minint_elettorale":"2090430200","prov_name":"Lucca","prov_istat_code":"046","prov_istat_code_num":46,"prov_acr":"LU","reg_name":"Toscana","reg_istat_code":"09","reg_istat_code_num":9,"opdm_id":"4465","com_catasto_code":"F283","com_istat_code":"046020","com_istat_code_num":46020,"value":93.51922287347062,"_featureIdx":24,"_color":"#d0d039"}},{"type":"Feature","geometry":{"type":"Polygon","coordinates":[[[10.437795918367346,44.07746938775511],[10.465714285714284,44.07746938775511],[10.465714285714284,44.08767346938776],[10.437795918367346,44.08767346938776],[10.437795918367346,44.07746938775511]]]},"properties":{"name":"Barga","minint_finloc":"3090430030","minint_elettorale":"2090430030","op_id":"4550","prov_name":"Lucca","prov_istat_code":"046","prov_istat_code_num":46,"prov_acr":"LU","reg_name":"Toscana","reg_istat_code":"09","reg_istat_code_num":9,"opdm_id":"4450","com_catasto_code":"A657","com_istat_code":"046003","com_istat_code_num":46003,"value":54.53983125346276,"_featureIdx":14,"_color":"#39d046"}},{"type":"Feature","geometry":{"type":"Polygon","coordinates":[[[10.465714285714284,44.07746938775511],[10.493632653061223,44.07746938775511],[10.493632653061223,44.08767346938776],[10.465714285714284,44.08767346938776],[10.465714285714284,44.07746938775511]]]},"properties":{"name":"Barga","minint_finloc":"3090430030","minint_elettorale":"2090430030","op_id":"4550","prov_name":"Lucca","prov_istat_code":"046","prov_istat_code_num":46,"prov_acr":"LU","reg_name":"Toscana","reg_istat_code":"09","reg_istat_code_num":9,"opdm_id":"4450","com_catasto_code":"A657","com_istat_code":"046003","com_istat_code_num":46003,"value":54.53983125346276,"_featureIdx":14,"_color":"#39d046"}},{"type":"Feature","geometry":{"type":"Polygon","coordinates":[[[10.493632653061225,44.07746938775511],[10.521551020408163,44.07746938775511],[10.521551020408163,44.08767346938776],[10.493632653061225,44.08767346938776],[10.493632653061225,44.07746938775511]]]},"properties":{"name":"Barga","minint_finloc":"3090430030","minint_elettorale":"2090430030","op_id":"4550","prov_name":"Lucca","prov_istat_code":"046","prov_istat_code_num":46,"prov_acr":"LU","reg_name":"Toscana","reg_istat_code":"09","reg_istat_code_num":9,"opdm_id":"4450","com_catasto_code":"A657","com_istat_code":"046003","com_istat_code_num":46003,"value":54.53983125346276,"_featureIdx":14,"_color":"#39d046"}},{"type":"Feature","geometry":{"type":"Polygon","coordinates":[[[10.521551020408163,44.07746938775511],[10.549469387755101,44.07746938775511],[10.549469387755101,44.08767346938776],[10.521551020408163,44.08767346938776],[10.521551020408163,44.07746938775511]]]},"properties":{"name":"Coreglia Antelminelli","minint_elettorale":"2090430110","minint_finloc":"3090430110","op_id":"4558","prov_name":"Lucca","prov_istat_code":"046","prov_istat_code_num":46,"prov_acr":"LU","reg_name":"Toscana","reg_istat_code":"09","reg_istat_code_num":9,"opdm_id":"4458","com_catasto_code":"C996","com_istat_code":"046011","com_istat_code_num":46011,"value":55.54907380165703,"_featureIdx":20,"_color":"#3952d0"}},{"type":"Feature","geometry":{"type":"Polygon","coordinates":[[[10.549469387755101,44.07746938775511],[10.57738775510204,44.07746938775511],[10.57738775510204,44.08767346938776],[10.549469387755101,44.08767346938776],[10.549469387755101,44.07746938775511]]]},"properties":{"name":"Coreglia Antelminelli","minint_elettorale":"2090430110","minint_finloc":"3090430110","op_id":"4558","prov_name":"Lucca","prov_istat_code":"046","prov_istat_code_num":46,"prov_acr":"LU","reg_name":"Toscana","reg_istat_code":"09","reg_istat_code_num":9,"opdm_id":"4458","com_catasto_code":"C996","com_istat_code":"046011","com_istat_code_num":46011,"value":55.54907380165703,"_featureIdx":20,"_color":"#3952d0"}},{"type":"Feature","geometry":{"type":"Polygon","coordinates":[[[10.577387755102041,44.07746938775511],[10.60530612244898,44.07746938775511],[10.60530612244898,44.08767346938776],[10.577387755102041,44.08767346938776],[10.577387755102041,44.07746938775511]]]},"properties":{"name":"Bagni di Lucca","minint_elettorale":"2090430020","minint_finloc":"3090430020","op_id":"4549","prov_name":"Lucca","prov_istat_code":"046","prov_istat_code_num":46,"prov_acr":"LU","reg_name":"Toscana","reg_istat_code":"09","reg_istat_code_num":9,"opdm_id":"4449","com_catasto_code":"A560","com_istat_code":"046002","com_istat_code_num":46002,"value":29.50083107017074,"_featureIdx":13,"_color":"#d03958"}},{"type":"Feature","geometry":{"type":"Polygon","coordinates":[[[10.60530612244898,44.07746938775511],[10.633224489795918,44.07746938775511],[10.633224489795918,44.08767346938776],[10.60530612244898,44.08767346938776],[10.60530612244898,44.07746938775511]]]},"properties":{"name":"Bagni di Lucca","minint_elettorale":"2090430020","minint_finloc":"3090430020","op_id":"4549","prov_name":"Lucca","prov_istat_code":"046","prov_istat_code_num":46,"prov_acr":"LU","reg_name":"Toscana","reg_istat_code":"09","reg_istat_code_num":9,"opdm_id":"4449","com_catasto_code":"A560","com_istat_code":"046002","com_istat_code_num":46002,"value":29.50083107017074,"_featureIdx":13,"_color":"#d03958"}},{"type":"Feature","geometry":{"type":"Polygon","coordinates":[[[10.633224489795918,44.07746938775511],[10.661142857142856,44.07746938775511],[10.661142857142856,44.08767346938776],[10.633224489795918,44.08767346938776],[10.633224489795918,44.07746938775511]]]},"properties":{"name":"Bagni di Lucca","minint_elettorale":"2090430020","minint_finloc":"3090430020","op_id":"4549","prov_name":"Lucca","prov_istat_code":"046","prov_istat_code_num":46,"prov_acr":"LU","reg_name":"Toscana","reg_istat_code":"09","reg_istat_code_num":9,"opdm_id":"4449","com_catasto_code":"A560","com_istat_code":"046002","com_istat_code_num":46002,"value":29.50083107017074,"_featureIdx":13,"_color":"#d03958"}},{"type":"Feature","geometry":{"type":"Polygon","coordinates":[[[10.661142857142856,44.07746938775511],[10.689061224489794,44.07746938775511],[10.689061224489794,44.08767346938776],[10.661142857142856,44.08767346938776],[10.661142857142856,44.07746938775511]]]},"properties":{"name":"Bagni di Lucca","minint_elettorale":"2090430020","minint_finloc":"3090430020","op_id":"4549","prov_name":"Lucca","prov_istat_code":"046","prov_istat_code_num":46,"prov_acr":"LU","reg_name":"Toscana","reg_istat_code":"09","reg_istat_code_num":9,"opdm_id":"4449","com_catasto_code":"A560","com_istat_code":"046002","com_istat_code_num":46002,"value":29.50083107017074,"_featureIdx":13,"_color":"#d03958"}},{"type":"Feature","geometry":{"type":"Polygon","coordinates":[[[10.689061224489794,44.07746938775511],[10.716979591836733,44.07746938775511],[10.716979591836733,44.08767346938776],[10.689061224489794,44.08767346938776],[10.689061224489794,44.07746938775511]]]},"properties":{"name":"Bagni di Lucca","minint_elettorale":"2090430020","minint_finloc":"3090430020","op_id":"4549","prov_name":"Lucca","prov_istat_code":"046","prov_istat_code_num":46,"prov_acr":"LU","reg_name":"Toscana","reg_istat_code":"09","reg_istat_code_num":9,"opdm_id":"4449","com_catasto_code":"A560","com_istat_code":"046002","com_istat_code_num":46002,"value":29.50083107017074,"_featureIdx":13,"_color":"#d03958"}},{"type":"Feature","geometry":{"type":"Polygon","coordinates":[[[10.716979591836735,44.07746938775511],[10.744897959183673,44.07746938775511],[10.744897959183673,44.08767346938776],[10.716979591836735,44.08767346938776],[10.716979591836735,44.07746938775511]]]},"properties":{"name":"San Marcello Piteglio","minint_elettorale":"2090630185","op_id":"8305","prov_name":"Pistoia","prov_istat_code":"047","prov_istat_code_num":47,"prov_acr":"PT","reg_name":"Toscana","reg_istat_code":"09","reg_istat_code_num":9,"opdm_id":"4500","com_catasto_code":"M377","com_istat_code":"047024","com_istat_code_num":47024,"value":59.15588707851101,"_featureIdx":34,"_color":"#d03945"}},{"type":"Feature","geometry":{"type":"Polygon","coordinates":[[[10.744897959183673,44.07746938775511],[10.772816326530611,44.07746938775511],[10.772816326530611,44.08767346938776],[10.744897959183673,44.08767346938776],[10.744897959183673,44.07746938775511]]]},"properties":{"name":"San Marcello Piteglio","minint_elettorale":"2090630185","op_id":"8305","prov_name":"Pistoia","prov_istat_code":"047","prov_istat_code_num":47,"prov_acr":"PT","reg_name":"Toscana","reg_istat_code":"09","reg_istat_code_num":9,"opdm_id":"4500","com_catasto_code":"M377","com_istat_code":"047024","com_istat_code_num":47024,"value":59.15588707851101,"_featureIdx":34,"_color":"#d03945"}},{"type":"Feature","geometry":{"type":"Polygon","coordinates":[[[10.772816326530611,44.07746938775511],[10.80073469387755,44.07746938775511],[10.80073469387755,44.08767346938776],[10.772816326530611,44.08767346938776],[10.772816326530611,44.07746938775511]]]},"properties":{"name":"San Marcello Piteglio","minint_elettorale":"2090630185","op_id":"8305","prov_name":"Pistoia","prov_istat_code":"047","prov_istat_code_num":47,"prov_acr":"PT","reg_name":"Toscana","reg_istat_code":"09","reg_istat_code_num":9,"opdm_id":"4500","com_catasto_code":"M377","com_istat_code":"047024","com_istat_code_num":47024,"value":59.15588707851101,"_featureIdx":34,"_color":"#d03945"}},{"type":"Feature","geometry":{"type":"Polygon","coordinates":[[[10.800734693877551,44.07746938775511],[10.82865306122449,44.07746938775511],[10.82865306122449,44.08767346938776],[10.800734693877551,44.08767346938776],[10.800734693877551,44.07746938775511]]]},"properties":{"name":"San Marcello Piteglio","minint_elettorale":"2090630185","op_id":"8305","prov_name":"Pistoia","prov_istat_code":"047","prov_istat_code_num":47,"prov_acr":"PT","reg_name":"Toscana","reg_istat_code":"09","reg_istat_code_num":9,"opdm_id":"4500","com_catasto_code":"M377","com_istat_code":"047024","com_istat_code_num":47024,"value":59.15588707851101,"_featureIdx":34,"_color":"#d03945"}},{"type":"Feature","geometry":{"type":"Polygon","coordinates":[[[10.82865306122449,44.07746938775511],[10.856571428571428,44.07746938775511],[10.856571428571428,44.08767346938776],[10.82865306122449,44.08767346938776],[10.82865306122449,44.07746938775511]]]},"properties":{"name":"San Marcello Piteglio","minint_elettorale":"2090630185","op_id":"8305","prov_name":"Pistoia","prov_istat_code":"047","prov_istat_code_num":47,"prov_acr":"PT","reg_name":"Toscana","reg_istat_code":"09","reg_istat_code_num":9,"opdm_id":"4500","com_catasto_code":"M377","com_istat_code":"047024","com_istat_code_num":47024,"value":59.15588707851101,"_featureIdx":34,"_color":"#d03945"}},{"type":"Feature","geometry":{"type":"Polygon","coordinates":[[[10.856571428571428,44.07746938775511],[10.884489795918366,44.07746938775511],[10.884489795918366,44.08767346938776],[10.856571428571428,44.08767346938776],[10.856571428571428,44.07746938775511]]]},"properties":{"name":"San Marcello Piteglio","minint_elettorale":"2090630185","op_id":"8305","prov_name":"Pistoia","prov_istat_code":"047","prov_istat_code_num":47,"prov_acr":"PT","reg_name":"Toscana","reg_istat_code":"09","reg_istat_code_num":9,"opdm_id":"4500","com_catasto_code":"M377","com_istat_code":"047024","com_istat_code_num":47024,"value":59.15588707851101,"_featureIdx":34,"_color":"#d03945"}},{"type":"Feature","geometry":{"type":"Polygon","coordinates":[[[10.940326530612245,44.07746938775511],[10.968244897959183,44.07746938775511],[10.968244897959183,44.08767346938776],[10.940326530612245,44.08767346938776],[10.940326530612245,44.07746938775511]]]},"properties":{"name":"Sambuca Pistoiese","minint_finloc":"3090630170","minint_elettorale":"2090630170","op_id":"4601","prov_name":"Pistoia","prov_istat_code":"047","prov_istat_code_num":47,"prov_acr":"PT","reg_name":"Toscana","reg_istat_code":"09","reg_istat_code_num":9,"opdm_id":"4495","com_catasto_code":"H744","com_istat_code":"047018","com_istat_code_num":47018,"value":87.99165627742974,"_featureIdx":32,"_color":"#9dd039"}},{"type":"Feature","geometry":{"type":"Polygon","coordinates":[[[10.968244897959183,44.07746938775511],[10.996163265306121,44.07746938775511],[10.996163265306121,44.08767346938776],[10.968244897959183,44.08767346938776],[10.968244897959183,44.07746938775511]]]},"properties":{"name":"Sambuca Pistoiese","minint_finloc":"3090630170","minint_elettorale":"2090630170","op_id":"4601","prov_name":"Pistoia","prov_istat_code":"047","prov_istat_code_num":47,"prov_acr":"PT","reg_name":"Toscana","reg_istat_code":"09","reg_istat_code_num":9,"opdm_id":"4495","com_catasto_code":"H744","com_istat_code":"047018","com_istat_code_num":47018,"value":87.99165627742974,"_featureIdx":32,"_color":"#9dd039"}},{"type":"Feature","geometry":{"type":"Polygon","coordinates":[[[10.996163265306123,44.07746938775511],[11.024081632653061,44.07746938775511],[11.024081632653061,44.08767346938776],[10.996163265306123,44.08767346938776],[10.996163265306123,44.07746938775511]]]},"properties":{"name":"Sambuca Pistoiese","minint_finloc":"3090630170","minint_elettorale":"2090630170","op_id":"4601","prov_name":"Pistoia","prov_istat_code":"047","prov_istat_code_num":47,"prov_acr":"PT","reg_name":"Toscana","reg_istat_code":"09","reg_istat_code_num":9,"opdm_id":"4495","com_catasto_code":"H744","com_istat_code":"047018","com_istat_code_num":47018,"value":87.99165627742974,"_featureIdx":32,"_color":"#9dd039"}},{"type":"Feature","geometry":{"type":"Polygon","coordinates":[[[11.024081632653061,44.07746938775511],[11.052,44.07746938775511],[11.052,44.08767346938776],[11.024081632653061,44.08767346938776],[11.024081632653061,44.07746938775511]]]},"properties":{"name":"Sambuca Pistoiese","minint_finloc":"3090630170","minint_elettorale":"2090630170","op_id":"4601","prov_name":"Pistoia","prov_istat_code":"047","prov_istat_code_num":47,"prov_acr":"PT","reg_name":"Toscana","reg_istat_code":"09","reg_istat_code_num":9,"opdm_id":"4495","com_catasto_code":"H744","com_istat_code":"047018","com_istat_code_num":47018,"value":87.99165627742974,"_featureIdx":32,"_color":"#9dd039"}},{"type":"Feature","geometry":{"type":"Polygon","coordinates":[[[10.298204081632653,44.08767346938776],[10.326122448979591,44.08767346938776],[10.326122448979591,44.09787755102041],[10.298204081632653,44.09787755102041],[10.298204081632653,44.08767346938776]]]},"properties":{"name":"Careggine","minint_elettorale":"2090430080","minint_finloc":"3090430080","op_id":"4555","prov_name":"Lucca","prov_istat_code":"046","prov_istat_code_num":46,"prov_acr":"LU","reg_name":"Toscana","reg_istat_code":"09","reg_istat_code_num":9,"opdm_id":"4455","com_catasto_code":"B760","com_istat_code":"046008","com_istat_code_num":46008,"value":90.70409526891459,"_featureIdx":17,"_color":"#39d0cb"}},{"type":"Feature","geometry":{"type":"Polygon","coordinates":[[[10.326122448979591,44.08767346938776],[10.35404081632653,44.08767346938776],[10.35404081632653,44.09787755102041],[10.326122448979591,44.09787755102041],[10.326122448979591,44.08767346938776]]]},"properties":{"name":"Careggine","minint_elettorale":"2090430080","minint_finloc":"3090430080","op_id":"4555","prov_name":"Lucca","prov_istat_code":"046","prov_istat_code_num":46,"prov_acr":"LU","reg_name":"Toscana","reg_istat_code":"09","reg_istat_code_num":9,"opdm_id":"4455","com_catasto_code":"B760","com_istat_code":"046008","com_istat_code_num":46008,"value":90.70409526891459,"_featureIdx":17,"_color":"#39d0cb"}},{"type":"Feature","geometry":{"type":"Polygon","coordinates":[[[10.35404081632653,44.08767346938776],[10.381959183673468,44.08767346938776],[10.381959183673468,44.09787755102041],[10.35404081632653,44.09787755102041],[10.35404081632653,44.08767346938776]]]},"properties":{"name":"Castelnuovo di Garfagnana","minint_finloc":"3090430090","op_id":"4556","minint_elettorale":"2090430090","prov_name":"Lucca","prov_istat_code":"046","prov_istat_code_num":46,"prov_acr":"LU","reg_name":"Toscana","reg_istat_code":"09","reg_istat_code_num":9,"opdm_id":"4456","com_catasto_code":"C236","com_istat_code":"046009","com_istat_code_num":46009,"value":55.783658460518225,"_featureIdx":18,"_color":"#d039aa"}},{"type":"Feature","geometry":{"type":"Polygon","coordinates":[[[10.38195918367347,44.08767346938776],[10.409877551020408,44.08767346938776],[10.409877551020408,44.09787755102041],[10.38195918367347,44.09787755102041],[10.38195918367347,44.08767346938776]]]},"properties":{"name":"Molazzana","minint_finloc":"3090430200","op_id":"4567","minint_elettorale":"2090430200","prov_name":"Lucca","prov_istat_code":"046","prov_istat_code_num":46,"prov_acr":"LU","reg_name":"Toscana","reg_istat_code":"09","reg_istat_code_num":9,"opdm_id":"4465","com_catasto_code":"F283","com_istat_code":"046020","com_istat_code_num":46020,"value":93.51922287347062,"_featureIdx":24,"_color":"#d0d039"}},{"type":"Feature","geometry":{"type":"Polygon","coordinates":[[[10.409877551020408,44.08767346938776],[10.437795918367346,44.08767346938776],[10.437795918367346,44.09787755102041],[10.409877551020408,44.09787755102041],[10.409877551020408,44.08767346938776]]]},"properties":{"name":"Gallicano","minint_elettorale":"2090430150","op_id":"4562","minint_finloc":"3090430150","prov_name":"Lucca","prov_istat_code":"046","prov_istat_code_num":46,"prov_acr":"LU","reg_name":"Toscana","reg_istat_code":"09","reg_istat_code_num":9,"opdm_id":"4461","com_catasto_code":"D874","com_istat_code":"046015","com_istat_code_num":46015,"value":71.62401366324298,"_featureIdx":22,"_color":"#39d078"}},{"type":"Feature","geometry":{"type":"Polygon","coordinates":[[[10.437795918367346,44.08767346938776],[10.465714285714284,44.08767346938776],[10.465714285714284,44.09787755102041],[10.437795918367346,44.09787755102041],[10.437795918367346,44.08767346938776]]]},"properties":{"name":"Gallicano","minint_elettorale":"2090430150","op_id":"4562","minint_finloc":"3090430150","prov_name":"Lucca","prov_istat_code":"046","prov_istat_code_num":46,"prov_acr":"LU","reg_name":"Toscana","reg_istat_code":"09","reg_istat_code_num":9,"opdm_id":"4461","com_catasto_code":"D874","com_istat_code":"046015","com_istat_code_num":46015,"value":71.62401366324298,"_featureIdx":22,"_color":"#39d078"}},{"type":"Feature","geometry":{"type":"Polygon","coordinates":[[[10.465714285714284,44.08767346938776],[10.493632653061223,44.08767346938776],[10.493632653061223,44.09787755102041],[10.465714285714284,44.09787755102041],[10.465714285714284,44.08767346938776]]]},"properties":{"name":"Barga","minint_finloc":"3090430030","minint_elettorale":"2090430030","op_id":"4550","prov_name":"Lucca","prov_istat_code":"046","prov_istat_code_num":46,"prov_acr":"LU","reg_name":"Toscana","reg_istat_code":"09","reg_istat_code_num":9,"opdm_id":"4450","com_catasto_code":"A657","com_istat_code":"046003","com_istat_code_num":46003,"value":54.53983125346276,"_featureIdx":14,"_color":"#39d046"}},{"type":"Feature","geometry":{"type":"Polygon","coordinates":[[[10.493632653061225,44.08767346938776],[10.521551020408163,44.08767346938776],[10.521551020408163,44.09787755102041],[10.493632653061225,44.09787755102041],[10.493632653061225,44.08767346938776]]]},"properties":{"name":"Barga","minint_finloc":"3090430030","minint_elettorale":"2090430030","op_id":"4550","prov_name":"Lucca","prov_istat_code":"046","prov_istat_code_num":46,"prov_acr":"LU","reg_name":"Toscana","reg_istat_code":"09","reg_istat_code_num":9,"opdm_id":"4450","com_catasto_code":"A657","com_istat_code":"046003","com_istat_code_num":46003,"value":54.53983125346276,"_featureIdx":14,"_color":"#39d046"}},{"type":"Feature","geometry":{"type":"Polygon","coordinates":[[[10.521551020408163,44.08767346938776],[10.549469387755101,44.08767346938776],[10.549469387755101,44.09787755102041],[10.521551020408163,44.09787755102041],[10.521551020408163,44.08767346938776]]]},"properties":{"name":"Barga","minint_finloc":"3090430030","minint_elettorale":"2090430030","op_id":"4550","prov_name":"Lucca","prov_istat_code":"046","prov_istat_code_num":46,"prov_acr":"LU","reg_name":"Toscana","reg_istat_code":"09","reg_istat_code_num":9,"opdm_id":"4450","com_catasto_code":"A657","com_istat_code":"046003","com_istat_code_num":46003,"value":54.53983125346276,"_featureIdx":14,"_color":"#39d046"}},{"type":"Feature","geometry":{"type":"Polygon","coordinates":[[[10.549469387755101,44.08767346938776],[10.57738775510204,44.08767346938776],[10.57738775510204,44.09787755102041],[10.549469387755101,44.09787755102041],[10.549469387755101,44.08767346938776]]]},"properties":{"name":"Coreglia Antelminelli","minint_elettorale":"2090430110","minint_finloc":"3090430110","op_id":"4558","prov_name":"Lucca","prov_istat_code":"046","prov_istat_code_num":46,"prov_acr":"LU","reg_name":"Toscana","reg_istat_code":"09","reg_istat_code_num":9,"opdm_id":"4458","com_catasto_code":"C996","com_istat_code":"046011","com_istat_code_num":46011,"value":55.54907380165703,"_featureIdx":20,"_color":"#3952d0"}},{"type":"Feature","geometry":{"type":"Polygon","coordinates":[[[10.577387755102041,44.08767346938776],[10.60530612244898,44.08767346938776],[10.60530612244898,44.09787755102041],[10.577387755102041,44.09787755102041],[10.577387755102041,44.08767346938776]]]},"properties":{"name":"Coreglia Antelminelli","minint_elettorale":"2090430110","minint_finloc":"3090430110","op_id":"4558","prov_name":"Lucca","prov_istat_code":"046","prov_istat_code_num":46,"prov_acr":"LU","reg_name":"Toscana","reg_istat_code":"09","reg_istat_code_num":9,"opdm_id":"4458","com_catasto_code":"C996","com_istat_code":"046011","com_istat_code_num":46011,"value":55.54907380165703,"_featureIdx":20,"_color":"#3952d0"}},{"type":"Feature","geometry":{"type":"Polygon","coordinates":[[[10.60530612244898,44.08767346938776],[10.633224489795918,44.08767346938776],[10.633224489795918,44.09787755102041],[10.60530612244898,44.09787755102041],[10.60530612244898,44.08767346938776]]]},"properties":{"name":"Bagni di Lucca","minint_elettorale":"2090430020","minint_finloc":"3090430020","op_id":"4549","prov_name":"Lucca","prov_istat_code":"046","prov_istat_code_num":46,"prov_acr":"LU","reg_name":"Toscana","reg_istat_code":"09","reg_istat_code_num":9,"opdm_id":"4449","com_catasto_code":"A560","com_istat_code":"046002","com_istat_code_num":46002,"value":29.50083107017074,"_featureIdx":13,"_color":"#d03958"}},{"type":"Feature","geometry":{"type":"Polygon","coordinates":[[[10.633224489795918,44.08767346938776],[10.661142857142856,44.08767346938776],[10.661142857142856,44.09787755102041],[10.633224489795918,44.09787755102041],[10.633224489795918,44.08767346938776]]]},"properties":{"name":"Bagni di Lucca","minint_elettorale":"2090430020","minint_finloc":"3090430020","op_id":"4549","prov_name":"Lucca","prov_istat_code":"046","prov_istat_code_num":46,"prov_acr":"LU","reg_name":"Toscana","reg_istat_code":"09","reg_istat_code_num":9,"opdm_id":"4449","com_catasto_code":"A560","com_istat_code":"046002","com_istat_code_num":46002,"value":29.50083107017074,"_featureIdx":13,"_color":"#d03958"}},{"type":"Feature","geometry":{"type":"Polygon","coordinates":[[[10.661142857142856,44.08767346938776],[10.689061224489794,44.08767346938776],[10.689061224489794,44.09787755102041],[10.661142857142856,44.09787755102041],[10.661142857142856,44.08767346938776]]]},"properties":{"name":"Bagni di Lucca","minint_elettorale":"2090430020","minint_finloc":"3090430020","op_id":"4549","prov_name":"Lucca","prov_istat_code":"046","prov_istat_code_num":46,"prov_acr":"LU","reg_name":"Toscana","reg_istat_code":"09","reg_istat_code_num":9,"opdm_id":"4449","com_catasto_code":"A560","com_istat_code":"046002","com_istat_code_num":46002,"value":29.50083107017074,"_featureIdx":13,"_color":"#d03958"}},{"type":"Feature","geometry":{"type":"Polygon","coordinates":[[[10.689061224489794,44.08767346938776],[10.716979591836733,44.08767346938776],[10.716979591836733,44.09787755102041],[10.689061224489794,44.09787755102041],[10.689061224489794,44.08767346938776]]]},"properties":{"name":"Bagni di Lucca","minint_elettorale":"2090430020","minint_finloc":"3090430020","op_id":"4549","prov_name":"Lucca","prov_istat_code":"046","prov_istat_code_num":46,"prov_acr":"LU","reg_name":"Toscana","reg_istat_code":"09","reg_istat_code_num":9,"opdm_id":"4449","com_catasto_code":"A560","com_istat_code":"046002","com_istat_code_num":46002,"value":29.50083107017074,"_featureIdx":13,"_color":"#d03958"}},{"type":"Feature","geometry":{"type":"Polygon","coordinates":[[[10.716979591836735,44.08767346938776],[10.744897959183673,44.08767346938776],[10.744897959183673,44.09787755102041],[10.716979591836735,44.09787755102041],[10.716979591836735,44.08767346938776]]]},"properties":{"name":"Abetone Cutigliano","minint_elettorale":"2090630012","op_id":"8304","prov_name":"Pistoia","prov_istat_code":"047","prov_istat_code_num":47,"prov_acr":"PT","reg_name":"Toscana","reg_istat_code":"09","reg_istat_code_num":9,"opdm_id":"4499","com_catasto_code":"M376","com_istat_code":"047023","com_istat_code_num":47023,"value":53.20210224026144,"_featureIdx":33,"_color":"#3971d0"}},{"type":"Feature","geometry":{"type":"Polygon","coordinates":[[[10.744897959183673,44.08767346938776],[10.772816326530611,44.08767346938776],[10.772816326530611,44.09787755102041],[10.744897959183673,44.09787755102041],[10.744897959183673,44.08767346938776]]]},"properties":{"name":"Abetone Cutigliano","minint_elettorale":"2090630012","op_id":"8304","prov_name":"Pistoia","prov_istat_code":"047","prov_istat_code_num":47,"prov_acr":"PT","reg_name":"Toscana","reg_istat_code":"09","reg_istat_code_num":9,"opdm_id":"4499","com_catasto_code":"M376","com_istat_code":"047023","com_istat_code_num":47023,"value":53.20210224026144,"_featureIdx":33,"_color":"#3971d0"}},{"type":"Feature","geometry":{"type":"Polygon","coordinates":[[[10.772816326530611,44.08767346938776],[10.80073469387755,44.08767346938776],[10.80073469387755,44.09787755102041],[10.772816326530611,44.09787755102041],[10.772816326530611,44.08767346938776]]]},"properties":{"name":"San Marcello Piteglio","minint_elettorale":"2090630185","op_id":"8305","prov_name":"Pistoia","prov_istat_code":"047","prov_istat_code_num":47,"prov_acr":"PT","reg_name":"Toscana","reg_istat_code":"09","reg_istat_code_num":9,"opdm_id":"4500","com_catasto_code":"M377","com_istat_code":"047024","com_istat_code_num":47024,"value":59.15588707851101,"_featureIdx":34,"_color":"#d03945"}},{"type":"Feature","geometry":{"type":"Polygon","coordinates":[[[10.800734693877551,44.08767346938776],[10.82865306122449,44.08767346938776],[10.82865306122449,44.09787755102041],[10.800734693877551,44.09787755102041],[10.800734693877551,44.08767346938776]]]},"properties":{"name":"San Marcello Piteglio","minint_elettorale":"2090630185","op_id":"8305","prov_name":"Pistoia","prov_istat_code":"047","prov_istat_code_num":47,"prov_acr":"PT","reg_name":"Toscana","reg_istat_code":"09","reg_istat_code_num":9,"opdm_id":"4500","com_catasto_code":"M377","com_istat_code":"047024","com_istat_code_num":47024,"value":59.15588707851101,"_featureIdx":34,"_color":"#d03945"}},{"type":"Feature","geometry":{"type":"Polygon","coordinates":[[[10.82865306122449,44.08767346938776],[10.856571428571428,44.08767346938776],[10.856571428571428,44.09787755102041],[10.82865306122449,44.09787755102041],[10.82865306122449,44.08767346938776]]]},"properties":{"name":"San Marcello Piteglio","minint_elettorale":"2090630185","op_id":"8305","prov_name":"Pistoia","prov_istat_code":"047","prov_istat_code_num":47,"prov_acr":"PT","reg_name":"Toscana","reg_istat_code":"09","reg_istat_code_num":9,"opdm_id":"4500","com_catasto_code":"M377","com_istat_code":"047024","com_istat_code_num":47024,"value":59.15588707851101,"_featureIdx":34,"_color":"#d03945"}},{"type":"Feature","geometry":{"type":"Polygon","coordinates":[[[10.940326530612245,44.08767346938776],[10.968244897959183,44.08767346938776],[10.968244897959183,44.09787755102041],[10.940326530612245,44.09787755102041],[10.940326530612245,44.08767346938776]]]},"properties":{"name":"Sambuca Pistoiese","minint_finloc":"3090630170","minint_elettorale":"2090630170","op_id":"4601","prov_name":"Pistoia","prov_istat_code":"047","prov_istat_code_num":47,"prov_acr":"PT","reg_name":"Toscana","reg_istat_code":"09","reg_istat_code_num":9,"opdm_id":"4495","com_catasto_code":"H744","com_istat_code":"047018","com_istat_code_num":47018,"value":87.99165627742974,"_featureIdx":32,"_color":"#9dd039"}},{"type":"Feature","geometry":{"type":"Polygon","coordinates":[[[10.968244897959183,44.08767346938776],[10.996163265306121,44.08767346938776],[10.996163265306121,44.09787755102041],[10.968244897959183,44.09787755102041],[10.968244897959183,44.08767346938776]]]},"properties":{"name":"Sambuca Pistoiese","minint_finloc":"3090630170","minint_elettorale":"2090630170","op_id":"4601","prov_name":"Pistoia","prov_istat_code":"047","prov_istat_code_num":47,"prov_acr":"PT","reg_name":"Toscana","reg_istat_code":"09","reg_istat_code_num":9,"opdm_id":"4495","com_catasto_code":"H744","com_istat_code":"047018","com_istat_code_num":47018,"value":87.99165627742974,"_featureIdx":32,"_color":"#9dd039"}},{"type":"Feature","geometry":{"type":"Polygon","coordinates":[[[10.996163265306123,44.08767346938776],[11.024081632653061,44.08767346938776],[11.024081632653061,44.09787755102041],[10.996163265306123,44.09787755102041],[10.996163265306123,44.08767346938776]]]},"properties":{"name":"Sambuca Pistoiese","minint_finloc":"3090630170","minint_elettorale":"2090630170","op_id":"4601","prov_name":"Pistoia","prov_istat_code":"047","prov_istat_code_num":47,"prov_acr":"PT","reg_name":"Toscana","reg_istat_code":"09","reg_istat_code_num":9,"opdm_id":"4495","com_catasto_code":"H744","com_istat_code":"047018","com_istat_code_num":47018,"value":87.99165627742974,"_featureIdx":32,"_color":"#9dd039"}},{"type":"Feature","geometry":{"type":"Polygon","coordinates":[[[11.024081632653061,44.08767346938776],[11.052,44.08767346938776],[11.052,44.09787755102041],[11.024081632653061,44.09787755102041],[11.024081632653061,44.08767346938776]]]},"properties":{"name":"Sambuca Pistoiese","minint_finloc":"3090630170","minint_elettorale":"2090630170","op_id":"4601","prov_name":"Pistoia","prov_istat_code":"047","prov_istat_code_num":47,"prov_acr":"PT","reg_name":"Toscana","reg_istat_code":"09","reg_istat_code_num":9,"opdm_id":"4495","com_catasto_code":"H744","com_istat_code":"047018","com_istat_code_num":47018,"value":87.99165627742974,"_featureIdx":32,"_color":"#9dd039"}},{"type":"Feature","geometry":{"type":"Polygon","coordinates":[[[10.298204081632653,44.09787755102041],[10.326122448979591,44.09787755102041],[10.326122448979591,44.10808163265306],[10.298204081632653,44.10808163265306],[10.298204081632653,44.09787755102041]]]},"properties":{"name":"Careggine","minint_elettorale":"2090430080","minint_finloc":"3090430080","op_id":"4555","prov_name":"Lucca","prov_istat_code":"046","prov_istat_code_num":46,"prov_acr":"LU","reg_name":"Toscana","reg_istat_code":"09","reg_istat_code_num":9,"opdm_id":"4455","com_catasto_code":"B760","com_istat_code":"046008","com_istat_code_num":46008,"value":90.70409526891459,"_featureIdx":17,"_color":"#39d0cb"}},{"type":"Feature","geometry":{"type":"Polygon","coordinates":[[[10.326122448979591,44.09787755102041],[10.35404081632653,44.09787755102041],[10.35404081632653,44.10808163265306],[10.326122448979591,44.10808163265306],[10.326122448979591,44.09787755102041]]]},"properties":{"name":"Careggine","minint_elettorale":"2090430080","minint_finloc":"3090430080","op_id":"4555","prov_name":"Lucca","prov_istat_code":"046","prov_istat_code_num":46,"prov_acr":"LU","reg_name":"Toscana","reg_istat_code":"09","reg_istat_code_num":9,"opdm_id":"4455","com_catasto_code":"B760","com_istat_code":"046008","com_istat_code_num":46008,"value":90.70409526891459,"_featureIdx":17,"_color":"#39d0cb"}},{"type":"Feature","geometry":{"type":"Polygon","coordinates":[[[10.35404081632653,44.09787755102041],[10.381959183673468,44.09787755102041],[10.381959183673468,44.10808163265306],[10.35404081632653,44.10808163265306],[10.35404081632653,44.09787755102041]]]},"properties":{"name":"Castelnuovo di Garfagnana","minint_finloc":"3090430090","op_id":"4556","minint_elettorale":"2090430090","prov_name":"Lucca","prov_istat_code":"046","prov_istat_code_num":46,"prov_acr":"LU","reg_name":"Toscana","reg_istat_code":"09","reg_istat_code_num":9,"opdm_id":"4456","com_catasto_code":"C236","com_istat_code":"046009","com_istat_code_num":46009,"value":55.783658460518225,"_featureIdx":18,"_color":"#d039aa"}},{"type":"Feature","geometry":{"type":"Polygon","coordinates":[[[10.38195918367347,44.09787755102041],[10.409877551020408,44.09787755102041],[10.409877551020408,44.10808163265306],[10.38195918367347,44.10808163265306],[10.38195918367347,44.09787755102041]]]},"properties":{"name":"Castelnuovo di Garfagnana","minint_finloc":"3090430090","op_id":"4556","minint_elettorale":"2090430090","prov_name":"Lucca","prov_istat_code":"046","prov_istat_code_num":46,"prov_acr":"LU","reg_name":"Toscana","reg_istat_code":"09","reg_istat_code_num":9,"opdm_id":"4456","com_catasto_code":"C236","com_istat_code":"046009","com_istat_code_num":46009,"value":55.783658460518225,"_featureIdx":18,"_color":"#d039aa"}},{"type":"Feature","geometry":{"type":"Polygon","coordinates":[[[10.409877551020408,44.09787755102041],[10.437795918367346,44.09787755102041],[10.437795918367346,44.10808163265306],[10.409877551020408,44.10808163265306],[10.409877551020408,44.09787755102041]]]},"properties":{"name":"Castelnuovo di Garfagnana","minint_finloc":"3090430090","op_id":"4556","minint_elettorale":"2090430090","prov_name":"Lucca","prov_istat_code":"046","prov_istat_code_num":46,"prov_acr":"LU","reg_name":"Toscana","reg_istat_code":"09","reg_istat_code_num":9,"opdm_id":"4456","com_catasto_code":"C236","com_istat_code":"046009","com_istat_code_num":46009,"value":55.783658460518225,"_featureIdx":18,"_color":"#d039aa"}},{"type":"Feature","geometry":{"type":"Polygon","coordinates":[[[10.437795918367346,44.09787755102041],[10.465714285714284,44.09787755102041],[10.465714285714284,44.10808163265306],[10.437795918367346,44.10808163265306],[10.437795918367346,44.09787755102041]]]},"properties":{"name":"Gallicano","minint_elettorale":"2090430150","op_id":"4562","minint_finloc":"3090430150","prov_name":"Lucca","prov_istat_code":"046","prov_istat_code_num":46,"prov_acr":"LU","reg_name":"Toscana","reg_istat_code":"09","reg_istat_code_num":9,"opdm_id":"4461","com_catasto_code":"D874","com_istat_code":"046015","com_istat_code_num":46015,"value":71.62401366324298,"_featureIdx":22,"_color":"#39d078"}},{"type":"Feature","geometry":{"type":"Polygon","coordinates":[[[10.465714285714284,44.09787755102041],[10.493632653061223,44.09787755102041],[10.493632653061223,44.10808163265306],[10.465714285714284,44.10808163265306],[10.465714285714284,44.09787755102041]]]},"properties":{"name":"Barga","minint_finloc":"3090430030","minint_elettorale":"2090430030","op_id":"4550","prov_name":"Lucca","prov_istat_code":"046","prov_istat_code_num":46,"prov_acr":"LU","reg_name":"Toscana","reg_istat_code":"09","reg_istat_code_num":9,"opdm_id":"4450","com_catasto_code":"A657","com_istat_code":"046003","com_istat_code_num":46003,"value":54.53983125346276,"_featureIdx":14,"_color":"#39d046"}},{"type":"Feature","geometry":{"type":"Polygon","coordinates":[[[10.493632653061225,44.09787755102041],[10.521551020408163,44.09787755102041],[10.521551020408163,44.10808163265306],[10.493632653061225,44.10808163265306],[10.493632653061225,44.09787755102041]]]},"properties":{"name":"Barga","minint_finloc":"3090430030","minint_elettorale":"2090430030","op_id":"4550","prov_name":"Lucca","prov_istat_code":"046","prov_istat_code_num":46,"prov_acr":"LU","reg_name":"Toscana","reg_istat_code":"09","reg_istat_code_num":9,"opdm_id":"4450","com_catasto_code":"A657","com_istat_code":"046003","com_istat_code_num":46003,"value":54.53983125346276,"_featureIdx":14,"_color":"#39d046"}},{"type":"Feature","geometry":{"type":"Polygon","coordinates":[[[10.521551020408163,44.09787755102041],[10.549469387755101,44.09787755102041],[10.549469387755101,44.10808163265306],[10.521551020408163,44.10808163265306],[10.521551020408163,44.09787755102041]]]},"properties":{"name":"Barga","minint_finloc":"3090430030","minint_elettorale":"2090430030","op_id":"4550","prov_name":"Lucca","prov_istat_code":"046","prov_istat_code_num":46,"prov_acr":"LU","reg_name":"Toscana","reg_istat_code":"09","reg_istat_code_num":9,"opdm_id":"4450","com_catasto_code":"A657","com_istat_code":"046003","com_istat_code_num":46003,"value":54.53983125346276,"_featureIdx":14,"_color":"#39d046"}},{"type":"Feature","geometry":{"type":"Polygon","coordinates":[[[10.549469387755101,44.09787755102041],[10.57738775510204,44.09787755102041],[10.57738775510204,44.10808163265306],[10.549469387755101,44.10808163265306],[10.549469387755101,44.09787755102041]]]},"properties":{"name":"Coreglia Antelminelli","minint_elettorale":"2090430110","minint_finloc":"3090430110","op_id":"4558","prov_name":"Lucca","prov_istat_code":"046","prov_istat_code_num":46,"prov_acr":"LU","reg_name":"Toscana","reg_istat_code":"09","reg_istat_code_num":9,"opdm_id":"4458","com_catasto_code":"C996","com_istat_code":"046011","com_istat_code_num":46011,"value":55.54907380165703,"_featureIdx":20,"_color":"#3952d0"}},{"type":"Feature","geometry":{"type":"Polygon","coordinates":[[[10.577387755102041,44.09787755102041],[10.60530612244898,44.09787755102041],[10.60530612244898,44.10808163265306],[10.577387755102041,44.10808163265306],[10.577387755102041,44.09787755102041]]]},"properties":{"name":"Coreglia Antelminelli","minint_elettorale":"2090430110","minint_finloc":"3090430110","op_id":"4558","prov_name":"Lucca","prov_istat_code":"046","prov_istat_code_num":46,"prov_acr":"LU","reg_name":"Toscana","reg_istat_code":"09","reg_istat_code_num":9,"opdm_id":"4458","com_catasto_code":"C996","com_istat_code":"046011","com_istat_code_num":46011,"value":55.54907380165703,"_featureIdx":20,"_color":"#3952d0"}},{"type":"Feature","geometry":{"type":"Polygon","coordinates":[[[10.60530612244898,44.09787755102041],[10.633224489795918,44.09787755102041],[10.633224489795918,44.10808163265306],[10.60530612244898,44.10808163265306],[10.60530612244898,44.09787755102041]]]},"properties":{"name":"Bagni di Lucca","minint_elettorale":"2090430020","minint_finloc":"3090430020","op_id":"4549","prov_name":"Lucca","prov_istat_code":"046","prov_istat_code_num":46,"prov_acr":"LU","reg_name":"Toscana","reg_istat_code":"09","reg_istat_code_num":9,"opdm_id":"4449","com_catasto_code":"A560","com_istat_code":"046002","com_istat_code_num":46002,"value":29.50083107017074,"_featureIdx":13,"_color":"#d03958"}},{"type":"Feature","geometry":{"type":"Polygon","coordinates":[[[10.633224489795918,44.09787755102041],[10.661142857142856,44.09787755102041],[10.661142857142856,44.10808163265306],[10.633224489795918,44.10808163265306],[10.633224489795918,44.09787755102041]]]},"properties":{"name":"Bagni di Lucca","minint_elettorale":"2090430020","minint_finloc":"3090430020","op_id":"4549","prov_name":"Lucca","prov_istat_code":"046","prov_istat_code_num":46,"prov_acr":"LU","reg_name":"Toscana","reg_istat_code":"09","reg_istat_code_num":9,"opdm_id":"4449","com_catasto_code":"A560","com_istat_code":"046002","com_istat_code_num":46002,"value":29.50083107017074,"_featureIdx":13,"_color":"#d03958"}},{"type":"Feature","geometry":{"type":"Polygon","coordinates":[[[10.661142857142856,44.09787755102041],[10.689061224489794,44.09787755102041],[10.689061224489794,44.10808163265306],[10.661142857142856,44.10808163265306],[10.661142857142856,44.09787755102041]]]},"properties":{"name":"Bagni di Lucca","minint_elettorale":"2090430020","minint_finloc":"3090430020","op_id":"4549","prov_name":"Lucca","prov_istat_code":"046","prov_istat_code_num":46,"prov_acr":"LU","reg_name":"Toscana","reg_istat_code":"09","reg_istat_code_num":9,"opdm_id":"4449","com_catasto_code":"A560","com_istat_code":"046002","com_istat_code_num":46002,"value":29.50083107017074,"_featureIdx":13,"_color":"#d03958"}},{"type":"Feature","geometry":{"type":"Polygon","coordinates":[[[10.689061224489794,44.09787755102041],[10.716979591836733,44.09787755102041],[10.716979591836733,44.10808163265306],[10.689061224489794,44.10808163265306],[10.689061224489794,44.09787755102041]]]},"properties":{"name":"Abetone Cutigliano","minint_elettorale":"2090630012","op_id":"8304","prov_name":"Pistoia","prov_istat_code":"047","prov_istat_code_num":47,"prov_acr":"PT","reg_name":"Toscana","reg_istat_code":"09","reg_istat_code_num":9,"opdm_id":"4499","com_catasto_code":"M376","com_istat_code":"047023","com_istat_code_num":47023,"value":53.20210224026144,"_featureIdx":33,"_color":"#3971d0"}},{"type":"Feature","geometry":{"type":"Polygon","coordinates":[[[10.716979591836735,44.09787755102041],[10.744897959183673,44.09787755102041],[10.744897959183673,44.10808163265306],[10.716979591836735,44.10808163265306],[10.716979591836735,44.09787755102041]]]},"properties":{"name":"Abetone Cutigliano","minint_elettorale":"2090630012","op_id":"8304","prov_name":"Pistoia","prov_istat_code":"047","prov_istat_code_num":47,"prov_acr":"PT","reg_name":"Toscana","reg_istat_code":"09","reg_istat_code_num":9,"opdm_id":"4499","com_catasto_code":"M376","com_istat_code":"047023","com_istat_code_num":47023,"value":53.20210224026144,"_featureIdx":33,"_color":"#3971d0"}},{"type":"Feature","geometry":{"type":"Polygon","coordinates":[[[10.744897959183673,44.09787755102041],[10.772816326530611,44.09787755102041],[10.772816326530611,44.10808163265306],[10.744897959183673,44.10808163265306],[10.744897959183673,44.09787755102041]]]},"properties":{"name":"Abetone Cutigliano","minint_elettorale":"2090630012","op_id":"8304","prov_name":"Pistoia","prov_istat_code":"047","prov_istat_code_num":47,"prov_acr":"PT","reg_name":"Toscana","reg_istat_code":"09","reg_istat_code_num":9,"opdm_id":"4499","com_catasto_code":"M376","com_istat_code":"047023","com_istat_code_num":47023,"value":53.20210224026144,"_featureIdx":33,"_color":"#3971d0"}},{"type":"Feature","geometry":{"type":"Polygon","coordinates":[[[10.772816326530611,44.09787755102041],[10.80073469387755,44.09787755102041],[10.80073469387755,44.10808163265306],[10.772816326530611,44.10808163265306],[10.772816326530611,44.09787755102041]]]},"properties":{"name":"San Marcello Piteglio","minint_elettorale":"2090630185","op_id":"8305","prov_name":"Pistoia","prov_istat_code":"047","prov_istat_code_num":47,"prov_acr":"PT","reg_name":"Toscana","reg_istat_code":"09","reg_istat_code_num":9,"opdm_id":"4500","com_catasto_code":"M377","com_istat_code":"047024","com_istat_code_num":47024,"value":59.15588707851101,"_featureIdx":34,"_color":"#d03945"}},{"type":"Feature","geometry":{"type":"Polygon","coordinates":[[[10.800734693877551,44.09787755102041],[10.82865306122449,44.09787755102041],[10.82865306122449,44.10808163265306],[10.800734693877551,44.10808163265306],[10.800734693877551,44.09787755102041]]]},"properties":{"name":"San Marcello Piteglio","minint_elettorale":"2090630185","op_id":"8305","prov_name":"Pistoia","prov_istat_code":"047","prov_istat_code_num":47,"prov_acr":"PT","reg_name":"Toscana","reg_istat_code":"09","reg_istat_code_num":9,"opdm_id":"4500","com_catasto_code":"M377","com_istat_code":"047024","com_istat_code_num":47024,"value":59.15588707851101,"_featureIdx":34,"_color":"#d03945"}},{"type":"Feature","geometry":{"type":"Polygon","coordinates":[[[10.82865306122449,44.09787755102041],[10.856571428571428,44.09787755102041],[10.856571428571428,44.10808163265306],[10.82865306122449,44.10808163265306],[10.82865306122449,44.09787755102041]]]},"properties":{"name":"San Marcello Piteglio","minint_elettorale":"2090630185","op_id":"8305","prov_name":"Pistoia","prov_istat_code":"047","prov_istat_code_num":47,"prov_acr":"PT","reg_name":"Toscana","reg_istat_code":"09","reg_istat_code_num":9,"opdm_id":"4500","com_catasto_code":"M377","com_istat_code":"047024","com_istat_code_num":47024,"value":59.15588707851101,"_featureIdx":34,"_color":"#d03945"}},{"type":"Feature","geometry":{"type":"Polygon","coordinates":[[[10.940326530612245,44.09787755102041],[10.968244897959183,44.09787755102041],[10.968244897959183,44.10808163265306],[10.940326530612245,44.10808163265306],[10.940326530612245,44.09787755102041]]]},"properties":{"name":"Sambuca Pistoiese","minint_finloc":"3090630170","minint_elettorale":"2090630170","op_id":"4601","prov_name":"Pistoia","prov_istat_code":"047","prov_istat_code_num":47,"prov_acr":"PT","reg_name":"Toscana","reg_istat_code":"09","reg_istat_code_num":9,"opdm_id":"4495","com_catasto_code":"H744","com_istat_code":"047018","com_istat_code_num":47018,"value":87.99165627742974,"_featureIdx":32,"_color":"#9dd039"}},{"type":"Feature","geometry":{"type":"Polygon","coordinates":[[[10.968244897959183,44.09787755102041],[10.996163265306121,44.09787755102041],[10.996163265306121,44.10808163265306],[10.968244897959183,44.10808163265306],[10.968244897959183,44.09787755102041]]]},"properties":{"name":"Sambuca Pistoiese","minint_finloc":"3090630170","minint_elettorale":"2090630170","op_id":"4601","prov_name":"Pistoia","prov_istat_code":"047","prov_istat_code_num":47,"prov_acr":"PT","reg_name":"Toscana","reg_istat_code":"09","reg_istat_code_num":9,"opdm_id":"4495","com_catasto_code":"H744","com_istat_code":"047018","com_istat_code_num":47018,"value":87.99165627742974,"_featureIdx":32,"_color":"#9dd039"}},{"type":"Feature","geometry":{"type":"Polygon","coordinates":[[[9.991102040816326,44.10808163265307],[10.019020408163264,44.10808163265307],[10.019020408163264,44.11828571428572],[9.991102040816326,44.11828571428572],[9.991102040816326,44.10808163265307]]]},"properties":{"name":"Fosdinovo","minint_finloc":"3090460080","op_id":"4538","minint_elettorale":"2090460080","prov_name":"Massa-Carrara","prov_istat_code":"045","prov_istat_code_num":45,"prov_acr":"MS","reg_name":"Toscana","reg_istat_code":"09","reg_istat_code_num":9,"opdm_id":"4438","com_catasto_code":"D735","com_istat_code":"045008","com_istat_code_num":45008,"value":13.96944528240558,"_featureIdx":6,"_color":"#5fd039"}},{"type":"Feature","geometry":{"type":"Polygon","coordinates":[[[10.13069387755102,44.10808163265307],[10.158612244897958,44.10808163265307],[10.158612244897958,44.11828571428572],[10.13069387755102,44.11828571428572],[10.13069387755102,44.10808163265307]]]},"properties":{"name":"Fivizzano","op_id":"4537","minint_elettorale":"2090460070","minint_finloc":"3090460070","prov_name":"Massa-Carrara","prov_istat_code":"045","prov_istat_code_num":45,"prov_acr":"MS","reg_name":"Toscana","reg_istat_code":"09","reg_istat_code_num":9,"opdm_id":"4437","com_catasto_code":"D629","com_istat_code":"045007","com_istat_code_num":45007,"value":8.158620559420203,"_featureIdx":5,"_color":"#d0398b"}},{"type":"Feature","geometry":{"type":"Polygon","coordinates":[[[10.214448979591836,44.10808163265307],[10.242367346938774,44.10808163265307],[10.242367346938774,44.11828571428572],[10.214448979591836,44.11828571428572],[10.214448979591836,44.10808163265307]]]},"properties":{"name":"Minucciano","minint_finloc":"3090430190","op_id":"4566","minint_elettorale":"2090430190","prov_name":"Lucca","prov_istat_code":"046","prov_istat_code_num":46,"prov_acr":"LU","reg_name":"Toscana","reg_istat_code":"09","reg_istat_code_num":9,"opdm_id":"4464","com_catasto_code":"F225","com_istat_code":"046019","com_istat_code_num":46019,"value":41.82481227587856,"_featureIdx":23,"_color":"#a539d0"}},{"type":"Feature","geometry":{"type":"Polygon","coordinates":[[[10.298204081632653,44.10808163265307],[10.326122448979591,44.10808163265307],[10.326122448979591,44.11828571428572],[10.298204081632653,44.11828571428572],[10.298204081632653,44.10808163265307]]]},"properties":{"name":"Careggine","minint_elettorale":"2090430080","minint_finloc":"3090430080","op_id":"4555","prov_name":"Lucca","prov_istat_code":"046","prov_istat_code_num":46,"prov_acr":"LU","reg_name":"Toscana","reg_istat_code":"09","reg_istat_code_num":9,"opdm_id":"4455","com_catasto_code":"B760","com_istat_code":"046008","com_istat_code_num":46008,"value":90.70409526891459,"_featureIdx":17,"_color":"#39d0cb"}},{"type":"Feature","geometry":{"type":"Polygon","coordinates":[[[10.326122448979591,44.10808163265307],[10.35404081632653,44.10808163265307],[10.35404081632653,44.11828571428572],[10.326122448979591,44.11828571428572],[10.326122448979591,44.10808163265307]]]},"properties":{"name":"Camporgiano","op_id":"4553","minint_finloc":"3090430060","minint_elettorale":"2090430060","prov_name":"Lucca","prov_istat_code":"046","prov_istat_code_num":46,"prov_acr":"LU","reg_name":"Toscana","reg_istat_code":"09","reg_istat_code_num":9,"opdm_id":"4453","com_catasto_code":"B557","com_istat_code":"046006","com_istat_code_num":46006,"value":37.83863678196586,"_featureIdx":16,"_color":"#d09e39"}},{"type":"Feature","geometry":{"type":"Polygon","coordinates":[[[10.35404081632653,44.10808163265307],[10.381959183673468,44.10808163265307],[10.381959183673468,44.11828571428572],[10.35404081632653,44.11828571428572],[10.35404081632653,44.10808163265307]]]},"properties":{"name":"Castelnuovo di Garfagnana","minint_finloc":"3090430090","op_id":"4556","minint_elettorale":"2090430090","prov_name":"Lucca","prov_istat_code":"046","prov_istat_code_num":46,"prov_acr":"LU","reg_name":"Toscana","reg_istat_code":"09","reg_istat_code_num":9,"opdm_id":"4456","com_catasto_code":"C236","com_istat_code":"046009","com_istat_code_num":46009,"value":55.783658460518225,"_featureIdx":18,"_color":"#d039aa"}},{"type":"Feature","geometry":{"type":"Polygon","coordinates":[[[10.38195918367347,44.10808163265307],[10.409877551020408,44.10808163265307],[10.409877551020408,44.11828571428572],[10.38195918367347,44.11828571428572],[10.38195918367347,44.10808163265307]]]},"properties":{"name":"Castelnuovo di Garfagnana","minint_finloc":"3090430090","op_id":"4556","minint_elettorale":"2090430090","prov_name":"Lucca","prov_istat_code":"046","prov_istat_code_num":46,"prov_acr":"LU","reg_name":"Toscana","reg_istat_code":"09","reg_istat_code_num":9,"opdm_id":"4456","com_catasto_code":"C236","com_istat_code":"046009","com_istat_code_num":46009,"value":55.783658460518225,"_featureIdx":18,"_color":"#d039aa"}},{"type":"Feature","geometry":{"type":"Polygon","coordinates":[[[10.409877551020408,44.10808163265307],[10.437795918367346,44.10808163265307],[10.437795918367346,44.11828571428572],[10.409877551020408,44.11828571428572],[10.409877551020408,44.10808163265307]]]},"properties":{"name":"Castelnuovo di Garfagnana","minint_finloc":"3090430090","op_id":"4556","minint_elettorale":"2090430090","prov_name":"Lucca","prov_istat_code":"046","prov_istat_code_num":46,"prov_acr":"LU","reg_name":"Toscana","reg_istat_code":"09","reg_istat_code_num":9,"opdm_id":"4456","com_catasto_code":"C236","com_istat_code":"046009","com_istat_code_num":46009,"value":55.783658460518225,"_featureIdx":18,"_color":"#d039aa"}},{"type":"Feature","geometry":{"type":"Polygon","coordinates":[[[10.437795918367346,44.10808163265307],[10.465714285714284,44.10808163265307],[10.465714285714284,44.11828571428572],[10.437795918367346,44.11828571428572],[10.437795918367346,44.10808163265307]]]},"properties":{"name":"Castelnuovo di Garfagnana","minint_finloc":"3090430090","op_id":"4556","minint_elettorale":"2090430090","prov_name":"Lucca","prov_istat_code":"046","prov_istat_code_num":46,"prov_acr":"LU","reg_name":"Toscana","reg_istat_code":"09","reg_istat_code_num":9,"opdm_id":"4456","com_catasto_code":"C236","com_istat_code":"046009","com_istat_code_num":46009,"value":55.783658460518225,"_featureIdx":18,"_color":"#d039aa"}},{"type":"Feature","geometry":{"type":"Polygon","coordinates":[[[10.465714285714284,44.10808163265307],[10.493632653061223,44.10808163265307],[10.493632653061223,44.11828571428572],[10.465714285714284,44.11828571428572],[10.465714285714284,44.10808163265307]]]},"properties":{"name":"Fosciandora","minint_elettorale":"2090430140","minint_finloc":"3090430140","op_id":"4561","prov_name":"Lucca","prov_istat_code":"046","prov_istat_code_num":46,"prov_acr":"LU","reg_name":"Toscana","reg_istat_code":"09","reg_istat_code_num":9,"opdm_id":"4460","com_catasto_code":"D734","com_istat_code":"046014","com_istat_code_num":46014,"value":19.142876510701235,"_featureIdx":21,"_color":"#d04c39"}},{"type":"Feature","geometry":{"type":"Polygon","coordinates":[[[10.493632653061225,44.10808163265307],[10.521551020408163,44.10808163265307],[10.521551020408163,44.11828571428572],[10.493632653061225,44.11828571428572],[10.493632653061225,44.10808163265307]]]},"properties":{"name":"Barga","minint_finloc":"3090430030","minint_elettorale":"2090430030","op_id":"4550","prov_name":"Lucca","prov_istat_code":"046","prov_istat_code_num":46,"prov_acr":"LU","reg_name":"Toscana","reg_istat_code":"09","reg_istat_code_num":9,"opdm_id":"4450","com_catasto_code":"A657","com_istat_code":"046003","com_istat_code_num":46003,"value":54.53983125346276,"_featureIdx":14,"_color":"#39d046"}},{"type":"Feature","geometry":{"type":"Polygon","coordinates":[[[10.521551020408163,44.10808163265307],[10.549469387755101,44.10808163265307],[10.549469387755101,44.11828571428572],[10.521551020408163,44.11828571428572],[10.521551020408163,44.10808163265307]]]},"properties":{"name":"Barga","minint_finloc":"3090430030","minint_elettorale":"2090430030","op_id":"4550","prov_name":"Lucca","prov_istat_code":"046","prov_istat_code_num":46,"prov_acr":"LU","reg_name":"Toscana","reg_istat_code":"09","reg_istat_code_num":9,"opdm_id":"4450","com_catasto_code":"A657","com_istat_code":"046003","com_istat_code_num":46003,"value":54.53983125346276,"_featureIdx":14,"_color":"#39d046"}},{"type":"Feature","geometry":{"type":"Polygon","coordinates":[[[10.549469387755101,44.10808163265307],[10.57738775510204,44.10808163265307],[10.57738775510204,44.11828571428572],[10.549469387755101,44.11828571428572],[10.549469387755101,44.10808163265307]]]},"properties":{"name":"Coreglia Antelminelli","minint_elettorale":"2090430110","minint_finloc":"3090430110","op_id":"4558","prov_name":"Lucca","prov_istat_code":"046","prov_istat_code_num":46,"prov_acr":"LU","reg_name":"Toscana","reg_istat_code":"09","reg_istat_code_num":9,"opdm_id":"4458","com_catasto_code":"C996","com_istat_code":"046011","com_istat_code_num":46011,"value":55.54907380165703,"_featureIdx":20,"_color":"#3952d0"}},{"type":"Feature","geometry":{"type":"Polygon","coordinates":[[[10.577387755102041,44.10808163265307],[10.60530612244898,44.10808163265307],[10.60530612244898,44.11828571428572],[10.577387755102041,44.11828571428572],[10.577387755102041,44.10808163265307]]]},"properties":{"name":"Coreglia Antelminelli","minint_elettorale":"2090430110","minint_finloc":"3090430110","op_id":"4558","prov_name":"Lucca","prov_istat_code":"046","prov_istat_code_num":46,"prov_acr":"LU","reg_name":"Toscana","reg_istat_code":"09","reg_istat_code_num":9,"opdm_id":"4458","com_catasto_code":"C996","com_istat_code":"046011","com_istat_code_num":46011,"value":55.54907380165703,"_featureIdx":20,"_color":"#3952d0"}},{"type":"Feature","geometry":{"type":"Polygon","coordinates":[[[10.60530612244898,44.10808163265307],[10.633224489795918,44.10808163265307],[10.633224489795918,44.11828571428572],[10.60530612244898,44.11828571428572],[10.60530612244898,44.10808163265307]]]},"properties":{"name":"Bagni di Lucca","minint_elettorale":"2090430020","minint_finloc":"3090430020","op_id":"4549","prov_name":"Lucca","prov_istat_code":"046","prov_istat_code_num":46,"prov_acr":"LU","reg_name":"Toscana","reg_istat_code":"09","reg_istat_code_num":9,"opdm_id":"4449","com_catasto_code":"A560","com_istat_code":"046002","com_istat_code_num":46002,"value":29.50083107017074,"_featureIdx":13,"_color":"#d03958"}},{"type":"Feature","geometry":{"type":"Polygon","coordinates":[[[10.633224489795918,44.10808163265307],[10.661142857142856,44.10808163265307],[10.661142857142856,44.11828571428572],[10.633224489795918,44.11828571428572],[10.633224489795918,44.10808163265307]]]},"properties":{"name":"Abetone Cutigliano","minint_elettorale":"2090630012","op_id":"8304","prov_name":"Pistoia","prov_istat_code":"047","prov_istat_code_num":47,"prov_acr":"PT","reg_name":"Toscana","reg_istat_code":"09","reg_istat_code_num":9,"opdm_id":"4499","com_catasto_code":"M376","com_istat_code":"047023","com_istat_code_num":47023,"value":53.20210224026144,"_featureIdx":33,"_color":"#3971d0"}},{"type":"Feature","geometry":{"type":"Polygon","coordinates":[[[10.661142857142856,44.10808163265307],[10.689061224489794,44.10808163265307],[10.689061224489794,44.11828571428572],[10.661142857142856,44.11828571428572],[10.661142857142856,44.10808163265307]]]},"properties":{"name":"Abetone Cutigliano","minint_elettorale":"2090630012","op_id":"8304","prov_name":"Pistoia","prov_istat_code":"047","prov_istat_code_num":47,"prov_acr":"PT","reg_name":"Toscana","reg_istat_code":"09","reg_istat_code_num":9,"opdm_id":"4499","com_catasto_code":"M376","com_istat_code":"047023","com_istat_code_num":47023,"value":53.20210224026144,"_featureIdx":33,"_color":"#3971d0"}},{"type":"Feature","geometry":{"type":"Polygon","coordinates":[[[10.689061224489794,44.10808163265307],[10.716979591836733,44.10808163265307],[10.716979591836733,44.11828571428572],[10.689061224489794,44.11828571428572],[10.689061224489794,44.10808163265307]]]},"properties":{"name":"Abetone Cutigliano","minint_elettorale":"2090630012","op_id":"8304","prov_name":"Pistoia","prov_istat_code":"047","prov_istat_code_num":47,"prov_acr":"PT","reg_name":"Toscana","reg_istat_code":"09","reg_istat_code_num":9,"opdm_id":"4499","com_catasto_code":"M376","com_istat_code":"047023","com_istat_code_num":47023,"value":53.20210224026144,"_featureIdx":33,"_color":"#3971d0"}},{"type":"Feature","geometry":{"type":"Polygon","coordinates":[[[10.716979591836735,44.10808163265307],[10.744897959183673,44.10808163265307],[10.744897959183673,44.11828571428572],[10.716979591836735,44.11828571428572],[10.716979591836735,44.10808163265307]]]},"properties":{"name":"Abetone Cutigliano","minint_elettorale":"2090630012","op_id":"8304","prov_name":"Pistoia","prov_istat_code":"047","prov_istat_code_num":47,"prov_acr":"PT","reg_name":"Toscana","reg_istat_code":"09","reg_istat_code_num":9,"opdm_id":"4499","com_catasto_code":"M376","com_istat_code":"047023","com_istat_code_num":47023,"value":53.20210224026144,"_featureIdx":33,"_color":"#3971d0"}},{"type":"Feature","geometry":{"type":"Polygon","coordinates":[[[10.744897959183673,44.10808163265307],[10.772816326530611,44.10808163265307],[10.772816326530611,44.11828571428572],[10.744897959183673,44.11828571428572],[10.744897959183673,44.10808163265307]]]},"properties":{"name":"Abetone Cutigliano","minint_elettorale":"2090630012","op_id":"8304","prov_name":"Pistoia","prov_istat_code":"047","prov_istat_code_num":47,"prov_acr":"PT","reg_name":"Toscana","reg_istat_code":"09","reg_istat_code_num":9,"opdm_id":"4499","com_catasto_code":"M376","com_istat_code":"047023","com_istat_code_num":47023,"value":53.20210224026144,"_featureIdx":33,"_color":"#3971d0"}},{"type":"Feature","geometry":{"type":"Polygon","coordinates":[[[10.772816326530611,44.10808163265307],[10.80073469387755,44.10808163265307],[10.80073469387755,44.11828571428572],[10.772816326530611,44.11828571428572],[10.772816326530611,44.10808163265307]]]},"properties":{"name":"San Marcello Piteglio","minint_elettorale":"2090630185","op_id":"8305","prov_name":"Pistoia","prov_istat_code":"047","prov_istat_code_num":47,"prov_acr":"PT","reg_name":"Toscana","reg_istat_code":"09","reg_istat_code_num":9,"opdm_id":"4500","com_catasto_code":"M377","com_istat_code":"047024","com_istat_code_num":47024,"value":59.15588707851101,"_featureIdx":34,"_color":"#d03945"}},{"type":"Feature","geometry":{"type":"Polygon","coordinates":[[[10.800734693877551,44.10808163265307],[10.82865306122449,44.10808163265307],[10.82865306122449,44.11828571428572],[10.800734693877551,44.11828571428572],[10.800734693877551,44.10808163265307]]]},"properties":{"name":"San Marcello Piteglio","minint_elettorale":"2090630185","op_id":"8305","prov_name":"Pistoia","prov_istat_code":"047","prov_istat_code_num":47,"prov_acr":"PT","reg_name":"Toscana","reg_istat_code":"09","reg_istat_code_num":9,"opdm_id":"4500","com_catasto_code":"M377","com_istat_code":"047024","com_istat_code_num":47024,"value":59.15588707851101,"_featureIdx":34,"_color":"#d03945"}},{"type":"Feature","geometry":{"type":"Polygon","coordinates":[[[10.968244897959183,44.10808163265307],[10.996163265306121,44.10808163265307],[10.996163265306121,44.11828571428572],[10.968244897959183,44.11828571428572],[10.968244897959183,44.10808163265307]]]},"properties":{"name":"Sambuca Pistoiese","minint_finloc":"3090630170","minint_elettorale":"2090630170","op_id":"4601","prov_name":"Pistoia","prov_istat_code":"047","prov_istat_code_num":47,"prov_acr":"PT","reg_name":"Toscana","reg_istat_code":"09","reg_istat_code_num":9,"opdm_id":"4495","com_catasto_code":"H744","com_istat_code":"047018","com_istat_code_num":47018,"value":87.99165627742974,"_featureIdx":32,"_color":"#9dd039"}},{"type":"Feature","geometry":{"type":"Polygon","coordinates":[[[9.991102040816326,44.11828571428572],[10.019020408163264,44.11828571428572],[10.019020408163264,44.12848979591837],[9.991102040816326,44.12848979591837],[9.991102040816326,44.11828571428572]]]},"properties":{"name":"Fosdinovo","minint_finloc":"3090460080","op_id":"4538","minint_elettorale":"2090460080","prov_name":"Massa-Carrara","prov_istat_code":"045","prov_istat_code_num":45,"prov_acr":"MS","reg_name":"Toscana","reg_istat_code":"09","reg_istat_code_num":9,"opdm_id":"4438","com_catasto_code":"D735","com_istat_code":"045008","com_istat_code_num":45008,"value":13.96944528240558,"_featureIdx":6,"_color":"#5fd039"}},{"type":"Feature","geometry":{"type":"Polygon","coordinates":[[[10.019020408163264,44.11828571428572],[10.046938775510203,44.11828571428572],[10.046938775510203,44.12848979591837],[10.019020408163264,44.12848979591837],[10.019020408163264,44.11828571428572]]]},"properties":{"name":"Fosdinovo","minint_finloc":"3090460080","op_id":"4538","minint_elettorale":"2090460080","prov_name":"Massa-Carrara","prov_istat_code":"045","prov_istat_code_num":45,"prov_acr":"MS","reg_name":"Toscana","reg_istat_code":"09","reg_istat_code_num":9,"opdm_id":"4438","com_catasto_code":"D735","com_istat_code":"045008","com_istat_code_num":45008,"value":13.96944528240558,"_featureIdx":6,"_color":"#5fd039"}},{"type":"Feature","geometry":{"type":"Polygon","coordinates":[[[10.13069387755102,44.11828571428572],[10.158612244897958,44.11828571428572],[10.158612244897958,44.12848979591837],[10.13069387755102,44.12848979591837],[10.13069387755102,44.11828571428572]]]},"properties":{"name":"Fivizzano","op_id":"4537","minint_elettorale":"2090460070","minint_finloc":"3090460070","prov_name":"Massa-Carrara","prov_istat_code":"045","prov_istat_code_num":45,"prov_acr":"MS","reg_name":"Toscana","reg_istat_code":"09","reg_istat_code_num":9,"opdm_id":"4437","com_catasto_code":"D629","com_istat_code":"045007","com_istat_code_num":45007,"value":8.158620559420203,"_featureIdx":5,"_color":"#d0398b"}},{"type":"Feature","geometry":{"type":"Polygon","coordinates":[[[10.15861224489796,44.11828571428572],[10.186530612244898,44.11828571428572],[10.186530612244898,44.12848979591837],[10.15861224489796,44.12848979591837],[10.15861224489796,44.11828571428572]]]},"properties":{"name":"Fivizzano","op_id":"4537","minint_elettorale":"2090460070","minint_finloc":"3090460070","prov_name":"Massa-Carrara","prov_istat_code":"045","prov_istat_code_num":45,"prov_acr":"MS","reg_name":"Toscana","reg_istat_code":"09","reg_istat_code_num":9,"opdm_id":"4437","com_catasto_code":"D629","com_istat_code":"045007","com_istat_code_num":45007,"value":8.158620559420203,"_featureIdx":5,"_color":"#d0398b"}},{"type":"Feature","geometry":{"type":"Polygon","coordinates":[[[10.186530612244898,44.11828571428572],[10.214448979591836,44.11828571428572],[10.214448979591836,44.12848979591837],[10.186530612244898,44.12848979591837],[10.186530612244898,44.11828571428572]]]},"properties":{"name":"Minucciano","minint_finloc":"3090430190","op_id":"4566","minint_elettorale":"2090430190","prov_name":"Lucca","prov_istat_code":"046","prov_istat_code_num":46,"prov_acr":"LU","reg_name":"Toscana","reg_istat_code":"09","reg_istat_code_num":9,"opdm_id":"4464","com_catasto_code":"F225","com_istat_code":"046019","com_istat_code_num":46019,"value":41.82481227587856,"_featureIdx":23,"_color":"#a539d0"}},{"type":"Feature","geometry":{"type":"Polygon","coordinates":[[[10.214448979591836,44.11828571428572],[10.242367346938774,44.11828571428572],[10.242367346938774,44.12848979591837],[10.214448979591836,44.12848979591837],[10.214448979591836,44.11828571428572]]]},"properties":{"name":"Minucciano","minint_finloc":"3090430190","op_id":"4566","minint_elettorale":"2090430190","prov_name":"Lucca","prov_istat_code":"046","prov_istat_code_num":46,"prov_acr":"LU","reg_name":"Toscana","reg_istat_code":"09","reg_istat_code_num":9,"opdm_id":"4464","com_catasto_code":"F225","com_istat_code":"046019","com_istat_code_num":46019,"value":41.82481227587856,"_featureIdx":23,"_color":"#a539d0"}},{"type":"Feature","geometry":{"type":"Polygon","coordinates":[[[10.298204081632653,44.11828571428572],[10.326122448979591,44.11828571428572],[10.326122448979591,44.12848979591837],[10.298204081632653,44.12848979591837],[10.298204081632653,44.11828571428572]]]},"properties":{"name":"Careggine","minint_elettorale":"2090430080","minint_finloc":"3090430080","op_id":"4555","prov_name":"Lucca","prov_istat_code":"046","prov_istat_code_num":46,"prov_acr":"LU","reg_name":"Toscana","reg_istat_code":"09","reg_istat_code_num":9,"opdm_id":"4455","com_catasto_code":"B760","com_istat_code":"046008","com_istat_code_num":46008,"value":90.70409526891459,"_featureIdx":17,"_color":"#39d0cb"}},{"type":"Feature","geometry":{"type":"Polygon","coordinates":[[[10.326122448979591,44.11828571428572],[10.35404081632653,44.11828571428572],[10.35404081632653,44.12848979591837],[10.326122448979591,44.12848979591837],[10.326122448979591,44.11828571428572]]]},"properties":{"name":"Camporgiano","op_id":"4553","minint_finloc":"3090430060","minint_elettorale":"2090430060","prov_name":"Lucca","prov_istat_code":"046","prov_istat_code_num":46,"prov_acr":"LU","reg_name":"Toscana","reg_istat_code":"09","reg_istat_code_num":9,"opdm_id":"4453","com_catasto_code":"B557","com_istat_code":"046006","com_istat_code_num":46006,"value":37.83863678196586,"_featureIdx":16,"_color":"#d09e39"}},{"type":"Feature","geometry":{"type":"Polygon","coordinates":[[[10.35404081632653,44.11828571428572],[10.381959183673468,44.11828571428572],[10.381959183673468,44.12848979591837],[10.35404081632653,44.12848979591837],[10.35404081632653,44.11828571428572]]]},"properties":{"name":"Camporgiano","op_id":"4553","minint_finloc":"3090430060","minint_elettorale":"2090430060","prov_name":"Lucca","prov_istat_code":"046","prov_istat_code_num":46,"prov_acr":"LU","reg_name":"Toscana","reg_istat_code":"09","reg_istat_code_num":9,"opdm_id":"4453","com_catasto_code":"B557","com_istat_code":"046006","com_istat_code_num":46006,"value":37.83863678196586,"_featureIdx":16,"_color":"#d09e39"}},{"type":"Feature","geometry":{"type":"Polygon","coordinates":[[[10.38195918367347,44.11828571428572],[10.409877551020408,44.11828571428572],[10.409877551020408,44.12848979591837],[10.38195918367347,44.12848979591837],[10.38195918367347,44.11828571428572]]]},"properties":{"name":"Castelnuovo di Garfagnana","minint_finloc":"3090430090","op_id":"4556","minint_elettorale":"2090430090","prov_name":"Lucca","prov_istat_code":"046","prov_istat_code_num":46,"prov_acr":"LU","reg_name":"Toscana","reg_istat_code":"09","reg_istat_code_num":9,"opdm_id":"4456","com_catasto_code":"C236","com_istat_code":"046009","com_istat_code_num":46009,"value":55.783658460518225,"_featureIdx":18,"_color":"#d039aa"}},{"type":"Feature","geometry":{"type":"Polygon","coordinates":[[[10.409877551020408,44.11828571428572],[10.437795918367346,44.11828571428572],[10.437795918367346,44.12848979591837],[10.409877551020408,44.12848979591837],[10.409877551020408,44.11828571428572]]]},"properties":{"name":"Pieve Fosciana","op_id":"4572","minint_elettorale":"2090430250","minint_finloc":"3090430250","prov_name":"Lucca","prov_istat_code":"046","prov_istat_code_num":46,"prov_acr":"LU","reg_name":"Toscana","reg_istat_code":"09","reg_istat_code_num":9,"opdm_id":"4470","com_catasto_code":"G648","com_istat_code":"046025","com_istat_code_num":46025,"value":11.220588195226245,"_featureIdx":27,"_color":"#4bd039"}},{"type":"Feature","geometry":{"type":"Polygon","coordinates":[[[10.437795918367346,44.11828571428572],[10.465714285714284,44.11828571428572],[10.465714285714284,44.12848979591837],[10.437795918367346,44.12848979591837],[10.437795918367346,44.11828571428572]]]},"properties":{"name":"Fosciandora","minint_elettorale":"2090430140","minint_finloc":"3090430140","op_id":"4561","prov_name":"Lucca","prov_istat_code":"046","prov_istat_code_num":46,"prov_acr":"LU","reg_name":"Toscana","reg_istat_code":"09","reg_istat_code_num":9,"opdm_id":"4460","com_catasto_code":"D734","com_istat_code":"046014","com_istat_code_num":46014,"value":19.142876510701235,"_featureIdx":21,"_color":"#d04c39"}},{"type":"Feature","geometry":{"type":"Polygon","coordinates":[[[10.465714285714284,44.11828571428572],[10.493632653061223,44.11828571428572],[10.493632653061223,44.12848979591837],[10.465714285714284,44.12848979591837],[10.465714285714284,44.11828571428572]]]},"properties":{"name":"Fosciandora","minint_elettorale":"2090430140","minint_finloc":"3090430140","op_id":"4561","prov_name":"Lucca","prov_istat_code":"046","prov_istat_code_num":46,"prov_acr":"LU","reg_name":"Toscana","reg_istat_code":"09","reg_istat_code_num":9,"opdm_id":"4460","com_catasto_code":"D734","com_istat_code":"046014","com_istat_code_num":46014,"value":19.142876510701235,"_featureIdx":21,"_color":"#d04c39"}},{"type":"Feature","geometry":{"type":"Polygon","coordinates":[[[10.493632653061225,44.11828571428572],[10.521551020408163,44.11828571428572],[10.521551020408163,44.12848979591837],[10.493632653061225,44.12848979591837],[10.493632653061225,44.11828571428572]]]},"properties":{"name":"Barga","minint_finloc":"3090430030","minint_elettorale":"2090430030","op_id":"4550","prov_name":"Lucca","prov_istat_code":"046","prov_istat_code_num":46,"prov_acr":"LU","reg_name":"Toscana","reg_istat_code":"09","reg_istat_code_num":9,"opdm_id":"4450","com_catasto_code":"A657","com_istat_code":"046003","com_istat_code_num":46003,"value":54.53983125346276,"_featureIdx":14,"_color":"#39d046"}},{"type":"Feature","geometry":{"type":"Polygon","coordinates":[[[10.521551020408163,44.11828571428572],[10.549469387755101,44.11828571428572],[10.549469387755101,44.12848979591837],[10.521551020408163,44.12848979591837],[10.521551020408163,44.11828571428572]]]},"properties":{"name":"Barga","minint_finloc":"3090430030","minint_elettorale":"2090430030","op_id":"4550","prov_name":"Lucca","prov_istat_code":"046","prov_istat_code_num":46,"prov_acr":"LU","reg_name":"Toscana","reg_istat_code":"09","reg_istat_code_num":9,"opdm_id":"4450","com_catasto_code":"A657","com_istat_code":"046003","com_istat_code_num":46003,"value":54.53983125346276,"_featureIdx":14,"_color":"#39d046"}},{"type":"Feature","geometry":{"type":"Polygon","coordinates":[[[10.549469387755101,44.11828571428572],[10.57738775510204,44.11828571428572],[10.57738775510204,44.12848979591837],[10.549469387755101,44.12848979591837],[10.549469387755101,44.11828571428572]]]},"properties":{"name":"Barga","minint_finloc":"3090430030","minint_elettorale":"2090430030","op_id":"4550","prov_name":"Lucca","prov_istat_code":"046","prov_istat_code_num":46,"prov_acr":"LU","reg_name":"Toscana","reg_istat_code":"09","reg_istat_code_num":9,"opdm_id":"4450","com_catasto_code":"A657","com_istat_code":"046003","com_istat_code_num":46003,"value":54.53983125346276,"_featureIdx":14,"_color":"#39d046"}},{"type":"Feature","geometry":{"type":"Polygon","coordinates":[[[10.633224489795918,44.11828571428572],[10.661142857142856,44.11828571428572],[10.661142857142856,44.12848979591837],[10.633224489795918,44.12848979591837],[10.633224489795918,44.11828571428572]]]},"properties":{"name":"Abetone Cutigliano","minint_elettorale":"2090630012","op_id":"8304","prov_name":"Pistoia","prov_istat_code":"047","prov_istat_code_num":47,"prov_acr":"PT","reg_name":"Toscana","reg_istat_code":"09","reg_istat_code_num":9,"opdm_id":"4499","com_catasto_code":"M376","com_istat_code":"047023","com_istat_code_num":47023,"value":53.20210224026144,"_featureIdx":33,"_color":"#3971d0"}},{"type":"Feature","geometry":{"type":"Polygon","coordinates":[[[10.661142857142856,44.11828571428572],[10.689061224489794,44.11828571428572],[10.689061224489794,44.12848979591837],[10.661142857142856,44.12848979591837],[10.661142857142856,44.11828571428572]]]},"properties":{"name":"Abetone Cutigliano","minint_elettorale":"2090630012","op_id":"8304","prov_name":"Pistoia","prov_istat_code":"047","prov_istat_code_num":47,"prov_acr":"PT","reg_name":"Toscana","reg_istat_code":"09","reg_istat_code_num":9,"opdm_id":"4499","com_catasto_code":"M376","com_istat_code":"047023","com_istat_code_num":47023,"value":53.20210224026144,"_featureIdx":33,"_color":"#3971d0"}},{"type":"Feature","geometry":{"type":"Polygon","coordinates":[[[10.689061224489794,44.11828571428572],[10.716979591836733,44.11828571428572],[10.716979591836733,44.12848979591837],[10.689061224489794,44.12848979591837],[10.689061224489794,44.11828571428572]]]},"properties":{"name":"Abetone Cutigliano","minint_elettorale":"2090630012","op_id":"8304","prov_name":"Pistoia","prov_istat_code":"047","prov_istat_code_num":47,"prov_acr":"PT","reg_name":"Toscana","reg_istat_code":"09","reg_istat_code_num":9,"opdm_id":"4499","com_catasto_code":"M376","com_istat_code":"047023","com_istat_code_num":47023,"value":53.20210224026144,"_featureIdx":33,"_color":"#3971d0"}},{"type":"Feature","geometry":{"type":"Polygon","coordinates":[[[10.716979591836735,44.11828571428572],[10.744897959183673,44.11828571428572],[10.744897959183673,44.12848979591837],[10.716979591836735,44.12848979591837],[10.716979591836735,44.11828571428572]]]},"properties":{"name":"Abetone Cutigliano","minint_elettorale":"2090630012","op_id":"8304","prov_name":"Pistoia","prov_istat_code":"047","prov_istat_code_num":47,"prov_acr":"PT","reg_name":"Toscana","reg_istat_code":"09","reg_istat_code_num":9,"opdm_id":"4499","com_catasto_code":"M376","com_istat_code":"047023","com_istat_code_num":47023,"value":53.20210224026144,"_featureIdx":33,"_color":"#3971d0"}},{"type":"Feature","geometry":{"type":"Polygon","coordinates":[[[10.744897959183673,44.11828571428572],[10.772816326530611,44.11828571428572],[10.772816326530611,44.12848979591837],[10.744897959183673,44.12848979591837],[10.744897959183673,44.11828571428572]]]},"properties":{"name":"Abetone Cutigliano","minint_elettorale":"2090630012","op_id":"8304","prov_name":"Pistoia","prov_istat_code":"047","prov_istat_code_num":47,"prov_acr":"PT","reg_name":"Toscana","reg_istat_code":"09","reg_istat_code_num":9,"opdm_id":"4499","com_catasto_code":"M376","com_istat_code":"047023","com_istat_code_num":47023,"value":53.20210224026144,"_featureIdx":33,"_color":"#3971d0"}},{"type":"Feature","geometry":{"type":"Polygon","coordinates":[[[10.772816326530611,44.11828571428572],[10.80073469387755,44.11828571428572],[10.80073469387755,44.12848979591837],[10.772816326530611,44.12848979591837],[10.772816326530611,44.11828571428572]]]},"properties":{"name":"San Marcello Piteglio","minint_elettorale":"2090630185","op_id":"8305","prov_name":"Pistoia","prov_istat_code":"047","prov_istat_code_num":47,"prov_acr":"PT","reg_name":"Toscana","reg_istat_code":"09","reg_istat_code_num":9,"opdm_id":"4500","com_catasto_code":"M377","com_istat_code":"047024","com_istat_code_num":47024,"value":59.15588707851101,"_featureIdx":34,"_color":"#d03945"}},{"type":"Feature","geometry":{"type":"Polygon","coordinates":[[[10.968244897959183,44.11828571428572],[10.996163265306121,44.11828571428572],[10.996163265306121,44.12848979591837],[10.968244897959183,44.12848979591837],[10.968244897959183,44.11828571428572]]]},"properties":{"name":"Sambuca Pistoiese","minint_finloc":"3090630170","minint_elettorale":"2090630170","op_id":"4601","prov_name":"Pistoia","prov_istat_code":"047","prov_istat_code_num":47,"prov_acr":"PT","reg_name":"Toscana","reg_istat_code":"09","reg_istat_code_num":9,"opdm_id":"4495","com_catasto_code":"H744","com_istat_code":"047018","com_istat_code_num":47018,"value":87.99165627742974,"_featureIdx":32,"_color":"#9dd039"}},{"type":"Feature","geometry":{"type":"Polygon","coordinates":[[[9.991102040816326,44.12848979591837],[10.019020408163264,44.12848979591837],[10.019020408163264,44.13869387755102],[9.991102040816326,44.13869387755102],[9.991102040816326,44.12848979591837]]]},"properties":{"name":"Fosdinovo","minint_finloc":"3090460080","op_id":"4538","minint_elettorale":"2090460080","prov_name":"Massa-Carrara","prov_istat_code":"045","prov_istat_code_num":45,"prov_acr":"MS","reg_name":"Toscana","reg_istat_code":"09","reg_istat_code_num":9,"opdm_id":"4438","com_catasto_code":"D735","com_istat_code":"045008","com_istat_code_num":45008,"value":13.96944528240558,"_featureIdx":6,"_color":"#5fd039"}},{"type":"Feature","geometry":{"type":"Polygon","coordinates":[[[10.019020408163264,44.12848979591837],[10.046938775510203,44.12848979591837],[10.046938775510203,44.13869387755102],[10.019020408163264,44.13869387755102],[10.019020408163264,44.12848979591837]]]},"properties":{"name":"Fosdinovo","minint_finloc":"3090460080","op_id":"4538","minint_elettorale":"2090460080","prov_name":"Massa-Carrara","prov_istat_code":"045","prov_istat_code_num":45,"prov_acr":"MS","reg_name":"Toscana","reg_istat_code":"09","reg_istat_code_num":9,"opdm_id":"4438","com_catasto_code":"D735","com_istat_code":"045008","com_istat_code_num":45008,"value":13.96944528240558,"_featureIdx":6,"_color":"#5fd039"}},{"type":"Feature","geometry":{"type":"Polygon","coordinates":[[[10.046938775510203,44.12848979591837],[10.074857142857141,44.12848979591837],[10.074857142857141,44.13869387755102],[10.046938775510203,44.13869387755102],[10.046938775510203,44.12848979591837]]]},"properties":{"name":"Fosdinovo","minint_finloc":"3090460080","op_id":"4538","minint_elettorale":"2090460080","prov_name":"Massa-Carrara","prov_istat_code":"045","prov_istat_code_num":45,"prov_acr":"MS","reg_name":"Toscana","reg_istat_code":"09","reg_istat_code_num":9,"opdm_id":"4438","com_catasto_code":"D735","com_istat_code":"045008","com_istat_code_num":45008,"value":13.96944528240558,"_featureIdx":6,"_color":"#5fd039"}},{"type":"Feature","geometry":{"type":"Polygon","coordinates":[[[10.074857142857143,44.12848979591837],[10.102775510204081,44.12848979591837],[10.102775510204081,44.13869387755102],[10.074857142857143,44.13869387755102],[10.074857142857143,44.12848979591837]]]},"properties":{"name":"Fivizzano","op_id":"4537","minint_elettorale":"2090460070","minint_finloc":"3090460070","prov_name":"Massa-Carrara","prov_istat_code":"045","prov_istat_code_num":45,"prov_acr":"MS","reg_name":"Toscana","reg_istat_code":"09","reg_istat_code_num":9,"opdm_id":"4437","com_catasto_code":"D629","com_istat_code":"045007","com_istat_code_num":45007,"value":8.158620559420203,"_featureIdx":5,"_color":"#d0398b"}},{"type":"Feature","geometry":{"type":"Polygon","coordinates":[[[10.102775510204081,44.12848979591837],[10.13069387755102,44.12848979591837],[10.13069387755102,44.13869387755102],[10.102775510204081,44.13869387755102],[10.102775510204081,44.12848979591837]]]},"properties":{"name":"Fivizzano","op_id":"4537","minint_elettorale":"2090460070","minint_finloc":"3090460070","prov_name":"Massa-Carrara","prov_istat_code":"045","prov_istat_code_num":45,"prov_acr":"MS","reg_name":"Toscana","reg_istat_code":"09","reg_istat_code_num":9,"opdm_id":"4437","com_catasto_code":"D629","com_istat_code":"045007","com_istat_code_num":45007,"value":8.158620559420203,"_featureIdx":5,"_color":"#d0398b"}},{"type":"Feature","geometry":{"type":"Polygon","coordinates":[[[10.13069387755102,44.12848979591837],[10.158612244897958,44.12848979591837],[10.158612244897958,44.13869387755102],[10.13069387755102,44.13869387755102],[10.13069387755102,44.12848979591837]]]},"properties":{"name":"Fivizzano","op_id":"4537","minint_elettorale":"2090460070","minint_finloc":"3090460070","prov_name":"Massa-Carrara","prov_istat_code":"045","prov_istat_code_num":45,"prov_acr":"MS","reg_name":"Toscana","reg_istat_code":"09","reg_istat_code_num":9,"opdm_id":"4437","com_catasto_code":"D629","com_istat_code":"045007","com_istat_code_num":45007,"value":8.158620559420203,"_featureIdx":5,"_color":"#d0398b"}},{"type":"Feature","geometry":{"type":"Polygon","coordinates":[[[10.15861224489796,44.12848979591837],[10.186530612244898,44.12848979591837],[10.186530612244898,44.13869387755102],[10.15861224489796,44.13869387755102],[10.15861224489796,44.12848979591837]]]},"properties":{"name":"Fivizzano","op_id":"4537","minint_elettorale":"2090460070","minint_finloc":"3090460070","prov_name":"Massa-Carrara","prov_istat_code":"045","prov_istat_code_num":45,"prov_acr":"MS","reg_name":"Toscana","reg_istat_code":"09","reg_istat_code_num":9,"opdm_id":"4437","com_catasto_code":"D629","com_istat_code":"045007","com_istat_code_num":45007,"value":8.158620559420203,"_featureIdx":5,"_color":"#d0398b"}},{"type":"Feature","geometry":{"type":"Polygon","coordinates":[[[10.186530612244898,44.12848979591837],[10.214448979591836,44.12848979591837],[10.214448979591836,44.13869387755102],[10.186530612244898,44.13869387755102],[10.186530612244898,44.12848979591837]]]},"properties":{"name":"Minucciano","minint_finloc":"3090430190","op_id":"4566","minint_elettorale":"2090430190","prov_name":"Lucca","prov_istat_code":"046","prov_istat_code_num":46,"prov_acr":"LU","reg_name":"Toscana","reg_istat_code":"09","reg_istat_code_num":9,"opdm_id":"4464","com_catasto_code":"F225","com_istat_code":"046019","com_istat_code_num":46019,"value":41.82481227587856,"_featureIdx":23,"_color":"#a539d0"}},{"type":"Feature","geometry":{"type":"Polygon","coordinates":[[[10.214448979591836,44.12848979591837],[10.242367346938774,44.12848979591837],[10.242367346938774,44.13869387755102],[10.214448979591836,44.13869387755102],[10.214448979591836,44.12848979591837]]]},"properties":{"name":"Minucciano","minint_finloc":"3090430190","op_id":"4566","minint_elettorale":"2090430190","prov_name":"Lucca","prov_istat_code":"046","prov_istat_code_num":46,"prov_acr":"LU","reg_name":"Toscana","reg_istat_code":"09","reg_istat_code_num":9,"opdm_id":"4464","com_catasto_code":"F225","com_istat_code":"046019","com_istat_code_num":46019,"value":41.82481227587856,"_featureIdx":23,"_color":"#a539d0"}},{"type":"Feature","geometry":{"type":"Polygon","coordinates":[[[10.242367346938774,44.12848979591837],[10.270285714285713,44.12848979591837],[10.270285714285713,44.13869387755102],[10.242367346938774,44.13869387755102],[10.242367346938774,44.12848979591837]]]},"properties":{"name":"Minucciano","minint_finloc":"3090430190","op_id":"4566","minint_elettorale":"2090430190","prov_name":"Lucca","prov_istat_code":"046","prov_istat_code_num":46,"prov_acr":"LU","reg_name":"Toscana","reg_istat_code":"09","reg_istat_code_num":9,"opdm_id":"4464","com_catasto_code":"F225","com_istat_code":"046019","com_istat_code_num":46019,"value":41.82481227587856,"_featureIdx":23,"_color":"#a539d0"}},{"type":"Feature","geometry":{"type":"Polygon","coordinates":[[[10.326122448979591,44.12848979591837],[10.35404081632653,44.12848979591837],[10.35404081632653,44.13869387755102],[10.326122448979591,44.13869387755102],[10.326122448979591,44.12848979591837]]]},"properties":{"name":"Camporgiano","op_id":"4553","minint_finloc":"3090430060","minint_elettorale":"2090430060","prov_name":"Lucca","prov_istat_code":"046","prov_istat_code_num":46,"prov_acr":"LU","reg_name":"Toscana","reg_istat_code":"09","reg_istat_code_num":9,"opdm_id":"4453","com_catasto_code":"B557","com_istat_code":"046006","com_istat_code_num":46006,"value":37.83863678196586,"_featureIdx":16,"_color":"#d09e39"}},{"type":"Feature","geometry":{"type":"Polygon","coordinates":[[[10.35404081632653,44.12848979591837],[10.381959183673468,44.12848979591837],[10.381959183673468,44.13869387755102],[10.35404081632653,44.13869387755102],[10.35404081632653,44.12848979591837]]]},"properties":{"name":"Camporgiano","op_id":"4553","minint_finloc":"3090430060","minint_elettorale":"2090430060","prov_name":"Lucca","prov_istat_code":"046","prov_istat_code_num":46,"prov_acr":"LU","reg_name":"Toscana","reg_istat_code":"09","reg_istat_code_num":9,"opdm_id":"4453","com_catasto_code":"B557","com_istat_code":"046006","com_istat_code_num":46006,"value":37.83863678196586,"_featureIdx":16,"_color":"#d09e39"}},{"type":"Feature","geometry":{"type":"Polygon","coordinates":[[[10.38195918367347,44.12848979591837],[10.409877551020408,44.12848979591837],[10.409877551020408,44.13869387755102],[10.38195918367347,44.13869387755102],[10.38195918367347,44.12848979591837]]]},"properties":{"name":"Castiglione di Garfagnana","minint_finloc":"3090430100","minint_elettorale":"2090430100","op_id":"4557","prov_name":"Lucca","prov_istat_code":"046","prov_istat_code_num":46,"prov_acr":"LU","reg_name":"Toscana","reg_istat_code":"09","reg_istat_code_num":9,"opdm_id":"4457","com_catasto_code":"C303","com_istat_code":"046010","com_istat_code_num":46010,"value":67.60377646239077,"_featureIdx":19,"_color":"#7ed039"}},{"type":"Feature","geometry":{"type":"Polygon","coordinates":[[[10.409877551020408,44.12848979591837],[10.437795918367346,44.12848979591837],[10.437795918367346,44.13869387755102],[10.409877551020408,44.13869387755102],[10.409877551020408,44.12848979591837]]]},"properties":{"name":"Pieve Fosciana","op_id":"4572","minint_elettorale":"2090430250","minint_finloc":"3090430250","prov_name":"Lucca","prov_istat_code":"046","prov_istat_code_num":46,"prov_acr":"LU","reg_name":"Toscana","reg_istat_code":"09","reg_istat_code_num":9,"opdm_id":"4470","com_catasto_code":"G648","com_istat_code":"046025","com_istat_code_num":46025,"value":11.220588195226245,"_featureIdx":27,"_color":"#4bd039"}},{"type":"Feature","geometry":{"type":"Polygon","coordinates":[[[10.437795918367346,44.12848979591837],[10.465714285714284,44.12848979591837],[10.465714285714284,44.13869387755102],[10.437795918367346,44.13869387755102],[10.437795918367346,44.12848979591837]]]},"properties":{"name":"Fosciandora","minint_elettorale":"2090430140","minint_finloc":"3090430140","op_id":"4561","prov_name":"Lucca","prov_istat_code":"046","prov_istat_code_num":46,"prov_acr":"LU","reg_name":"Toscana","reg_istat_code":"09","reg_istat_code_num":9,"opdm_id":"4460","com_catasto_code":"D734","com_istat_code":"046014","com_istat_code_num":46014,"value":19.142876510701235,"_featureIdx":21,"_color":"#d04c39"}},{"type":"Feature","geometry":{"type":"Polygon","coordinates":[[[10.465714285714284,44.12848979591837],[10.493632653061223,44.12848979591837],[10.493632653061223,44.13869387755102],[10.465714285714284,44.13869387755102],[10.465714285714284,44.12848979591837]]]},"properties":{"name":"Fosciandora","minint_elettorale":"2090430140","minint_finloc":"3090430140","op_id":"4561","prov_name":"Lucca","prov_istat_code":"046","prov_istat_code_num":46,"prov_acr":"LU","reg_name":"Toscana","reg_istat_code":"09","reg_istat_code_num":9,"opdm_id":"4460","com_catasto_code":"D734","com_istat_code":"046014","com_istat_code_num":46014,"value":19.142876510701235,"_featureIdx":21,"_color":"#d04c39"}},{"type":"Feature","geometry":{"type":"Polygon","coordinates":[[[10.493632653061225,44.12848979591837],[10.521551020408163,44.12848979591837],[10.521551020408163,44.13869387755102],[10.493632653061225,44.13869387755102],[10.493632653061225,44.12848979591837]]]},"properties":{"name":"Barga","minint_finloc":"3090430030","minint_elettorale":"2090430030","op_id":"4550","prov_name":"Lucca","prov_istat_code":"046","prov_istat_code_num":46,"prov_acr":"LU","reg_name":"Toscana","reg_istat_code":"09","reg_istat_code_num":9,"opdm_id":"4450","com_catasto_code":"A657","com_istat_code":"046003","com_istat_code_num":46003,"value":54.53983125346276,"_featureIdx":14,"_color":"#39d046"}},{"type":"Feature","geometry":{"type":"Polygon","coordinates":[[[10.521551020408163,44.12848979591837],[10.549469387755101,44.12848979591837],[10.549469387755101,44.13869387755102],[10.521551020408163,44.13869387755102],[10.521551020408163,44.12848979591837]]]},"properties":{"name":"Barga","minint_finloc":"3090430030","minint_elettorale":"2090430030","op_id":"4550","prov_name":"Lucca","prov_istat_code":"046","prov_istat_code_num":46,"prov_acr":"LU","reg_name":"Toscana","reg_istat_code":"09","reg_istat_code_num":9,"opdm_id":"4450","com_catasto_code":"A657","com_istat_code":"046003","com_istat_code_num":46003,"value":54.53983125346276,"_featureIdx":14,"_color":"#39d046"}},{"type":"Feature","geometry":{"type":"Polygon","coordinates":[[[10.633224489795918,44.12848979591837],[10.661142857142856,44.12848979591837],[10.661142857142856,44.13869387755102],[10.633224489795918,44.13869387755102],[10.633224489795918,44.12848979591837]]]},"properties":{"name":"Abetone Cutigliano","minint_elettorale":"2090630012","op_id":"8304","prov_name":"Pistoia","prov_istat_code":"047","prov_istat_code_num":47,"prov_acr":"PT","reg_name":"Toscana","reg_istat_code":"09","reg_istat_code_num":9,"opdm_id":"4499","com_catasto_code":"M376","com_istat_code":"047023","com_istat_code_num":47023,"value":53.20210224026144,"_featureIdx":33,"_color":"#3971d0"}},{"type":"Feature","geometry":{"type":"Polygon","coordinates":[[[10.661142857142856,44.12848979591837],[10.689061224489794,44.12848979591837],[10.689061224489794,44.13869387755102],[10.661142857142856,44.13869387755102],[10.661142857142856,44.12848979591837]]]},"properties":{"name":"Abetone Cutigliano","minint_elettorale":"2090630012","op_id":"8304","prov_name":"Pistoia","prov_istat_code":"047","prov_istat_code_num":47,"prov_acr":"PT","reg_name":"Toscana","reg_istat_code":"09","reg_istat_code_num":9,"opdm_id":"4499","com_catasto_code":"M376","com_istat_code":"047023","com_istat_code_num":47023,"value":53.20210224026144,"_featureIdx":33,"_color":"#3971d0"}},{"type":"Feature","geometry":{"type":"Polygon","coordinates":[[[10.689061224489794,44.12848979591837],[10.716979591836733,44.12848979591837],[10.716979591836733,44.13869387755102],[10.689061224489794,44.13869387755102],[10.689061224489794,44.12848979591837]]]},"properties":{"name":"Abetone Cutigliano","minint_elettorale":"2090630012","op_id":"8304","prov_name":"Pistoia","prov_istat_code":"047","prov_istat_code_num":47,"prov_acr":"PT","reg_name":"Toscana","reg_istat_code":"09","reg_istat_code_num":9,"opdm_id":"4499","com_catasto_code":"M376","com_istat_code":"047023","com_istat_code_num":47023,"value":53.20210224026144,"_featureIdx":33,"_color":"#3971d0"}},{"type":"Feature","geometry":{"type":"Polygon","coordinates":[[[10.716979591836735,44.12848979591837],[10.744897959183673,44.12848979591837],[10.744897959183673,44.13869387755102],[10.716979591836735,44.13869387755102],[10.716979591836735,44.12848979591837]]]},"properties":{"name":"Abetone Cutigliano","minint_elettorale":"2090630012","op_id":"8304","prov_name":"Pistoia","prov_istat_code":"047","prov_istat_code_num":47,"prov_acr":"PT","reg_name":"Toscana","reg_istat_code":"09","reg_istat_code_num":9,"opdm_id":"4499","com_catasto_code":"M376","com_istat_code":"047023","com_istat_code_num":47023,"value":53.20210224026144,"_featureIdx":33,"_color":"#3971d0"}},{"type":"Feature","geometry":{"type":"Polygon","coordinates":[[[10.744897959183673,44.12848979591837],[10.772816326530611,44.12848979591837],[10.772816326530611,44.13869387755102],[10.744897959183673,44.13869387755102],[10.744897959183673,44.12848979591837]]]},"properties":{"name":"Abetone Cutigliano","minint_elettorale":"2090630012","op_id":"8304","prov_name":"Pistoia","prov_istat_code":"047","prov_istat_code_num":47,"prov_acr":"PT","reg_name":"Toscana","reg_istat_code":"09","reg_istat_code_num":9,"opdm_id":"4499","com_catasto_code":"M376","com_istat_code":"047023","com_istat_code_num":47023,"value":53.20210224026144,"_featureIdx":33,"_color":"#3971d0"}},{"type":"Feature","geometry":{"type":"Polygon","coordinates":[[[10.996163265306123,44.12848979591837],[11.024081632653061,44.12848979591837],[11.024081632653061,44.13869387755102],[10.996163265306123,44.13869387755102],[10.996163265306123,44.12848979591837]]]},"properties":{"name":"Sambuca Pistoiese","minint_finloc":"3090630170","minint_elettorale":"2090630170","op_id":"4601","prov_name":"Pistoia","prov_istat_code":"047","prov_istat_code_num":47,"prov_acr":"PT","reg_name":"Toscana","reg_istat_code":"09","reg_istat_code_num":9,"opdm_id":"4495","com_catasto_code":"H744","com_istat_code":"047018","com_istat_code_num":47018,"value":87.99165627742974,"_featureIdx":32,"_color":"#9dd039"}},{"type":"Feature","geometry":{"type":"Polygon","coordinates":[[[9.991102040816326,44.13869387755103],[10.019020408163264,44.13869387755103],[10.019020408163264,44.14889795918368],[9.991102040816326,44.14889795918368],[9.991102040816326,44.13869387755103]]]},"properties":{"name":"Fosdinovo","minint_finloc":"3090460080","op_id":"4538","minint_elettorale":"2090460080","prov_name":"Massa-Carrara","prov_istat_code":"045","prov_istat_code_num":45,"prov_acr":"MS","reg_name":"Toscana","reg_istat_code":"09","reg_istat_code_num":9,"opdm_id":"4438","com_catasto_code":"D735","com_istat_code":"045008","com_istat_code_num":45008,"value":13.96944528240558,"_featureIdx":6,"_color":"#5fd039"}},{"type":"Feature","geometry":{"type":"Polygon","coordinates":[[[10.019020408163264,44.13869387755103],[10.046938775510203,44.13869387755103],[10.046938775510203,44.14889795918368],[10.019020408163264,44.14889795918368],[10.019020408163264,44.13869387755103]]]},"properties":{"name":"Fosdinovo","minint_finloc":"3090460080","op_id":"4538","minint_elettorale":"2090460080","prov_name":"Massa-Carrara","prov_istat_code":"045","prov_istat_code_num":45,"prov_acr":"MS","reg_name":"Toscana","reg_istat_code":"09","reg_istat_code_num":9,"opdm_id":"4438","com_catasto_code":"D735","com_istat_code":"045008","com_istat_code_num":45008,"value":13.96944528240558,"_featureIdx":6,"_color":"#5fd039"}},{"type":"Feature","geometry":{"type":"Polygon","coordinates":[[[10.046938775510203,44.13869387755103],[10.074857142857141,44.13869387755103],[10.074857142857141,44.14889795918368],[10.046938775510203,44.14889795918368],[10.046938775510203,44.13869387755103]]]},"properties":{"name":"Fosdinovo","minint_finloc":"3090460080","op_id":"4538","minint_elettorale":"2090460080","prov_name":"Massa-Carrara","prov_istat_code":"045","prov_istat_code_num":45,"prov_acr":"MS","reg_name":"Toscana","reg_istat_code":"09","reg_istat_code_num":9,"opdm_id":"4438","com_catasto_code":"D735","com_istat_code":"045008","com_istat_code_num":45008,"value":13.96944528240558,"_featureIdx":6,"_color":"#5fd039"}},{"type":"Feature","geometry":{"type":"Polygon","coordinates":[[[10.074857142857143,44.13869387755103],[10.102775510204081,44.13869387755103],[10.102775510204081,44.14889795918368],[10.074857142857143,44.14889795918368],[10.074857142857143,44.13869387755103]]]},"properties":{"name":"Fivizzano","op_id":"4537","minint_elettorale":"2090460070","minint_finloc":"3090460070","prov_name":"Massa-Carrara","prov_istat_code":"045","prov_istat_code_num":45,"prov_acr":"MS","reg_name":"Toscana","reg_istat_code":"09","reg_istat_code_num":9,"opdm_id":"4437","com_catasto_code":"D629","com_istat_code":"045007","com_istat_code_num":45007,"value":8.158620559420203,"_featureIdx":5,"_color":"#d0398b"}},{"type":"Feature","geometry":{"type":"Polygon","coordinates":[[[10.102775510204081,44.13869387755103],[10.13069387755102,44.13869387755103],[10.13069387755102,44.14889795918368],[10.102775510204081,44.14889795918368],[10.102775510204081,44.13869387755103]]]},"properties":{"name":"Fivizzano","op_id":"4537","minint_elettorale":"2090460070","minint_finloc":"3090460070","prov_name":"Massa-Carrara","prov_istat_code":"045","prov_istat_code_num":45,"prov_acr":"MS","reg_name":"Toscana","reg_istat_code":"09","reg_istat_code_num":9,"opdm_id":"4437","com_catasto_code":"D629","com_istat_code":"045007","com_istat_code_num":45007,"value":8.158620559420203,"_featureIdx":5,"_color":"#d0398b"}},{"type":"Feature","geometry":{"type":"Polygon","coordinates":[[[10.13069387755102,44.13869387755103],[10.158612244897958,44.13869387755103],[10.158612244897958,44.14889795918368],[10.13069387755102,44.14889795918368],[10.13069387755102,44.13869387755103]]]},"properties":{"name":"Fivizzano","op_id":"4537","minint_elettorale":"2090460070","minint_finloc":"3090460070","prov_name":"Massa-Carrara","prov_istat_code":"045","prov_istat_code_num":45,"prov_acr":"MS","reg_name":"Toscana","reg_istat_code":"09","reg_istat_code_num":9,"opdm_id":"4437","com_catasto_code":"D629","com_istat_code":"045007","com_istat_code_num":45007,"value":8.158620559420203,"_featureIdx":5,"_color":"#d0398b"}},{"type":"Feature","geometry":{"type":"Polygon","coordinates":[[[10.15861224489796,44.13869387755103],[10.186530612244898,44.13869387755103],[10.186530612244898,44.14889795918368],[10.15861224489796,44.14889795918368],[10.15861224489796,44.13869387755103]]]},"properties":{"name":"Fivizzano","op_id":"4537","minint_elettorale":"2090460070","minint_finloc":"3090460070","prov_name":"Massa-Carrara","prov_istat_code":"045","prov_istat_code_num":45,"prov_acr":"MS","reg_name":"Toscana","reg_istat_code":"09","reg_istat_code_num":9,"opdm_id":"4437","com_catasto_code":"D629","com_istat_code":"045007","com_istat_code_num":45007,"value":8.158620559420203,"_featureIdx":5,"_color":"#d0398b"}},{"type":"Feature","geometry":{"type":"Polygon","coordinates":[[[10.186530612244898,44.13869387755103],[10.214448979591836,44.13869387755103],[10.214448979591836,44.14889795918368],[10.186530612244898,44.14889795918368],[10.186530612244898,44.13869387755103]]]},"properties":{"name":"Minucciano","minint_finloc":"3090430190","op_id":"4566","minint_elettorale":"2090430190","prov_name":"Lucca","prov_istat_code":"046","prov_istat_code_num":46,"prov_acr":"LU","reg_name":"Toscana","reg_istat_code":"09","reg_istat_code_num":9,"opdm_id":"4464","com_catasto_code":"F225","com_istat_code":"046019","com_istat_code_num":46019,"value":41.82481227587856,"_featureIdx":23,"_color":"#a539d0"}},{"type":"Feature","geometry":{"type":"Polygon","coordinates":[[[10.214448979591836,44.13869387755103],[10.242367346938774,44.13869387755103],[10.242367346938774,44.14889795918368],[10.214448979591836,44.14889795918368],[10.214448979591836,44.13869387755103]]]},"properties":{"name":"Minucciano","minint_finloc":"3090430190","op_id":"4566","minint_elettorale":"2090430190","prov_name":"Lucca","prov_istat_code":"046","prov_istat_code_num":46,"prov_acr":"LU","reg_name":"Toscana","reg_istat_code":"09","reg_istat_code_num":9,"opdm_id":"4464","com_catasto_code":"F225","com_istat_code":"046019","com_istat_code_num":46019,"value":41.82481227587856,"_featureIdx":23,"_color":"#a539d0"}},{"type":"Feature","geometry":{"type":"Polygon","coordinates":[[[10.242367346938774,44.13869387755103],[10.270285714285713,44.13869387755103],[10.270285714285713,44.14889795918368],[10.242367346938774,44.14889795918368],[10.242367346938774,44.13869387755103]]]},"properties":{"name":"Minucciano","minint_finloc":"3090430190","op_id":"4566","minint_elettorale":"2090430190","prov_name":"Lucca","prov_istat_code":"046","prov_istat_code_num":46,"prov_acr":"LU","reg_name":"Toscana","reg_istat_code":"09","reg_istat_code_num":9,"opdm_id":"4464","com_catasto_code":"F225","com_istat_code":"046019","com_istat_code_num":46019,"value":41.82481227587856,"_featureIdx":23,"_color":"#a539d0"}},{"type":"Feature","geometry":{"type":"Polygon","coordinates":[[[10.326122448979591,44.13869387755103],[10.35404081632653,44.13869387755103],[10.35404081632653,44.14889795918368],[10.326122448979591,44.14889795918368],[10.326122448979591,44.13869387755103]]]},"properties":{"name":"Camporgiano","op_id":"4553","minint_finloc":"3090430060","minint_elettorale":"2090430060","prov_name":"Lucca","prov_istat_code":"046","prov_istat_code_num":46,"prov_acr":"LU","reg_name":"Toscana","reg_istat_code":"09","reg_istat_code_num":9,"opdm_id":"4453","com_catasto_code":"B557","com_istat_code":"046006","com_istat_code_num":46006,"value":37.83863678196586,"_featureIdx":16,"_color":"#d09e39"}},{"type":"Feature","geometry":{"type":"Polygon","coordinates":[[[10.35404081632653,44.13869387755103],[10.381959183673468,44.13869387755103],[10.381959183673468,44.14889795918368],[10.35404081632653,44.14889795918368],[10.35404081632653,44.13869387755103]]]},"properties":{"name":"San Romano in Garfagnana","minint_finloc":"3090430270","op_id":"4574","minint_elettorale":"2090430270","prov_name":"Lucca","prov_istat_code":"046","prov_istat_code_num":46,"prov_acr":"LU","reg_name":"Toscana","reg_istat_code":"09","reg_istat_code_num":9,"opdm_id":"4472","com_catasto_code":"I142","com_istat_code":"046027","com_istat_code_num":46027,"value":42.26331761589017,"_featureIdx":28,"_color":"#5339d0"}},{"type":"Feature","geometry":{"type":"Polygon","coordinates":[[[10.38195918367347,44.13869387755103],[10.409877551020408,44.13869387755103],[10.409877551020408,44.14889795918368],[10.38195918367347,44.14889795918368],[10.38195918367347,44.13869387755103]]]},"properties":{"name":"Castiglione di Garfagnana","minint_finloc":"3090430100","minint_elettorale":"2090430100","op_id":"4557","prov_name":"Lucca","prov_istat_code":"046","prov_istat_code_num":46,"prov_acr":"LU","reg_name":"Toscana","reg_istat_code":"09","reg_istat_code_num":9,"opdm_id":"4457","com_catasto_code":"C303","com_istat_code":"046010","com_istat_code_num":46010,"value":67.60377646239077,"_featureIdx":19,"_color":"#7ed039"}},{"type":"Feature","geometry":{"type":"Polygon","coordinates":[[[10.409877551020408,44.13869387755103],[10.437795918367346,44.13869387755103],[10.437795918367346,44.14889795918368],[10.409877551020408,44.14889795918368],[10.409877551020408,44.13869387755103]]]},"properties":{"name":"Castiglione di Garfagnana","minint_finloc":"3090430100","minint_elettorale":"2090430100","op_id":"4557","prov_name":"Lucca","prov_istat_code":"046","prov_istat_code_num":46,"prov_acr":"LU","reg_name":"Toscana","reg_istat_code":"09","reg_istat_code_num":9,"opdm_id":"4457","com_catasto_code":"C303","com_istat_code":"046010","com_istat_code_num":46010,"value":67.60377646239077,"_featureIdx":19,"_color":"#7ed039"}},{"type":"Feature","geometry":{"type":"Polygon","coordinates":[[[10.437795918367346,44.13869387755103],[10.465714285714284,44.13869387755103],[10.465714285714284,44.14889795918368],[10.437795918367346,44.14889795918368],[10.437795918367346,44.13869387755103]]]},"properties":{"name":"Pieve Fosciana","op_id":"4572","minint_elettorale":"2090430250","minint_finloc":"3090430250","prov_name":"Lucca","prov_istat_code":"046","prov_istat_code_num":46,"prov_acr":"LU","reg_name":"Toscana","reg_istat_code":"09","reg_istat_code_num":9,"opdm_id":"4470","com_catasto_code":"G648","com_istat_code":"046025","com_istat_code_num":46025,"value":11.220588195226245,"_featureIdx":27,"_color":"#4bd039"}},{"type":"Feature","geometry":{"type":"Polygon","coordinates":[[[10.465714285714284,44.13869387755103],[10.493632653061223,44.13869387755103],[10.493632653061223,44.14889795918368],[10.465714285714284,44.14889795918368],[10.465714285714284,44.13869387755103]]]},"properties":{"name":"Pieve Fosciana","op_id":"4572","minint_elettorale":"2090430250","minint_finloc":"3090430250","prov_name":"Lucca","prov_istat_code":"046","prov_istat_code_num":46,"prov_acr":"LU","reg_name":"Toscana","reg_istat_code":"09","reg_istat_code_num":9,"opdm_id":"4470","com_catasto_code":"G648","com_istat_code":"046025","com_istat_code_num":46025,"value":11.220588195226245,"_featureIdx":27,"_color":"#4bd039"}},{"type":"Feature","geometry":{"type":"Polygon","coordinates":[[[10.493632653061225,44.13869387755103],[10.521551020408163,44.13869387755103],[10.521551020408163,44.14889795918368],[10.493632653061225,44.14889795918368],[10.493632653061225,44.13869387755103]]]},"properties":{"name":"Barga","minint_finloc":"3090430030","minint_elettorale":"2090430030","op_id":"4550","prov_name":"Lucca","prov_istat_code":"046","prov_istat_code_num":46,"prov_acr":"LU","reg_name":"Toscana","reg_istat_code":"09","reg_istat_code_num":9,"opdm_id":"4450","com_catasto_code":"A657","com_istat_code":"046003","com_istat_code_num":46003,"value":54.53983125346276,"_featureIdx":14,"_color":"#39d046"}},{"type":"Feature","geometry":{"type":"Polygon","coordinates":[[[10.521551020408163,44.13869387755103],[10.549469387755101,44.13869387755103],[10.549469387755101,44.14889795918368],[10.521551020408163,44.14889795918368],[10.521551020408163,44.13869387755103]]]},"properties":{"name":"Barga","minint_finloc":"3090430030","minint_elettorale":"2090430030","op_id":"4550","prov_name":"Lucca","prov_istat_code":"046","prov_istat_code_num":46,"prov_acr":"LU","reg_name":"Toscana","reg_istat_code":"09","reg_istat_code_num":9,"opdm_id":"4450","com_catasto_code":"A657","com_istat_code":"046003","com_istat_code_num":46003,"value":54.53983125346276,"_featureIdx":14,"_color":"#39d046"}},{"type":"Feature","geometry":{"type":"Polygon","coordinates":[[[10.633224489795918,44.13869387755103],[10.661142857142856,44.13869387755103],[10.661142857142856,44.14889795918368],[10.633224489795918,44.14889795918368],[10.633224489795918,44.13869387755103]]]},"properties":{"name":"Abetone Cutigliano","minint_elettorale":"2090630012","op_id":"8304","prov_name":"Pistoia","prov_istat_code":"047","prov_istat_code_num":47,"prov_acr":"PT","reg_name":"Toscana","reg_istat_code":"09","reg_istat_code_num":9,"opdm_id":"4499","com_catasto_code":"M376","com_istat_code":"047023","com_istat_code_num":47023,"value":53.20210224026144,"_featureIdx":33,"_color":"#3971d0"}},{"type":"Feature","geometry":{"type":"Polygon","coordinates":[[[10.661142857142856,44.13869387755103],[10.689061224489794,44.13869387755103],[10.689061224489794,44.14889795918368],[10.661142857142856,44.14889795918368],[10.661142857142856,44.13869387755103]]]},"properties":{"name":"Abetone Cutigliano","minint_elettorale":"2090630012","op_id":"8304","prov_name":"Pistoia","prov_istat_code":"047","prov_istat_code_num":47,"prov_acr":"PT","reg_name":"Toscana","reg_istat_code":"09","reg_istat_code_num":9,"opdm_id":"4499","com_catasto_code":"M376","com_istat_code":"047023","com_istat_code_num":47023,"value":53.20210224026144,"_featureIdx":33,"_color":"#3971d0"}},{"type":"Feature","geometry":{"type":"Polygon","coordinates":[[[10.689061224489794,44.13869387755103],[10.716979591836733,44.13869387755103],[10.716979591836733,44.14889795918368],[10.689061224489794,44.14889795918368],[10.689061224489794,44.13869387755103]]]},"properties":{"name":"Abetone Cutigliano","minint_elettorale":"2090630012","op_id":"8304","prov_name":"Pistoia","prov_istat_code":"047","prov_istat_code_num":47,"prov_acr":"PT","reg_name":"Toscana","reg_istat_code":"09","reg_istat_code_num":9,"opdm_id":"4499","com_catasto_code":"M376","com_istat_code":"047023","com_istat_code_num":47023,"value":53.20210224026144,"_featureIdx":33,"_color":"#3971d0"}},{"type":"Feature","geometry":{"type":"Polygon","coordinates":[[[10.716979591836735,44.13869387755103],[10.744897959183673,44.13869387755103],[10.744897959183673,44.14889795918368],[10.716979591836735,44.14889795918368],[10.716979591836735,44.13869387755103]]]},"properties":{"name":"Abetone Cutigliano","minint_elettorale":"2090630012","op_id":"8304","prov_name":"Pistoia","prov_istat_code":"047","prov_istat_code_num":47,"prov_acr":"PT","reg_name":"Toscana","reg_istat_code":"09","reg_istat_code_num":9,"opdm_id":"4499","com_catasto_code":"M376","com_istat_code":"047023","com_istat_code_num":47023,"value":53.20210224026144,"_featureIdx":33,"_color":"#3971d0"}},{"type":"Feature","geometry":{"type":"Polygon","coordinates":[[[10.744897959183673,44.13869387755103],[10.772816326530611,44.13869387755103],[10.772816326530611,44.14889795918368],[10.744897959183673,44.14889795918368],[10.744897959183673,44.13869387755103]]]},"properties":{"name":"Abetone Cutigliano","minint_elettorale":"2090630012","op_id":"8304","prov_name":"Pistoia","prov_istat_code":"047","prov_istat_code_num":47,"prov_acr":"PT","reg_name":"Toscana","reg_istat_code":"09","reg_istat_code_num":9,"opdm_id":"4499","com_catasto_code":"M376","com_istat_code":"047023","com_istat_code_num":47023,"value":53.20210224026144,"_featureIdx":33,"_color":"#3971d0"}},{"type":"Feature","geometry":{"type":"Polygon","coordinates":[[[9.991102040816326,44.14889795918368],[10.019020408163264,44.14889795918368],[10.019020408163264,44.15910204081633],[9.991102040816326,44.15910204081633],[9.991102040816326,44.14889795918368]]]},"properties":{"name":"Fosdinovo","minint_finloc":"3090460080","op_id":"4538","minint_elettorale":"2090460080","prov_name":"Massa-Carrara","prov_istat_code":"045","prov_istat_code_num":45,"prov_acr":"MS","reg_name":"Toscana","reg_istat_code":"09","reg_istat_code_num":9,"opdm_id":"4438","com_catasto_code":"D735","com_istat_code":"045008","com_istat_code_num":45008,"value":13.96944528240558,"_featureIdx":6,"_color":"#5fd039"}},{"type":"Feature","geometry":{"type":"Polygon","coordinates":[[[10.019020408163264,44.14889795918368],[10.046938775510203,44.14889795918368],[10.046938775510203,44.15910204081633],[10.019020408163264,44.15910204081633],[10.019020408163264,44.14889795918368]]]},"properties":{"name":"Fosdinovo","minint_finloc":"3090460080","op_id":"4538","minint_elettorale":"2090460080","prov_name":"Massa-Carrara","prov_istat_code":"045","prov_istat_code_num":45,"prov_acr":"MS","reg_name":"Toscana","reg_istat_code":"09","reg_istat_code_num":9,"opdm_id":"4438","com_catasto_code":"D735","com_istat_code":"045008","com_istat_code_num":45008,"value":13.96944528240558,"_featureIdx":6,"_color":"#5fd039"}},{"type":"Feature","geometry":{"type":"Polygon","coordinates":[[[10.046938775510203,44.14889795918368],[10.074857142857141,44.14889795918368],[10.074857142857141,44.15910204081633],[10.046938775510203,44.15910204081633],[10.046938775510203,44.14889795918368]]]},"properties":{"name":"Fosdinovo","minint_finloc":"3090460080","op_id":"4538","minint_elettorale":"2090460080","prov_name":"Massa-Carrara","prov_istat_code":"045","prov_istat_code_num":45,"prov_acr":"MS","reg_name":"Toscana","reg_istat_code":"09","reg_istat_code_num":9,"opdm_id":"4438","com_catasto_code":"D735","com_istat_code":"045008","com_istat_code_num":45008,"value":13.96944528240558,"_featureIdx":6,"_color":"#5fd039"}},{"type":"Feature","geometry":{"type":"Polygon","coordinates":[[[10.074857142857143,44.14889795918368],[10.102775510204081,44.14889795918368],[10.102775510204081,44.15910204081633],[10.074857142857143,44.15910204081633],[10.074857142857143,44.14889795918368]]]},"properties":{"name":"Fivizzano","op_id":"4537","minint_elettorale":"2090460070","minint_finloc":"3090460070","prov_name":"Massa-Carrara","prov_istat_code":"045","prov_istat_code_num":45,"prov_acr":"MS","reg_name":"Toscana","reg_istat_code":"09","reg_istat_code_num":9,"opdm_id":"4437","com_catasto_code":"D629","com_istat_code":"045007","com_istat_code_num":45007,"value":8.158620559420203,"_featureIdx":5,"_color":"#d0398b"}},{"type":"Feature","geometry":{"type":"Polygon","coordinates":[[[10.102775510204081,44.14889795918368],[10.13069387755102,44.14889795918368],[10.13069387755102,44.15910204081633],[10.102775510204081,44.15910204081633],[10.102775510204081,44.14889795918368]]]},"properties":{"name":"Fivizzano","op_id":"4537","minint_elettorale":"2090460070","minint_finloc":"3090460070","prov_name":"Massa-Carrara","prov_istat_code":"045","prov_istat_code_num":45,"prov_acr":"MS","reg_name":"Toscana","reg_istat_code":"09","reg_istat_code_num":9,"opdm_id":"4437","com_catasto_code":"D629","com_istat_code":"045007","com_istat_code_num":45007,"value":8.158620559420203,"_featureIdx":5,"_color":"#d0398b"}},{"type":"Feature","geometry":{"type":"Polygon","coordinates":[[[10.13069387755102,44.14889795918368],[10.158612244897958,44.14889795918368],[10.158612244897958,44.15910204081633],[10.13069387755102,44.15910204081633],[10.13069387755102,44.14889795918368]]]},"properties":{"name":"Fivizzano","op_id":"4537","minint_elettorale":"2090460070","minint_finloc":"3090460070","prov_name":"Massa-Carrara","prov_istat_code":"045","prov_istat_code_num":45,"prov_acr":"MS","reg_name":"Toscana","reg_istat_code":"09","reg_istat_code_num":9,"opdm_id":"4437","com_catasto_code":"D629","com_istat_code":"045007","com_istat_code_num":45007,"value":8.158620559420203,"_featureIdx":5,"_color":"#d0398b"}},{"type":"Feature","geometry":{"type":"Polygon","coordinates":[[[10.15861224489796,44.14889795918368],[10.186530612244898,44.14889795918368],[10.186530612244898,44.15910204081633],[10.15861224489796,44.15910204081633],[10.15861224489796,44.14889795918368]]]},"properties":{"name":"Casola in Lunigiana","op_id":"4534","minint_elettorale":"2090460040","minint_finloc":"3090460040","prov_name":"Massa-Carrara","prov_istat_code":"045","prov_istat_code_num":45,"prov_acr":"MS","reg_name":"Toscana","reg_istat_code":"09","reg_istat_code_num":9,"opdm_id":"4434","com_catasto_code":"B979","com_istat_code":"045004","com_istat_code_num":45004,"value":90.41257494825325,"_featureIdx":2,"_color":"#9139d0"}},{"type":"Feature","geometry":{"type":"Polygon","coordinates":[[[10.186530612244898,44.14889795918368],[10.214448979591836,44.14889795918368],[10.214448979591836,44.15910204081633],[10.186530612244898,44.15910204081633],[10.186530612244898,44.14889795918368]]]},"properties":{"name":"Minucciano","minint_finloc":"3090430190","op_id":"4566","minint_elettorale":"2090430190","prov_name":"Lucca","prov_istat_code":"046","prov_istat_code_num":46,"prov_acr":"LU","reg_name":"Toscana","reg_istat_code":"09","reg_istat_code_num":9,"opdm_id":"4464","com_catasto_code":"F225","com_istat_code":"046019","com_istat_code_num":46019,"value":41.82481227587856,"_featureIdx":23,"_color":"#a539d0"}},{"type":"Feature","geometry":{"type":"Polygon","coordinates":[[[10.214448979591836,44.14889795918368],[10.242367346938774,44.14889795918368],[10.242367346938774,44.15910204081633],[10.214448979591836,44.15910204081633],[10.214448979591836,44.14889795918368]]]},"properties":{"name":"Minucciano","minint_finloc":"3090430190","op_id":"4566","minint_elettorale":"2090430190","prov_name":"Lucca","prov_istat_code":"046","prov_istat_code_num":46,"prov_acr":"LU","reg_name":"Toscana","reg_istat_code":"09","reg_istat_code_num":9,"opdm_id":"4464","com_catasto_code":"F225","com_istat_code":"046019","com_istat_code_num":46019,"value":41.82481227587856,"_featureIdx":23,"_color":"#a539d0"}},{"type":"Feature","geometry":{"type":"Polygon","coordinates":[[[10.242367346938774,44.14889795918368],[10.270285714285713,44.14889795918368],[10.270285714285713,44.15910204081633],[10.242367346938774,44.15910204081633],[10.242367346938774,44.14889795918368]]]},"properties":{"name":"Minucciano","minint_finloc":"3090430190","op_id":"4566","minint_elettorale":"2090430190","prov_name":"Lucca","prov_istat_code":"046","prov_istat_code_num":46,"prov_acr":"LU","reg_name":"Toscana","reg_istat_code":"09","reg_istat_code_num":9,"opdm_id":"4464","com_catasto_code":"F225","com_istat_code":"046019","com_istat_code_num":46019,"value":41.82481227587856,"_featureIdx":23,"_color":"#a539d0"}},{"type":"Feature","geometry":{"type":"Polygon","coordinates":[[[10.270285714285714,44.14889795918368],[10.298204081632653,44.14889795918368],[10.298204081632653,44.15910204081633],[10.270285714285714,44.15910204081633],[10.270285714285714,44.14889795918368]]]},"properties":{"name":"Camporgiano","op_id":"4553","minint_finloc":"3090430060","minint_elettorale":"2090430060","prov_name":"Lucca","prov_istat_code":"046","prov_istat_code_num":46,"prov_acr":"LU","reg_name":"Toscana","reg_istat_code":"09","reg_istat_code_num":9,"opdm_id":"4453","com_catasto_code":"B557","com_istat_code":"046006","com_istat_code_num":46006,"value":37.83863678196586,"_featureIdx":16,"_color":"#d09e39"}},{"type":"Feature","geometry":{"type":"Polygon","coordinates":[[[10.298204081632653,44.14889795918368],[10.326122448979591,44.14889795918368],[10.326122448979591,44.15910204081633],[10.298204081632653,44.15910204081633],[10.298204081632653,44.14889795918368]]]},"properties":{"name":"Camporgiano","op_id":"4553","minint_finloc":"3090430060","minint_elettorale":"2090430060","prov_name":"Lucca","prov_istat_code":"046","prov_istat_code_num":46,"prov_acr":"LU","reg_name":"Toscana","reg_istat_code":"09","reg_istat_code_num":9,"opdm_id":"4453","com_catasto_code":"B557","com_istat_code":"046006","com_istat_code_num":46006,"value":37.83863678196586,"_featureIdx":16,"_color":"#d09e39"}},{"type":"Feature","geometry":{"type":"Polygon","coordinates":[[[10.326122448979591,44.14889795918368],[10.35404081632653,44.14889795918368],[10.35404081632653,44.15910204081633],[10.326122448979591,44.15910204081633],[10.326122448979591,44.14889795918368]]]},"properties":{"name":"Camporgiano","op_id":"4553","minint_finloc":"3090430060","minint_elettorale":"2090430060","prov_name":"Lucca","prov_istat_code":"046","prov_istat_code_num":46,"prov_acr":"LU","reg_name":"Toscana","reg_istat_code":"09","reg_istat_code_num":9,"opdm_id":"4453","com_catasto_code":"B557","com_istat_code":"046006","com_istat_code_num":46006,"value":37.83863678196586,"_featureIdx":16,"_color":"#d09e39"}},{"type":"Feature","geometry":{"type":"Polygon","coordinates":[[[10.35404081632653,44.14889795918368],[10.381959183673468,44.14889795918368],[10.381959183673468,44.15910204081633],[10.35404081632653,44.15910204081633],[10.35404081632653,44.14889795918368]]]},"properties":{"name":"San Romano in Garfagnana","minint_finloc":"3090430270","op_id":"4574","minint_elettorale":"2090430270","prov_name":"Lucca","prov_istat_code":"046","prov_istat_code_num":46,"prov_acr":"LU","reg_name":"Toscana","reg_istat_code":"09","reg_istat_code_num":9,"opdm_id":"4472","com_catasto_code":"I142","com_istat_code":"046027","com_istat_code_num":46027,"value":42.26331761589017,"_featureIdx":28,"_color":"#5339d0"}},{"type":"Feature","geometry":{"type":"Polygon","coordinates":[[[10.38195918367347,44.14889795918368],[10.409877551020408,44.14889795918368],[10.409877551020408,44.15910204081633],[10.38195918367347,44.15910204081633],[10.38195918367347,44.14889795918368]]]},"properties":{"name":"Villa Collemandina","minint_finloc":"3090430350","minint_elettorale":"2090430350","op_id":"4582","prov_name":"Lucca","prov_istat_code":"046","prov_istat_code_num":46,"prov_acr":"LU","reg_name":"Toscana","reg_istat_code":"09","reg_istat_code_num":9,"opdm_id":"4478","com_catasto_code":"L926","com_istat_code":"046035","com_istat_code_num":46035,"value":46.10624193014752,"_featureIdx":29,"_color":"#d07f39"}},{"type":"Feature","geometry":{"type":"Polygon","coordinates":[[[10.409877551020408,44.14889795918368],[10.437795918367346,44.14889795918368],[10.437795918367346,44.15910204081633],[10.409877551020408,44.15910204081633],[10.409877551020408,44.14889795918368]]]},"properties":{"name":"Castiglione di Garfagnana","minint_finloc":"3090430100","minint_elettorale":"2090430100","op_id":"4557","prov_name":"Lucca","prov_istat_code":"046","prov_istat_code_num":46,"prov_acr":"LU","reg_name":"Toscana","reg_istat_code":"09","reg_istat_code_num":9,"opdm_id":"4457","com_catasto_code":"C303","com_istat_code":"046010","com_istat_code_num":46010,"value":67.60377646239077,"_featureIdx":19,"_color":"#7ed039"}},{"type":"Feature","geometry":{"type":"Polygon","coordinates":[[[10.437795918367346,44.14889795918368],[10.465714285714284,44.14889795918368],[10.465714285714284,44.15910204081633],[10.437795918367346,44.15910204081633],[10.437795918367346,44.14889795918368]]]},"properties":{"name":"Pieve Fosciana","op_id":"4572","minint_elettorale":"2090430250","minint_finloc":"3090430250","prov_name":"Lucca","prov_istat_code":"046","prov_istat_code_num":46,"prov_acr":"LU","reg_name":"Toscana","reg_istat_code":"09","reg_istat_code_num":9,"opdm_id":"4470","com_catasto_code":"G648","com_istat_code":"046025","com_istat_code_num":46025,"value":11.220588195226245,"_featureIdx":27,"_color":"#4bd039"}},{"type":"Feature","geometry":{"type":"Polygon","coordinates":[[[10.465714285714284,44.14889795918368],[10.493632653061223,44.14889795918368],[10.493632653061223,44.15910204081633],[10.465714285714284,44.15910204081633],[10.465714285714284,44.14889795918368]]]},"properties":{"name":"Pieve Fosciana","op_id":"4572","minint_elettorale":"2090430250","minint_finloc":"3090430250","prov_name":"Lucca","prov_istat_code":"046","prov_istat_code_num":46,"prov_acr":"LU","reg_name":"Toscana","reg_istat_code":"09","reg_istat_code_num":9,"opdm_id":"4470","com_catasto_code":"G648","com_istat_code":"046025","com_istat_code_num":46025,"value":11.220588195226245,"_featureIdx":27,"_color":"#4bd039"}},{"type":"Feature","geometry":{"type":"Polygon","coordinates":[[[10.493632653061225,44.14889795918368],[10.521551020408163,44.14889795918368],[10.521551020408163,44.15910204081633],[10.493632653061225,44.15910204081633],[10.493632653061225,44.14889795918368]]]},"properties":{"name":"Fosciandora","minint_elettorale":"2090430140","minint_finloc":"3090430140","op_id":"4561","prov_name":"Lucca","prov_istat_code":"046","prov_istat_code_num":46,"prov_acr":"LU","reg_name":"Toscana","reg_istat_code":"09","reg_istat_code_num":9,"opdm_id":"4460","com_catasto_code":"D734","com_istat_code":"046014","com_istat_code_num":46014,"value":19.142876510701235,"_featureIdx":21,"_color":"#d04c39"}},{"type":"Feature","geometry":{"type":"Polygon","coordinates":[[[10.633224489795918,44.14889795918368],[10.661142857142856,44.14889795918368],[10.661142857142856,44.15910204081633],[10.633224489795918,44.15910204081633],[10.633224489795918,44.14889795918368]]]},"properties":{"name":"Abetone Cutigliano","minint_elettorale":"2090630012","op_id":"8304","prov_name":"Pistoia","prov_istat_code":"047","prov_istat_code_num":47,"prov_acr":"PT","reg_name":"Toscana","reg_istat_code":"09","reg_istat_code_num":9,"opdm_id":"4499","com_catasto_code":"M376","com_istat_code":"047023","com_istat_code_num":47023,"value":53.20210224026144,"_featureIdx":33,"_color":"#3971d0"}},{"type":"Feature","geometry":{"type":"Polygon","coordinates":[[[10.661142857142856,44.14889795918368],[10.689061224489794,44.14889795918368],[10.689061224489794,44.15910204081633],[10.661142857142856,44.15910204081633],[10.661142857142856,44.14889795918368]]]},"properties":{"name":"Abetone Cutigliano","minint_elettorale":"2090630012","op_id":"8304","prov_name":"Pistoia","prov_istat_code":"047","prov_istat_code_num":47,"prov_acr":"PT","reg_name":"Toscana","reg_istat_code":"09","reg_istat_code_num":9,"opdm_id":"4499","com_catasto_code":"M376","com_istat_code":"047023","com_istat_code_num":47023,"value":53.20210224026144,"_featureIdx":33,"_color":"#3971d0"}},{"type":"Feature","geometry":{"type":"Polygon","coordinates":[[[10.689061224489794,44.14889795918368],[10.716979591836733,44.14889795918368],[10.716979591836733,44.15910204081633],[10.689061224489794,44.15910204081633],[10.689061224489794,44.14889795918368]]]},"properties":{"name":"Abetone Cutigliano","minint_elettorale":"2090630012","op_id":"8304","prov_name":"Pistoia","prov_istat_code":"047","prov_istat_code_num":47,"prov_acr":"PT","reg_name":"Toscana","reg_istat_code":"09","reg_istat_code_num":9,"opdm_id":"4499","com_catasto_code":"M376","com_istat_code":"047023","com_istat_code_num":47023,"value":53.20210224026144,"_featureIdx":33,"_color":"#3971d0"}},{"type":"Feature","geometry":{"type":"Polygon","coordinates":[[[10.716979591836735,44.14889795918368],[10.744897959183673,44.14889795918368],[10.744897959183673,44.15910204081633],[10.716979591836735,44.15910204081633],[10.716979591836735,44.14889795918368]]]},"properties":{"name":"Abetone Cutigliano","minint_elettorale":"2090630012","op_id":"8304","prov_name":"Pistoia","prov_istat_code":"047","prov_istat_code_num":47,"prov_acr":"PT","reg_name":"Toscana","reg_istat_code":"09","reg_istat_code_num":9,"opdm_id":"4499","com_catasto_code":"M376","com_istat_code":"047023","com_istat_code_num":47023,"value":53.20210224026144,"_featureIdx":33,"_color":"#3971d0"}},{"type":"Feature","geometry":{"type":"Polygon","coordinates":[[[9.935265306122448,44.15910204081633],[9.963183673469386,44.15910204081633],[9.963183673469386,44.16930612244898],[9.935265306122448,44.16930612244898],[9.935265306122448,44.15910204081633]]]},"properties":{"name":"Aulla","op_id":"4531","minint_elettorale":"2090460010","minint_finloc":"3090460010","prov_name":"Massa-Carrara","prov_istat_code":"045","prov_istat_code_num":45,"prov_acr":"MS","reg_name":"Toscana","reg_istat_code":"09","reg_istat_code_num":9,"opdm_id":"4431","com_catasto_code":"A496","com_istat_code":"045001","com_istat_code_num":45001,"value":76.86388157062083,"_featureIdx":0,"_color":"#d03939"}},{"type":"Feature","geometry":{"type":"Polygon","coordinates":[[[9.963183673469388,44.15910204081633],[9.991102040816326,44.15910204081633],[9.991102040816326,44.16930612244898],[9.963183673469388,44.16930612244898],[9.963183673469388,44.15910204081633]]]},"properties":{"name":"Aulla","op_id":"4531","minint_elettorale":"2090460010","minint_finloc":"3090460010","prov_name":"Massa-Carrara","prov_istat_code":"045","prov_istat_code_num":45,"prov_acr":"MS","reg_name":"Toscana","reg_istat_code":"09","reg_istat_code_num":9,"opdm_id":"4431","com_catasto_code":"A496","com_istat_code":"045001","com_istat_code_num":45001,"value":76.86388157062083,"_featureIdx":0,"_color":"#d03939"}},{"type":"Feature","geometry":{"type":"Polygon","coordinates":[[[9.991102040816326,44.15910204081633],[10.019020408163264,44.15910204081633],[10.019020408163264,44.16930612244898],[9.991102040816326,44.16930612244898],[9.991102040816326,44.15910204081633]]]},"properties":{"name":"Fosdinovo","minint_finloc":"3090460080","op_id":"4538","minint_elettorale":"2090460080","prov_name":"Massa-Carrara","prov_istat_code":"045","prov_istat_code_num":45,"prov_acr":"MS","reg_name":"Toscana","reg_istat_code":"09","reg_istat_code_num":9,"opdm_id":"4438","com_catasto_code":"D735","com_istat_code":"045008","com_istat_code_num":45008,"value":13.96944528240558,"_featureIdx":6,"_color":"#5fd039"}},{"type":"Feature","geometry":{"type":"Polygon","coordinates":[[[10.019020408163264,44.15910204081633],[10.046938775510203,44.15910204081633],[10.046938775510203,44.16930612244898],[10.019020408163264,44.16930612244898],[10.019020408163264,44.15910204081633]]]},"properties":{"name":"Fivizzano","op_id":"4537","minint_elettorale":"2090460070","minint_finloc":"3090460070","prov_name":"Massa-Carrara","prov_istat_code":"045","prov_istat_code_num":45,"prov_acr":"MS","reg_name":"Toscana","reg_istat_code":"09","reg_istat_code_num":9,"opdm_id":"4437","com_catasto_code":"D629","com_istat_code":"045007","com_istat_code_num":45007,"value":8.158620559420203,"_featureIdx":5,"_color":"#d0398b"}},{"type":"Feature","geometry":{"type":"Polygon","coordinates":[[[10.046938775510203,44.15910204081633],[10.074857142857141,44.15910204081633],[10.074857142857141,44.16930612244898],[10.046938775510203,44.16930612244898],[10.046938775510203,44.15910204081633]]]},"properties":{"name":"Fosdinovo","minint_finloc":"3090460080","op_id":"4538","minint_elettorale":"2090460080","prov_name":"Massa-Carrara","prov_istat_code":"045","prov_istat_code_num":45,"prov_acr":"MS","reg_name":"Toscana","reg_istat_code":"09","reg_istat_code_num":9,"opdm_id":"4438","com_catasto_code":"D735","com_istat_code":"045008","com_istat_code_num":45008,"value":13.96944528240558,"_featureIdx":6,"_color":"#5fd039"}},{"type":"Feature","geometry":{"type":"Polygon","coordinates":[[[10.074857142857143,44.15910204081633],[10.102775510204081,44.15910204081633],[10.102775510204081,44.16930612244898],[10.074857142857143,44.16930612244898],[10.074857142857143,44.15910204081633]]]},"properties":{"name":"Fivizzano","op_id":"4537","minint_elettorale":"2090460070","minint_finloc":"3090460070","prov_name":"Massa-Carrara","prov_istat_code":"045","prov_istat_code_num":45,"prov_acr":"MS","reg_name":"Toscana","reg_istat_code":"09","reg_istat_code_num":9,"opdm_id":"4437","com_catasto_code":"D629","com_istat_code":"045007","com_istat_code_num":45007,"value":8.158620559420203,"_featureIdx":5,"_color":"#d0398b"}},{"type":"Feature","geometry":{"type":"Polygon","coordinates":[[[10.102775510204081,44.15910204081633],[10.13069387755102,44.15910204081633],[10.13069387755102,44.16930612244898],[10.102775510204081,44.16930612244898],[10.102775510204081,44.15910204081633]]]},"properties":{"name":"Fivizzano","op_id":"4537","minint_elettorale":"2090460070","minint_finloc":"3090460070","prov_name":"Massa-Carrara","prov_istat_code":"045","prov_istat_code_num":45,"prov_acr":"MS","reg_name":"Toscana","reg_istat_code":"09","reg_istat_code_num":9,"opdm_id":"4437","com_catasto_code":"D629","com_istat_code":"045007","com_istat_code_num":45007,"value":8.158620559420203,"_featureIdx":5,"_color":"#d0398b"}},{"type":"Feature","geometry":{"type":"Polygon","coordinates":[[[10.13069387755102,44.15910204081633],[10.158612244897958,44.15910204081633],[10.158612244897958,44.16930612244898],[10.13069387755102,44.16930612244898],[10.13069387755102,44.15910204081633]]]},"properties":{"name":"Fivizzano","op_id":"4537","minint_elettorale":"2090460070","minint_finloc":"3090460070","prov_name":"Massa-Carrara","prov_istat_code":"045","prov_istat_code_num":45,"prov_acr":"MS","reg_name":"Toscana","reg_istat_code":"09","reg_istat_code_num":9,"opdm_id":"4437","com_catasto_code":"D629","com_istat_code":"045007","com_istat_code_num":45007,"value":8.158620559420203,"_featureIdx":5,"_color":"#d0398b"}},{"type":"Feature","geometry":{"type":"Polygon","coordinates":[[[10.15861224489796,44.15910204081633],[10.186530612244898,44.15910204081633],[10.186530612244898,44.16930612244898],[10.15861224489796,44.16930612244898],[10.15861224489796,44.15910204081633]]]},"properties":{"name":"Casola in Lunigiana","op_id":"4534","minint_elettorale":"2090460040","minint_finloc":"3090460040","prov_name":"Massa-Carrara","prov_istat_code":"045","prov_istat_code_num":45,"prov_acr":"MS","reg_name":"Toscana","reg_istat_code":"09","reg_istat_code_num":9,"opdm_id":"4434","com_catasto_code":"B979","com_istat_code":"045004","com_istat_code_num":45004,"value":90.41257494825325,"_featureIdx":2,"_color":"#9139d0"}},{"type":"Feature","geometry":{"type":"Polygon","coordinates":[[[10.186530612244898,44.15910204081633],[10.214448979591836,44.15910204081633],[10.214448979591836,44.16930612244898],[10.186530612244898,44.16930612244898],[10.186530612244898,44.15910204081633]]]},"properties":{"name":"Minucciano","minint_finloc":"3090430190","op_id":"4566","minint_elettorale":"2090430190","prov_name":"Lucca","prov_istat_code":"046","prov_istat_code_num":46,"prov_acr":"LU","reg_name":"Toscana","reg_istat_code":"09","reg_istat_code_num":9,"opdm_id":"4464","com_catasto_code":"F225","com_istat_code":"046019","com_istat_code_num":46019,"value":41.82481227587856,"_featureIdx":23,"_color":"#a539d0"}},{"type":"Feature","geometry":{"type":"Polygon","coordinates":[[[10.214448979591836,44.15910204081633],[10.242367346938774,44.15910204081633],[10.242367346938774,44.16930612244898],[10.214448979591836,44.16930612244898],[10.214448979591836,44.15910204081633]]]},"properties":{"name":"Minucciano","minint_finloc":"3090430190","op_id":"4566","minint_elettorale":"2090430190","prov_name":"Lucca","prov_istat_code":"046","prov_istat_code_num":46,"prov_acr":"LU","reg_name":"Toscana","reg_istat_code":"09","reg_istat_code_num":9,"opdm_id":"4464","com_catasto_code":"F225","com_istat_code":"046019","com_istat_code_num":46019,"value":41.82481227587856,"_featureIdx":23,"_color":"#a539d0"}},{"type":"Feature","geometry":{"type":"Polygon","coordinates":[[[10.242367346938774,44.15910204081633],[10.270285714285713,44.15910204081633],[10.270285714285713,44.16930612244898],[10.242367346938774,44.16930612244898],[10.242367346938774,44.15910204081633]]]},"properties":{"name":"Minucciano","minint_finloc":"3090430190","op_id":"4566","minint_elettorale":"2090430190","prov_name":"Lucca","prov_istat_code":"046","prov_istat_code_num":46,"prov_acr":"LU","reg_name":"Toscana","reg_istat_code":"09","reg_istat_code_num":9,"opdm_id":"4464","com_catasto_code":"F225","com_istat_code":"046019","com_istat_code_num":46019,"value":41.82481227587856,"_featureIdx":23,"_color":"#a539d0"}},{"type":"Feature","geometry":{"type":"Polygon","coordinates":[[[10.270285714285714,44.15910204081633],[10.298204081632653,44.15910204081633],[10.298204081632653,44.16930612244898],[10.270285714285714,44.16930612244898],[10.270285714285714,44.15910204081633]]]},"properties":{"name":"Camporgiano","op_id":"4553","minint_finloc":"3090430060","minint_elettorale":"2090430060","prov_name":"Lucca","prov_istat_code":"046","prov_istat_code_num":46,"prov_acr":"LU","reg_name":"Toscana","reg_istat_code":"09","reg_istat_code_num":9,"opdm_id":"4453","com_catasto_code":"B557","com_istat_code":"046006","com_istat_code_num":46006,"value":37.83863678196586,"_featureIdx":16,"_color":"#d09e39"}},{"type":"Feature","geometry":{"type":"Polygon","coordinates":[[[10.298204081632653,44.15910204081633],[10.326122448979591,44.15910204081633],[10.326122448979591,44.16930612244898],[10.298204081632653,44.16930612244898],[10.298204081632653,44.15910204081633]]]},"properties":{"name":"Camporgiano","op_id":"4553","minint_finloc":"3090430060","minint_elettorale":"2090430060","prov_name":"Lucca","prov_istat_code":"046","prov_istat_code_num":46,"prov_acr":"LU","reg_name":"Toscana","reg_istat_code":"09","reg_istat_code_num":9,"opdm_id":"4453","com_catasto_code":"B557","com_istat_code":"046006","com_istat_code_num":46006,"value":37.83863678196586,"_featureIdx":16,"_color":"#d09e39"}},{"type":"Feature","geometry":{"type":"Polygon","coordinates":[[[10.326122448979591,44.15910204081633],[10.35404081632653,44.15910204081633],[10.35404081632653,44.16930612244898],[10.326122448979591,44.16930612244898],[10.326122448979591,44.15910204081633]]]},"properties":{"name":"San Romano in Garfagnana","minint_finloc":"3090430270","op_id":"4574","minint_elettorale":"2090430270","prov_name":"Lucca","prov_istat_code":"046","prov_istat_code_num":46,"prov_acr":"LU","reg_name":"Toscana","reg_istat_code":"09","reg_istat_code_num":9,"opdm_id":"4472","com_catasto_code":"I142","com_istat_code":"046027","com_istat_code_num":46027,"value":42.26331761589017,"_featureIdx":28,"_color":"#5339d0"}},{"type":"Feature","geometry":{"type":"Polygon","coordinates":[[[10.35404081632653,44.15910204081633],[10.381959183673468,44.15910204081633],[10.381959183673468,44.16930612244898],[10.35404081632653,44.16930612244898],[10.35404081632653,44.15910204081633]]]},"properties":{"name":"San Romano in Garfagnana","minint_finloc":"3090430270","op_id":"4574","minint_elettorale":"2090430270","prov_name":"Lucca","prov_istat_code":"046","prov_istat_code_num":46,"prov_acr":"LU","reg_name":"Toscana","reg_istat_code":"09","reg_istat_code_num":9,"opdm_id":"4472","com_catasto_code":"I142","com_istat_code":"046027","com_istat_code_num":46027,"value":42.26331761589017,"_featureIdx":28,"_color":"#5339d0"}},{"type":"Feature","geometry":{"type":"Polygon","coordinates":[[[10.38195918367347,44.15910204081633],[10.409877551020408,44.15910204081633],[10.409877551020408,44.16930612244898],[10.38195918367347,44.16930612244898],[10.38195918367347,44.15910204081633]]]},"properties":{"name":"Villa Collemandina","minint_finloc":"3090430350","minint_elettorale":"2090430350","op_id":"4582","prov_name":"Lucca","prov_istat_code":"046","prov_istat_code_num":46,"prov_acr":"LU","reg_name":"Toscana","reg_istat_code":"09","reg_istat_code_num":9,"opdm_id":"4478","com_catasto_code":"L926","com_istat_code":"046035","com_istat_code_num":46035,"value":46.10624193014752,"_featureIdx":29,"_color":"#d07f39"}},{"type":"Feature","geometry":{"type":"Polygon","coordinates":[[[10.409877551020408,44.15910204081633],[10.437795918367346,44.15910204081633],[10.437795918367346,44.16930612244898],[10.409877551020408,44.16930612244898],[10.409877551020408,44.15910204081633]]]},"properties":{"name":"Castiglione di Garfagnana","minint_finloc":"3090430100","minint_elettorale":"2090430100","op_id":"4557","prov_name":"Lucca","prov_istat_code":"046","prov_istat_code_num":46,"prov_acr":"LU","reg_name":"Toscana","reg_istat_code":"09","reg_istat_code_num":9,"opdm_id":"4457","com_catasto_code":"C303","com_istat_code":"046010","com_istat_code_num":46010,"value":67.60377646239077,"_featureIdx":19,"_color":"#7ed039"}},{"type":"Feature","geometry":{"type":"Polygon","coordinates":[[[10.437795918367346,44.15910204081633],[10.465714285714284,44.15910204081633],[10.465714285714284,44.16930612244898],[10.437795918367346,44.16930612244898],[10.437795918367346,44.15910204081633]]]},"properties":{"name":"Pieve Fosciana","op_id":"4572","minint_elettorale":"2090430250","minint_finloc":"3090430250","prov_name":"Lucca","prov_istat_code":"046","prov_istat_code_num":46,"prov_acr":"LU","reg_name":"Toscana","reg_istat_code":"09","reg_istat_code_num":9,"opdm_id":"4470","com_catasto_code":"G648","com_istat_code":"046025","com_istat_code_num":46025,"value":11.220588195226245,"_featureIdx":27,"_color":"#4bd039"}},{"type":"Feature","geometry":{"type":"Polygon","coordinates":[[[10.465714285714284,44.15910204081633],[10.493632653061223,44.15910204081633],[10.493632653061223,44.16930612244898],[10.465714285714284,44.16930612244898],[10.465714285714284,44.15910204081633]]]},"properties":{"name":"Pieve Fosciana","op_id":"4572","minint_elettorale":"2090430250","minint_finloc":"3090430250","prov_name":"Lucca","prov_istat_code":"046","prov_istat_code_num":46,"prov_acr":"LU","reg_name":"Toscana","reg_istat_code":"09","reg_istat_code_num":9,"opdm_id":"4470","com_catasto_code":"G648","com_istat_code":"046025","com_istat_code_num":46025,"value":11.220588195226245,"_featureIdx":27,"_color":"#4bd039"}},{"type":"Feature","geometry":{"type":"Polygon","coordinates":[[[10.493632653061225,44.15910204081633],[10.521551020408163,44.15910204081633],[10.521551020408163,44.16930612244898],[10.493632653061225,44.16930612244898],[10.493632653061225,44.15910204081633]]]},"properties":{"name":"Fosciandora","minint_elettorale":"2090430140","minint_finloc":"3090430140","op_id":"4561","prov_name":"Lucca","prov_istat_code":"046","prov_istat_code_num":46,"prov_acr":"LU","reg_name":"Toscana","reg_istat_code":"09","reg_istat_code_num":9,"opdm_id":"4460","com_catasto_code":"D734","com_istat_code":"046014","com_istat_code_num":46014,"value":19.142876510701235,"_featureIdx":21,"_color":"#d04c39"}},{"type":"Feature","geometry":{"type":"Polygon","coordinates":[[[9.90734693877551,44.16930612244898],[9.935265306122448,44.16930612244898],[9.935265306122448,44.17951020408163],[9.90734693877551,44.17951020408163],[9.90734693877551,44.16930612244898]]]},"properties":{"name":"Aulla","op_id":"4531","minint_elettorale":"2090460010","minint_finloc":"3090460010","prov_name":"Massa-Carrara","prov_istat_code":"045","prov_istat_code_num":45,"prov_acr":"MS","reg_name":"Toscana","reg_istat_code":"09","reg_istat_code_num":9,"opdm_id":"4431","com_catasto_code":"A496","com_istat_code":"045001","com_istat_code_num":45001,"value":76.86388157062083,"_featureIdx":0,"_color":"#d03939"}},{"type":"Feature","geometry":{"type":"Polygon","coordinates":[[[9.935265306122448,44.16930612244898],[9.963183673469386,44.16930612244898],[9.963183673469386,44.17951020408163],[9.935265306122448,44.17951020408163],[9.935265306122448,44.16930612244898]]]},"properties":{"name":"Aulla","op_id":"4531","minint_elettorale":"2090460010","minint_finloc":"3090460010","prov_name":"Massa-Carrara","prov_istat_code":"045","prov_istat_code_num":45,"prov_acr":"MS","reg_name":"Toscana","reg_istat_code":"09","reg_istat_code_num":9,"opdm_id":"4431","com_catasto_code":"A496","com_istat_code":"045001","com_istat_code_num":45001,"value":76.86388157062083,"_featureIdx":0,"_color":"#d03939"}},{"type":"Feature","geometry":{"type":"Polygon","coordinates":[[[9.963183673469388,44.16930612244898],[9.991102040816326,44.16930612244898],[9.991102040816326,44.17951020408163],[9.963183673469388,44.17951020408163],[9.963183673469388,44.16930612244898]]]},"properties":{"name":"Aulla","op_id":"4531","minint_elettorale":"2090460010","minint_finloc":"3090460010","prov_name":"Massa-Carrara","prov_istat_code":"045","prov_istat_code_num":45,"prov_acr":"MS","reg_name":"Toscana","reg_istat_code":"09","reg_istat_code_num":9,"opdm_id":"4431","com_catasto_code":"A496","com_istat_code":"045001","com_istat_code_num":45001,"value":76.86388157062083,"_featureIdx":0,"_color":"#d03939"}},{"type":"Feature","geometry":{"type":"Polygon","coordinates":[[[9.991102040816326,44.16930612244898],[10.019020408163264,44.16930612244898],[10.019020408163264,44.17951020408163],[9.991102040816326,44.17951020408163],[9.991102040816326,44.16930612244898]]]},"properties":{"name":"Fosdinovo","minint_finloc":"3090460080","op_id":"4538","minint_elettorale":"2090460080","prov_name":"Massa-Carrara","prov_istat_code":"045","prov_istat_code_num":45,"prov_acr":"MS","reg_name":"Toscana","reg_istat_code":"09","reg_istat_code_num":9,"opdm_id":"4438","com_catasto_code":"D735","com_istat_code":"045008","com_istat_code_num":45008,"value":13.96944528240558,"_featureIdx":6,"_color":"#5fd039"}},{"type":"Feature","geometry":{"type":"Polygon","coordinates":[[[10.019020408163264,44.16930612244898],[10.046938775510203,44.16930612244898],[10.046938775510203,44.17951020408163],[10.019020408163264,44.17951020408163],[10.019020408163264,44.16930612244898]]]},"properties":{"name":"Fivizzano","op_id":"4537","minint_elettorale":"2090460070","minint_finloc":"3090460070","prov_name":"Massa-Carrara","prov_istat_code":"045","prov_istat_code_num":45,"prov_acr":"MS","reg_name":"Toscana","reg_istat_code":"09","reg_istat_code_num":9,"opdm_id":"4437","com_catasto_code":"D629","com_istat_code":"045007","com_istat_code_num":45007,"value":8.158620559420203,"_featureIdx":5,"_color":"#d0398b"}},{"type":"Feature","geometry":{"type":"Polygon","coordinates":[[[10.046938775510203,44.16930612244898],[10.074857142857141,44.16930612244898],[10.074857142857141,44.17951020408163],[10.046938775510203,44.17951020408163],[10.046938775510203,44.16930612244898]]]},"properties":{"name":"Fivizzano","op_id":"4537","minint_elettorale":"2090460070","minint_finloc":"3090460070","prov_name":"Massa-Carrara","prov_istat_code":"045","prov_istat_code_num":45,"prov_acr":"MS","reg_name":"Toscana","reg_istat_code":"09","reg_istat_code_num":9,"opdm_id":"4437","com_catasto_code":"D629","com_istat_code":"045007","com_istat_code_num":45007,"value":8.158620559420203,"_featureIdx":5,"_color":"#d0398b"}},{"type":"Feature","geometry":{"type":"Polygon","coordinates":[[[10.074857142857143,44.16930612244898],[10.102775510204081,44.16930612244898],[10.102775510204081,44.17951020408163],[10.074857142857143,44.17951020408163],[10.074857142857143,44.16930612244898]]]},"properties":{"name":"Fivizzano","op_id":"4537","minint_elettorale":"2090460070","minint_finloc":"3090460070","prov_name":"Massa-Carrara","prov_istat_code":"045","prov_istat_code_num":45,"prov_acr":"MS","reg_name":"Toscana","reg_istat_code":"09","reg_istat_code_num":9,"opdm_id":"4437","com_catasto_code":"D629","com_istat_code":"045007","com_istat_code_num":45007,"value":8.158620559420203,"_featureIdx":5,"_color":"#d0398b"}},{"type":"Feature","geometry":{"type":"Polygon","coordinates":[[[10.102775510204081,44.16930612244898],[10.13069387755102,44.16930612244898],[10.13069387755102,44.17951020408163],[10.102775510204081,44.17951020408163],[10.102775510204081,44.16930612244898]]]},"properties":{"name":"Fivizzano","op_id":"4537","minint_elettorale":"2090460070","minint_finloc":"3090460070","prov_name":"Massa-Carrara","prov_istat_code":"045","prov_istat_code_num":45,"prov_acr":"MS","reg_name":"Toscana","reg_istat_code":"09","reg_istat_code_num":9,"opdm_id":"4437","com_catasto_code":"D629","com_istat_code":"045007","com_istat_code_num":45007,"value":8.158620559420203,"_featureIdx":5,"_color":"#d0398b"}},{"type":"Feature","geometry":{"type":"Polygon","coordinates":[[[10.13069387755102,44.16930612244898],[10.158612244897958,44.16930612244898],[10.158612244897958,44.17951020408163],[10.13069387755102,44.17951020408163],[10.13069387755102,44.16930612244898]]]},"properties":{"name":"Fivizzano","op_id":"4537","minint_elettorale":"2090460070","minint_finloc":"3090460070","prov_name":"Massa-Carrara","prov_istat_code":"045","prov_istat_code_num":45,"prov_acr":"MS","reg_name":"Toscana","reg_istat_code":"09","reg_istat_code_num":9,"opdm_id":"4437","com_catasto_code":"D629","com_istat_code":"045007","com_istat_code_num":45007,"value":8.158620559420203,"_featureIdx":5,"_color":"#d0398b"}},{"type":"Feature","geometry":{"type":"Polygon","coordinates":[[[10.15861224489796,44.16930612244898],[10.186530612244898,44.16930612244898],[10.186530612244898,44.17951020408163],[10.15861224489796,44.17951020408163],[10.15861224489796,44.16930612244898]]]},"properties":{"name":"Casola in Lunigiana","op_id":"4534","minint_elettorale":"2090460040","minint_finloc":"3090460040","prov_name":"Massa-Carrara","prov_istat_code":"045","prov_istat_code_num":45,"prov_acr":"MS","reg_name":"Toscana","reg_istat_code":"09","reg_istat_code_num":9,"opdm_id":"4434","com_catasto_code":"B979","com_istat_code":"045004","com_istat_code_num":45004,"value":90.41257494825325,"_featureIdx":2,"_color":"#9139d0"}},{"type":"Feature","geometry":{"type":"Polygon","coordinates":[[[10.186530612244898,44.16930612244898],[10.214448979591836,44.16930612244898],[10.214448979591836,44.17951020408163],[10.186530612244898,44.17951020408163],[10.186530612244898,44.16930612244898]]]},"properties":{"name":"Minucciano","minint_finloc":"3090430190","op_id":"4566","minint_elettorale":"2090430190","prov_name":"Lucca","prov_istat_code":"046","prov_istat_code_num":46,"prov_acr":"LU","reg_name":"Toscana","reg_istat_code":"09","reg_istat_code_num":9,"opdm_id":"4464","com_catasto_code":"F225","com_istat_code":"046019","com_istat_code_num":46019,"value":41.82481227587856,"_featureIdx":23,"_color":"#a539d0"}},{"type":"Feature","geometry":{"type":"Polygon","coordinates":[[[10.214448979591836,44.16930612244898],[10.242367346938774,44.16930612244898],[10.242367346938774,44.17951020408163],[10.214448979591836,44.17951020408163],[10.214448979591836,44.16930612244898]]]},"properties":{"name":"Minucciano","minint_finloc":"3090430190","op_id":"4566","minint_elettorale":"2090430190","prov_name":"Lucca","prov_istat_code":"046","prov_istat_code_num":46,"prov_acr":"LU","reg_name":"Toscana","reg_istat_code":"09","reg_istat_code_num":9,"opdm_id":"4464","com_catasto_code":"F225","com_istat_code":"046019","com_istat_code_num":46019,"value":41.82481227587856,"_featureIdx":23,"_color":"#a539d0"}},{"type":"Feature","geometry":{"type":"Polygon","coordinates":[[[10.242367346938774,44.16930612244898],[10.270285714285713,44.16930612244898],[10.270285714285713,44.17951020408163],[10.242367346938774,44.17951020408163],[10.242367346938774,44.16930612244898]]]},"properties":{"name":"Minucciano","minint_finloc":"3090430190","op_id":"4566","minint_elettorale":"2090430190","prov_name":"Lucca","prov_istat_code":"046","prov_istat_code_num":46,"prov_acr":"LU","reg_name":"Toscana","reg_istat_code":"09","reg_istat_code_num":9,"opdm_id":"4464","com_catasto_code":"F225","com_istat_code":"046019","com_istat_code_num":46019,"value":41.82481227587856,"_featureIdx":23,"_color":"#a539d0"}},{"type":"Feature","geometry":{"type":"Polygon","coordinates":[[[10.270285714285714,44.16930612244898],[10.298204081632653,44.16930612244898],[10.298204081632653,44.17951020408163],[10.270285714285714,44.17951020408163],[10.270285714285714,44.16930612244898]]]},"properties":{"name":"Piazza al Serchio","minint_elettorale":"2090430230","op_id":"4570","minint_finloc":"3090430230","prov_name":"Lucca","prov_istat_code":"046","prov_istat_code_num":46,"prov_acr":"LU","reg_name":"Toscana","reg_istat_code":"09","reg_istat_code_num":9,"opdm_id":"4468","com_catasto_code":"G582","com_istat_code":"046023","com_istat_code_num":46023,"value":19.88609454398795,"_featureIdx":26,"_color":"#d03977"}},{"type":"Feature","geometry":{"type":"Polygon","coordinates":[[[10.298204081632653,44.16930612244898],[10.326122448979591,44.16930612244898],[10.326122448979591,44.17951020408163],[10.298204081632653,44.17951020408163],[10.298204081632653,44.16930612244898]]]},"properties":{"name":"Piazza al Serchio","minint_elettorale":"2090430230","op_id":"4570","minint_finloc":"3090430230","prov_name":"Lucca","prov_istat_code":"046","prov_istat_code_num":46,"prov_acr":"LU","reg_name":"Toscana","reg_istat_code":"09","reg_istat_code_num":9,"opdm_id":"4468","com_catasto_code":"G582","com_istat_code":"046023","com_istat_code_num":46023,"value":19.88609454398795,"_featureIdx":26,"_color":"#d03977"}},{"type":"Feature","geometry":{"type":"Polygon","coordinates":[[[10.326122448979591,44.16930612244898],[10.35404081632653,44.16930612244898],[10.35404081632653,44.17951020408163],[10.326122448979591,44.17951020408163],[10.326122448979591,44.16930612244898]]]},"properties":{"name":"San Romano in Garfagnana","minint_finloc":"3090430270","op_id":"4574","minint_elettorale":"2090430270","prov_name":"Lucca","prov_istat_code":"046","prov_istat_code_num":46,"prov_acr":"LU","reg_name":"Toscana","reg_istat_code":"09","reg_istat_code_num":9,"opdm_id":"4472","com_catasto_code":"I142","com_istat_code":"046027","com_istat_code_num":46027,"value":42.26331761589017,"_featureIdx":28,"_color":"#5339d0"}},{"type":"Feature","geometry":{"type":"Polygon","coordinates":[[[10.35404081632653,44.16930612244898],[10.381959183673468,44.16930612244898],[10.381959183673468,44.17951020408163],[10.35404081632653,44.17951020408163],[10.35404081632653,44.16930612244898]]]},"properties":{"name":"Villa Collemandina","minint_finloc":"3090430350","minint_elettorale":"2090430350","op_id":"4582","prov_name":"Lucca","prov_istat_code":"046","prov_istat_code_num":46,"prov_acr":"LU","reg_name":"Toscana","reg_istat_code":"09","reg_istat_code_num":9,"opdm_id":"4478","com_catasto_code":"L926","com_istat_code":"046035","com_istat_code_num":46035,"value":46.10624193014752,"_featureIdx":29,"_color":"#d07f39"}},{"type":"Feature","geometry":{"type":"Polygon","coordinates":[[[10.38195918367347,44.16930612244898],[10.409877551020408,44.16930612244898],[10.409877551020408,44.17951020408163],[10.38195918367347,44.17951020408163],[10.38195918367347,44.16930612244898]]]},"properties":{"name":"Villa Collemandina","minint_finloc":"3090430350","minint_elettorale":"2090430350","op_id":"4582","prov_name":"Lucca","prov_istat_code":"046","prov_istat_code_num":46,"prov_acr":"LU","reg_name":"Toscana","reg_istat_code":"09","reg_istat_code_num":9,"opdm_id":"4478","com_catasto_code":"L926","com_istat_code":"046035","com_istat_code_num":46035,"value":46.10624193014752,"_featureIdx":29,"_color":"#d07f39"}},{"type":"Feature","geometry":{"type":"Polygon","coordinates":[[[10.409877551020408,44.16930612244898],[10.437795918367346,44.16930612244898],[10.437795918367346,44.17951020408163],[10.409877551020408,44.17951020408163],[10.409877551020408,44.16930612244898]]]},"properties":{"name":"Castiglione di Garfagnana","minint_finloc":"3090430100","minint_elettorale":"2090430100","op_id":"4557","prov_name":"Lucca","prov_istat_code":"046","prov_istat_code_num":46,"prov_acr":"LU","reg_name":"Toscana","reg_istat_code":"09","reg_istat_code_num":9,"opdm_id":"4457","com_catasto_code":"C303","com_istat_code":"046010","com_istat_code_num":46010,"value":67.60377646239077,"_featureIdx":19,"_color":"#7ed039"}},{"type":"Feature","geometry":{"type":"Polygon","coordinates":[[[10.437795918367346,44.16930612244898],[10.465714285714284,44.16930612244898],[10.465714285714284,44.17951020408163],[10.437795918367346,44.17951020408163],[10.437795918367346,44.16930612244898]]]},"properties":{"name":"Castiglione di Garfagnana","minint_finloc":"3090430100","minint_elettorale":"2090430100","op_id":"4557","prov_name":"Lucca","prov_istat_code":"046","prov_istat_code_num":46,"prov_acr":"LU","reg_name":"Toscana","reg_istat_code":"09","reg_istat_code_num":9,"opdm_id":"4457","com_catasto_code":"C303","com_istat_code":"046010","com_istat_code_num":46010,"value":67.60377646239077,"_featureIdx":19,"_color":"#7ed039"}},{"type":"Feature","geometry":{"type":"Polygon","coordinates":[[[10.465714285714284,44.16930612244898],[10.493632653061223,44.16930612244898],[10.493632653061223,44.17951020408163],[10.465714285714284,44.17951020408163],[10.465714285714284,44.16930612244898]]]},"properties":{"name":"Pieve Fosciana","op_id":"4572","minint_elettorale":"2090430250","minint_finloc":"3090430250","prov_name":"Lucca","prov_istat_code":"046","prov_istat_code_num":46,"prov_acr":"LU","reg_name":"Toscana","reg_istat_code":"09","reg_istat_code_num":9,"opdm_id":"4470","com_catasto_code":"G648","com_istat_code":"046025","com_istat_code_num":46025,"value":11.220588195226245,"_featureIdx":27,"_color":"#4bd039"}},{"type":"Feature","geometry":{"type":"Polygon","coordinates":[[[10.493632653061225,44.16930612244898],[10.521551020408163,44.16930612244898],[10.521551020408163,44.17951020408163],[10.493632653061225,44.17951020408163],[10.493632653061225,44.16930612244898]]]},"properties":{"name":"Castiglione di Garfagnana","minint_finloc":"3090430100","minint_elettorale":"2090430100","op_id":"4557","prov_name":"Lucca","prov_istat_code":"046","prov_istat_code_num":46,"prov_acr":"LU","reg_name":"Toscana","reg_istat_code":"09","reg_istat_code_num":9,"opdm_id":"4457","com_catasto_code":"C303","com_istat_code":"046010","com_istat_code_num":46010,"value":67.60377646239077,"_featureIdx":19,"_color":"#7ed039"}},{"type":"Feature","geometry":{"type":"Polygon","coordinates":[[[9.851510204081633,44.17951020408164],[9.879428571428571,44.17951020408164],[9.879428571428571,44.18971428571429],[9.851510204081633,44.18971428571429],[9.851510204081633,44.17951020408164]]]},"properties":{"name":"Podenzana","minint_finloc":"3090460130","op_id":"4543","minint_elettorale":"2090460130","prov_name":"Massa-Carrara","prov_istat_code":"045","prov_istat_code_num":45,"prov_acr":"MS","reg_name":"Toscana","reg_istat_code":"09","reg_istat_code_num":9,"opdm_id":"4443","com_catasto_code":"G746","com_istat_code":"045013","com_istat_code_num":45013,"value":26.238717202738894,"_featureIdx":9,"_color":"#39d098"}},{"type":"Feature","geometry":{"type":"Polygon","coordinates":[[[9.90734693877551,44.17951020408164],[9.935265306122448,44.17951020408164],[9.935265306122448,44.18971428571429],[9.90734693877551,44.18971428571429],[9.90734693877551,44.17951020408164]]]},"properties":{"name":"Aulla","op_id":"4531","minint_elettorale":"2090460010","minint_finloc":"3090460010","prov_name":"Massa-Carrara","prov_istat_code":"045","prov_istat_code_num":45,"prov_acr":"MS","reg_name":"Toscana","reg_istat_code":"09","reg_istat_code_num":9,"opdm_id":"4431","com_catasto_code":"A496","com_istat_code":"045001","com_istat_code_num":45001,"value":76.86388157062083,"_featureIdx":0,"_color":"#d03939"}},{"type":"Feature","geometry":{"type":"Polygon","coordinates":[[[9.935265306122448,44.17951020408164],[9.963183673469386,44.17951020408164],[9.963183673469386,44.18971428571429],[9.935265306122448,44.18971428571429],[9.935265306122448,44.17951020408164]]]},"properties":{"name":"Aulla","op_id":"4531","minint_elettorale":"2090460010","minint_finloc":"3090460010","prov_name":"Massa-Carrara","prov_istat_code":"045","prov_istat_code_num":45,"prov_acr":"MS","reg_name":"Toscana","reg_istat_code":"09","reg_istat_code_num":9,"opdm_id":"4431","com_catasto_code":"A496","com_istat_code":"045001","com_istat_code_num":45001,"value":76.86388157062083,"_featureIdx":0,"_color":"#d03939"}},{"type":"Feature","geometry":{"type":"Polygon","coordinates":[[[9.963183673469388,44.17951020408164],[9.991102040816326,44.17951020408164],[9.991102040816326,44.18971428571429],[9.963183673469388,44.18971428571429],[9.963183673469388,44.17951020408164]]]},"properties":{"name":"Aulla","op_id":"4531","minint_elettorale":"2090460010","minint_finloc":"3090460010","prov_name":"Massa-Carrara","prov_istat_code":"045","prov_istat_code_num":45,"prov_acr":"MS","reg_name":"Toscana","reg_istat_code":"09","reg_istat_code_num":9,"opdm_id":"4431","com_catasto_code":"A496","com_istat_code":"045001","com_istat_code_num":45001,"value":76.86388157062083,"_featureIdx":0,"_color":"#d03939"}},{"type":"Feature","geometry":{"type":"Polygon","coordinates":[[[9.991102040816326,44.17951020408164],[10.019020408163264,44.17951020408164],[10.019020408163264,44.18971428571429],[9.991102040816326,44.18971428571429],[9.991102040816326,44.17951020408164]]]},"properties":{"name":"Aulla","op_id":"4531","minint_elettorale":"2090460010","minint_finloc":"3090460010","prov_name":"Massa-Carrara","prov_istat_code":"045","prov_istat_code_num":45,"prov_acr":"MS","reg_name":"Toscana","reg_istat_code":"09","reg_istat_code_num":9,"opdm_id":"4431","com_catasto_code":"A496","com_istat_code":"045001","com_istat_code_num":45001,"value":76.86388157062083,"_featureIdx":0,"_color":"#d03939"}},{"type":"Feature","geometry":{"type":"Polygon","coordinates":[[[10.019020408163264,44.17951020408164],[10.046938775510203,44.17951020408164],[10.046938775510203,44.18971428571429],[10.019020408163264,44.18971428571429],[10.019020408163264,44.17951020408164]]]},"properties":{"name":"Fivizzano","op_id":"4537","minint_elettorale":"2090460070","minint_finloc":"3090460070","prov_name":"Massa-Carrara","prov_istat_code":"045","prov_istat_code_num":45,"prov_acr":"MS","reg_name":"Toscana","reg_istat_code":"09","reg_istat_code_num":9,"opdm_id":"4437","com_catasto_code":"D629","com_istat_code":"045007","com_istat_code_num":45007,"value":8.158620559420203,"_featureIdx":5,"_color":"#d0398b"}},{"type":"Feature","geometry":{"type":"Polygon","coordinates":[[[10.046938775510203,44.17951020408164],[10.074857142857141,44.17951020408164],[10.074857142857141,44.18971428571429],[10.046938775510203,44.18971428571429],[10.046938775510203,44.17951020408164]]]},"properties":{"name":"Fivizzano","op_id":"4537","minint_elettorale":"2090460070","minint_finloc":"3090460070","prov_name":"Massa-Carrara","prov_istat_code":"045","prov_istat_code_num":45,"prov_acr":"MS","reg_name":"Toscana","reg_istat_code":"09","reg_istat_code_num":9,"opdm_id":"4437","com_catasto_code":"D629","com_istat_code":"045007","com_istat_code_num":45007,"value":8.158620559420203,"_featureIdx":5,"_color":"#d0398b"}},{"type":"Feature","geometry":{"type":"Polygon","coordinates":[[[10.074857142857143,44.17951020408164],[10.102775510204081,44.17951020408164],[10.102775510204081,44.18971428571429],[10.074857142857143,44.18971428571429],[10.074857142857143,44.17951020408164]]]},"properties":{"name":"Fivizzano","op_id":"4537","minint_elettorale":"2090460070","minint_finloc":"3090460070","prov_name":"Massa-Carrara","prov_istat_code":"045","prov_istat_code_num":45,"prov_acr":"MS","reg_name":"Toscana","reg_istat_code":"09","reg_istat_code_num":9,"opdm_id":"4437","com_catasto_code":"D629","com_istat_code":"045007","com_istat_code_num":45007,"value":8.158620559420203,"_featureIdx":5,"_color":"#d0398b"}},{"type":"Feature","geometry":{"type":"Polygon","coordinates":[[[10.102775510204081,44.17951020408164],[10.13069387755102,44.17951020408164],[10.13069387755102,44.18971428571429],[10.102775510204081,44.18971428571429],[10.102775510204081,44.17951020408164]]]},"properties":{"name":"Fivizzano","op_id":"4537","minint_elettorale":"2090460070","minint_finloc":"3090460070","prov_name":"Massa-Carrara","prov_istat_code":"045","prov_istat_code_num":45,"prov_acr":"MS","reg_name":"Toscana","reg_istat_code":"09","reg_istat_code_num":9,"opdm_id":"4437","com_catasto_code":"D629","com_istat_code":"045007","com_istat_code_num":45007,"value":8.158620559420203,"_featureIdx":5,"_color":"#d0398b"}},{"type":"Feature","geometry":{"type":"Polygon","coordinates":[[[10.13069387755102,44.17951020408164],[10.158612244897958,44.17951020408164],[10.158612244897958,44.18971428571429],[10.13069387755102,44.18971428571429],[10.13069387755102,44.17951020408164]]]},"properties":{"name":"Casola in Lunigiana","op_id":"4534","minint_elettorale":"2090460040","minint_finloc":"3090460040","prov_name":"Massa-Carrara","prov_istat_code":"045","prov_istat_code_num":45,"prov_acr":"MS","reg_name":"Toscana","reg_istat_code":"09","reg_istat_code_num":9,"opdm_id":"4434","com_catasto_code":"B979","com_istat_code":"045004","com_istat_code_num":45004,"value":90.41257494825325,"_featureIdx":2,"_color":"#9139d0"}},{"type":"Feature","geometry":{"type":"Polygon","coordinates":[[[10.15861224489796,44.17951020408164],[10.186530612244898,44.17951020408164],[10.186530612244898,44.18971428571429],[10.15861224489796,44.18971428571429],[10.15861224489796,44.17951020408164]]]},"properties":{"name":"Casola in Lunigiana","op_id":"4534","minint_elettorale":"2090460040","minint_finloc":"3090460040","prov_name":"Massa-Carrara","prov_istat_code":"045","prov_istat_code_num":45,"prov_acr":"MS","reg_name":"Toscana","reg_istat_code":"09","reg_istat_code_num":9,"opdm_id":"4434","com_catasto_code":"B979","com_istat_code":"045004","com_istat_code_num":45004,"value":90.41257494825325,"_featureIdx":2,"_color":"#9139d0"}},{"type":"Feature","geometry":{"type":"Polygon","coordinates":[[[10.186530612244898,44.17951020408164],[10.214448979591836,44.17951020408164],[10.214448979591836,44.18971428571429],[10.186530612244898,44.18971428571429],[10.186530612244898,44.17951020408164]]]},"properties":{"name":"Minucciano","minint_finloc":"3090430190","op_id":"4566","minint_elettorale":"2090430190","prov_name":"Lucca","prov_istat_code":"046","prov_istat_code_num":46,"prov_acr":"LU","reg_name":"Toscana","reg_istat_code":"09","reg_istat_code_num":9,"opdm_id":"4464","com_catasto_code":"F225","com_istat_code":"046019","com_istat_code_num":46019,"value":41.82481227587856,"_featureIdx":23,"_color":"#a539d0"}},{"type":"Feature","geometry":{"type":"Polygon","coordinates":[[[10.214448979591836,44.17951020408164],[10.242367346938774,44.17951020408164],[10.242367346938774,44.18971428571429],[10.214448979591836,44.18971428571429],[10.214448979591836,44.17951020408164]]]},"properties":{"name":"Minucciano","minint_finloc":"3090430190","op_id":"4566","minint_elettorale":"2090430190","prov_name":"Lucca","prov_istat_code":"046","prov_istat_code_num":46,"prov_acr":"LU","reg_name":"Toscana","reg_istat_code":"09","reg_istat_code_num":9,"opdm_id":"4464","com_catasto_code":"F225","com_istat_code":"046019","com_istat_code_num":46019,"value":41.82481227587856,"_featureIdx":23,"_color":"#a539d0"}},{"type":"Feature","geometry":{"type":"Polygon","coordinates":[[[10.242367346938774,44.17951020408164],[10.270285714285713,44.17951020408164],[10.270285714285713,44.18971428571429],[10.242367346938774,44.18971428571429],[10.242367346938774,44.17951020408164]]]},"properties":{"name":"Piazza al Serchio","minint_elettorale":"2090430230","op_id":"4570","minint_finloc":"3090430230","prov_name":"Lucca","prov_istat_code":"046","prov_istat_code_num":46,"prov_acr":"LU","reg_name":"Toscana","reg_istat_code":"09","reg_istat_code_num":9,"opdm_id":"4468","com_catasto_code":"G582","com_istat_code":"046023","com_istat_code_num":46023,"value":19.88609454398795,"_featureIdx":26,"_color":"#d03977"}},{"type":"Feature","geometry":{"type":"Polygon","coordinates":[[[10.270285714285714,44.17951020408164],[10.298204081632653,44.17951020408164],[10.298204081632653,44.18971428571429],[10.270285714285714,44.18971428571429],[10.270285714285714,44.17951020408164]]]},"properties":{"name":"Piazza al Serchio","minint_elettorale":"2090430230","op_id":"4570","minint_finloc":"3090430230","prov_name":"Lucca","prov_istat_code":"046","prov_istat_code_num":46,"prov_acr":"LU","reg_name":"Toscana","reg_istat_code":"09","reg_istat_code_num":9,"opdm_id":"4468","com_catasto_code":"G582","com_istat_code":"046023","com_istat_code_num":46023,"value":19.88609454398795,"_featureIdx":26,"_color":"#d03977"}},{"type":"Feature","geometry":{"type":"Polygon","coordinates":[[[10.298204081632653,44.17951020408164],[10.326122448979591,44.17951020408164],[10.326122448979591,44.18971428571429],[10.298204081632653,44.18971428571429],[10.298204081632653,44.17951020408164]]]},"properties":{"name":"San Romano in Garfagnana","minint_finloc":"3090430270","op_id":"4574","minint_elettorale":"2090430270","prov_name":"Lucca","prov_istat_code":"046","prov_istat_code_num":46,"prov_acr":"LU","reg_name":"Toscana","reg_istat_code":"09","reg_istat_code_num":9,"opdm_id":"4472","com_catasto_code":"I142","com_istat_code":"046027","com_istat_code_num":46027,"value":42.26331761589017,"_featureIdx":28,"_color":"#5339d0"}},{"type":"Feature","geometry":{"type":"Polygon","coordinates":[[[10.326122448979591,44.17951020408164],[10.35404081632653,44.17951020408164],[10.35404081632653,44.18971428571429],[10.326122448979591,44.18971428571429],[10.326122448979591,44.17951020408164]]]},"properties":{"name":"San Romano in Garfagnana","minint_finloc":"3090430270","op_id":"4574","minint_elettorale":"2090430270","prov_name":"Lucca","prov_istat_code":"046","prov_istat_code_num":46,"prov_acr":"LU","reg_name":"Toscana","reg_istat_code":"09","reg_istat_code_num":9,"opdm_id":"4472","com_catasto_code":"I142","com_istat_code":"046027","com_istat_code_num":46027,"value":42.26331761589017,"_featureIdx":28,"_color":"#5339d0"}},{"type":"Feature","geometry":{"type":"Polygon","coordinates":[[[10.35404081632653,44.17951020408164],[10.381959183673468,44.17951020408164],[10.381959183673468,44.18971428571429],[10.35404081632653,44.18971428571429],[10.35404081632653,44.17951020408164]]]},"properties":{"name":"Villa Collemandina","minint_finloc":"3090430350","minint_elettorale":"2090430350","op_id":"4582","prov_name":"Lucca","prov_istat_code":"046","prov_istat_code_num":46,"prov_acr":"LU","reg_name":"Toscana","reg_istat_code":"09","reg_istat_code_num":9,"opdm_id":"4478","com_catasto_code":"L926","com_istat_code":"046035","com_istat_code_num":46035,"value":46.10624193014752,"_featureIdx":29,"_color":"#d07f39"}},{"type":"Feature","geometry":{"type":"Polygon","coordinates":[[[10.38195918367347,44.17951020408164],[10.409877551020408,44.17951020408164],[10.409877551020408,44.18971428571429],[10.38195918367347,44.18971428571429],[10.38195918367347,44.17951020408164]]]},"properties":{"name":"Villa Collemandina","minint_finloc":"3090430350","minint_elettorale":"2090430350","op_id":"4582","prov_name":"Lucca","prov_istat_code":"046","prov_istat_code_num":46,"prov_acr":"LU","reg_name":"Toscana","reg_istat_code":"09","reg_istat_code_num":9,"opdm_id":"4478","com_catasto_code":"L926","com_istat_code":"046035","com_istat_code_num":46035,"value":46.10624193014752,"_featureIdx":29,"_color":"#d07f39"}},{"type":"Feature","geometry":{"type":"Polygon","coordinates":[[[10.409877551020408,44.17951020408164],[10.437795918367346,44.17951020408164],[10.437795918367346,44.18971428571429],[10.409877551020408,44.18971428571429],[10.409877551020408,44.17951020408164]]]},"properties":{"name":"Castiglione di Garfagnana","minint_finloc":"3090430100","minint_elettorale":"2090430100","op_id":"4557","prov_name":"Lucca","prov_istat_code":"046","prov_istat_code_num":46,"prov_acr":"LU","reg_name":"Toscana","reg_istat_code":"09","reg_istat_code_num":9,"opdm_id":"4457","com_catasto_code":"C303","com_istat_code":"046010","com_istat_code_num":46010,"value":67.60377646239077,"_featureIdx":19,"_color":"#7ed039"}},{"type":"Feature","geometry":{"type":"Polygon","coordinates":[[[10.437795918367346,44.17951020408164],[10.465714285714284,44.17951020408164],[10.465714285714284,44.18971428571429],[10.437795918367346,44.18971428571429],[10.437795918367346,44.17951020408164]]]},"properties":{"name":"Castiglione di Garfagnana","minint_finloc":"3090430100","minint_elettorale":"2090430100","op_id":"4557","prov_name":"Lucca","prov_istat_code":"046","prov_istat_code_num":46,"prov_acr":"LU","reg_name":"Toscana","reg_istat_code":"09","reg_istat_code_num":9,"opdm_id":"4457","com_catasto_code":"C303","com_istat_code":"046010","com_istat_code_num":46010,"value":67.60377646239077,"_featureIdx":19,"_color":"#7ed039"}},{"type":"Feature","geometry":{"type":"Polygon","coordinates":[[[10.465714285714284,44.17951020408164],[10.493632653061223,44.17951020408164],[10.493632653061223,44.18971428571429],[10.465714285714284,44.18971428571429],[10.465714285714284,44.17951020408164]]]},"properties":{"name":"Castiglione di Garfagnana","minint_finloc":"3090430100","minint_elettorale":"2090430100","op_id":"4557","prov_name":"Lucca","prov_istat_code":"046","prov_istat_code_num":46,"prov_acr":"LU","reg_name":"Toscana","reg_istat_code":"09","reg_istat_code_num":9,"opdm_id":"4457","com_catasto_code":"C303","com_istat_code":"046010","com_istat_code_num":46010,"value":67.60377646239077,"_featureIdx":19,"_color":"#7ed039"}},{"type":"Feature","geometry":{"type":"Polygon","coordinates":[[[10.493632653061225,44.17951020408164],[10.521551020408163,44.17951020408164],[10.521551020408163,44.18971428571429],[10.493632653061225,44.18971428571429],[10.493632653061225,44.17951020408164]]]},"properties":{"name":"Castiglione di Garfagnana","minint_finloc":"3090430100","minint_elettorale":"2090430100","op_id":"4557","prov_name":"Lucca","prov_istat_code":"046","prov_istat_code_num":46,"prov_acr":"LU","reg_name":"Toscana","reg_istat_code":"09","reg_istat_code_num":9,"opdm_id":"4457","com_catasto_code":"C303","com_istat_code":"046010","com_istat_code_num":46010,"value":67.60377646239077,"_featureIdx":19,"_color":"#7ed039"}},{"type":"Feature","geometry":{"type":"Polygon","coordinates":[[[9.851510204081633,44.18971428571429],[9.879428571428571,44.18971428571429],[9.879428571428571,44.19991836734694],[9.851510204081633,44.19991836734694],[9.851510204081633,44.18971428571429]]]},"properties":{"name":"Podenzana","minint_finloc":"3090460130","op_id":"4543","minint_elettorale":"2090460130","prov_name":"Massa-Carrara","prov_istat_code":"045","prov_istat_code_num":45,"prov_acr":"MS","reg_name":"Toscana","reg_istat_code":"09","reg_istat_code_num":9,"opdm_id":"4443","com_catasto_code":"G746","com_istat_code":"045013","com_istat_code_num":45013,"value":26.238717202738894,"_featureIdx":9,"_color":"#39d098"}},{"type":"Feature","geometry":{"type":"Polygon","coordinates":[[[9.935265306122448,44.18971428571429],[9.963183673469386,44.18971428571429],[9.963183673469386,44.19991836734694],[9.935265306122448,44.19991836734694],[9.935265306122448,44.18971428571429]]]},"properties":{"name":"Aulla","op_id":"4531","minint_elettorale":"2090460010","minint_finloc":"3090460010","prov_name":"Massa-Carrara","prov_istat_code":"045","prov_istat_code_num":45,"prov_acr":"MS","reg_name":"Toscana","reg_istat_code":"09","reg_istat_code_num":9,"opdm_id":"4431","com_catasto_code":"A496","com_istat_code":"045001","com_istat_code_num":45001,"value":76.86388157062083,"_featureIdx":0,"_color":"#d03939"}},{"type":"Feature","geometry":{"type":"Polygon","coordinates":[[[9.963183673469388,44.18971428571429],[9.991102040816326,44.18971428571429],[9.991102040816326,44.19991836734694],[9.963183673469388,44.19991836734694],[9.963183673469388,44.18971428571429]]]},"properties":{"name":"Aulla","op_id":"4531","minint_elettorale":"2090460010","minint_finloc":"3090460010","prov_name":"Massa-Carrara","prov_istat_code":"045","prov_istat_code_num":45,"prov_acr":"MS","reg_name":"Toscana","reg_istat_code":"09","reg_istat_code_num":9,"opdm_id":"4431","com_catasto_code":"A496","com_istat_code":"045001","com_istat_code_num":45001,"value":76.86388157062083,"_featureIdx":0,"_color":"#d03939"}},{"type":"Feature","geometry":{"type":"Polygon","coordinates":[[[9.991102040816326,44.18971428571429],[10.019020408163264,44.18971428571429],[10.019020408163264,44.19991836734694],[9.991102040816326,44.19991836734694],[9.991102040816326,44.18971428571429]]]},"properties":{"name":"Aulla","op_id":"4531","minint_elettorale":"2090460010","minint_finloc":"3090460010","prov_name":"Massa-Carrara","prov_istat_code":"045","prov_istat_code_num":45,"prov_acr":"MS","reg_name":"Toscana","reg_istat_code":"09","reg_istat_code_num":9,"opdm_id":"4431","com_catasto_code":"A496","com_istat_code":"045001","com_istat_code_num":45001,"value":76.86388157062083,"_featureIdx":0,"_color":"#d03939"}},{"type":"Feature","geometry":{"type":"Polygon","coordinates":[[[10.019020408163264,44.18971428571429],[10.046938775510203,44.18971428571429],[10.046938775510203,44.19991836734694],[10.019020408163264,44.19991836734694],[10.019020408163264,44.18971428571429]]]},"properties":{"name":"Aulla","op_id":"4531","minint_elettorale":"2090460010","minint_finloc":"3090460010","prov_name":"Massa-Carrara","prov_istat_code":"045","prov_istat_code_num":45,"prov_acr":"MS","reg_name":"Toscana","reg_istat_code":"09","reg_istat_code_num":9,"opdm_id":"4431","com_catasto_code":"A496","com_istat_code":"045001","com_istat_code_num":45001,"value":76.86388157062083,"_featureIdx":0,"_color":"#d03939"}},{"type":"Feature","geometry":{"type":"Polygon","coordinates":[[[10.046938775510203,44.18971428571429],[10.074857142857141,44.18971428571429],[10.074857142857141,44.19991836734694],[10.046938775510203,44.19991836734694],[10.046938775510203,44.18971428571429]]]},"properties":{"name":"Fivizzano","op_id":"4537","minint_elettorale":"2090460070","minint_finloc":"3090460070","prov_name":"Massa-Carrara","prov_istat_code":"045","prov_istat_code_num":45,"prov_acr":"MS","reg_name":"Toscana","reg_istat_code":"09","reg_istat_code_num":9,"opdm_id":"4437","com_catasto_code":"D629","com_istat_code":"045007","com_istat_code_num":45007,"value":8.158620559420203,"_featureIdx":5,"_color":"#d0398b"}},{"type":"Feature","geometry":{"type":"Polygon","coordinates":[[[10.074857142857143,44.18971428571429],[10.102775510204081,44.18971428571429],[10.102775510204081,44.19991836734694],[10.074857142857143,44.19991836734694],[10.074857142857143,44.18971428571429]]]},"properties":{"name":"Fivizzano","op_id":"4537","minint_elettorale":"2090460070","minint_finloc":"3090460070","prov_name":"Massa-Carrara","prov_istat_code":"045","prov_istat_code_num":45,"prov_acr":"MS","reg_name":"Toscana","reg_istat_code":"09","reg_istat_code_num":9,"opdm_id":"4437","com_catasto_code":"D629","com_istat_code":"045007","com_istat_code_num":45007,"value":8.158620559420203,"_featureIdx":5,"_color":"#d0398b"}},{"type":"Feature","geometry":{"type":"Polygon","coordinates":[[[10.102775510204081,44.18971428571429],[10.13069387755102,44.18971428571429],[10.13069387755102,44.19991836734694],[10.102775510204081,44.19991836734694],[10.102775510204081,44.18971428571429]]]},"properties":{"name":"Fivizzano","op_id":"4537","minint_elettorale":"2090460070","minint_finloc":"3090460070","prov_name":"Massa-Carrara","prov_istat_code":"045","prov_istat_code_num":45,"prov_acr":"MS","reg_name":"Toscana","reg_istat_code":"09","reg_istat_code_num":9,"opdm_id":"4437","com_catasto_code":"D629","com_istat_code":"045007","com_istat_code_num":45007,"value":8.158620559420203,"_featureIdx":5,"_color":"#d0398b"}},{"type":"Feature","geometry":{"type":"Polygon","coordinates":[[[10.13069387755102,44.18971428571429],[10.158612244897958,44.18971428571429],[10.158612244897958,44.19991836734694],[10.13069387755102,44.19991836734694],[10.13069387755102,44.18971428571429]]]},"properties":{"name":"Casola in Lunigiana","op_id":"4534","minint_elettorale":"2090460040","minint_finloc":"3090460040","prov_name":"Massa-Carrara","prov_istat_code":"045","prov_istat_code_num":45,"prov_acr":"MS","reg_name":"Toscana","reg_istat_code":"09","reg_istat_code_num":9,"opdm_id":"4434","com_catasto_code":"B979","com_istat_code":"045004","com_istat_code_num":45004,"value":90.41257494825325,"_featureIdx":2,"_color":"#9139d0"}},{"type":"Feature","geometry":{"type":"Polygon","coordinates":[[[10.15861224489796,44.18971428571429],[10.186530612244898,44.18971428571429],[10.186530612244898,44.19991836734694],[10.15861224489796,44.19991836734694],[10.15861224489796,44.18971428571429]]]},"properties":{"name":"Casola in Lunigiana","op_id":"4534","minint_elettorale":"2090460040","minint_finloc":"3090460040","prov_name":"Massa-Carrara","prov_istat_code":"045","prov_istat_code_num":45,"prov_acr":"MS","reg_name":"Toscana","reg_istat_code":"09","reg_istat_code_num":9,"opdm_id":"4434","com_catasto_code":"B979","com_istat_code":"045004","com_istat_code_num":45004,"value":90.41257494825325,"_featureIdx":2,"_color":"#9139d0"}},{"type":"Feature","geometry":{"type":"Polygon","coordinates":[[[10.186530612244898,44.18971428571429],[10.214448979591836,44.18971428571429],[10.214448979591836,44.19991836734694],[10.186530612244898,44.19991836734694],[10.186530612244898,44.18971428571429]]]},"properties":{"name":"Minucciano","minint_finloc":"3090430190","op_id":"4566","minint_elettorale":"2090430190","prov_name":"Lucca","prov_istat_code":"046","prov_istat_code_num":46,"prov_acr":"LU","reg_name":"Toscana","reg_istat_code":"09","reg_istat_code_num":9,"opdm_id":"4464","com_catasto_code":"F225","com_istat_code":"046019","com_istat_code_num":46019,"value":41.82481227587856,"_featureIdx":23,"_color":"#a539d0"}},{"type":"Feature","geometry":{"type":"Polygon","coordinates":[[[10.214448979591836,44.18971428571429],[10.242367346938774,44.18971428571429],[10.242367346938774,44.19991836734694],[10.214448979591836,44.19991836734694],[10.214448979591836,44.18971428571429]]]},"properties":{"name":"Minucciano","minint_finloc":"3090430190","op_id":"4566","minint_elettorale":"2090430190","prov_name":"Lucca","prov_istat_code":"046","prov_istat_code_num":46,"prov_acr":"LU","reg_name":"Toscana","reg_istat_code":"09","reg_istat_code_num":9,"opdm_id":"4464","com_catasto_code":"F225","com_istat_code":"046019","com_istat_code_num":46019,"value":41.82481227587856,"_featureIdx":23,"_color":"#a539d0"}},{"type":"Feature","geometry":{"type":"Polygon","coordinates":[[[10.242367346938774,44.18971428571429],[10.270285714285713,44.18971428571429],[10.270285714285713,44.19991836734694],[10.242367346938774,44.19991836734694],[10.242367346938774,44.18971428571429]]]},"properties":{"name":"Sillano Giuncugnano","op_id":"8303","minint_elettorale":"2090430291","minint_finloc":"3090430291","prov_name":"Lucca","prov_istat_code":"046","prov_istat_code_num":46,"prov_acr":"LU","reg_name":"Toscana","reg_istat_code":"09","reg_istat_code_num":9,"opdm_id":"4480","com_catasto_code":"M347","com_istat_code":"046037","com_istat_code_num":46037,"value":49.72466398844821,"_featureIdx":31,"_color":"#d039ca"}},{"type":"Feature","geometry":{"type":"Polygon","coordinates":[[[10.270285714285714,44.18971428571429],[10.298204081632653,44.18971428571429],[10.298204081632653,44.19991836734694],[10.270285714285714,44.19991836734694],[10.270285714285714,44.18971428571429]]]},"properties":{"name":"Piazza al Serchio","minint_elettorale":"2090430230","op_id":"4570","minint_finloc":"3090430230","prov_name":"Lucca","prov_istat_code":"046","prov_istat_code_num":46,"prov_acr":"LU","reg_name":"Toscana","reg_istat_code":"09","reg_istat_code_num":9,"opdm_id":"4468","com_catasto_code":"G582","com_istat_code":"046023","com_istat_code_num":46023,"value":19.88609454398795,"_featureIdx":26,"_color":"#d03977"}},{"type":"Feature","geometry":{"type":"Polygon","coordinates":[[[10.298204081632653,44.18971428571429],[10.326122448979591,44.18971428571429],[10.326122448979591,44.19991836734694],[10.298204081632653,44.19991836734694],[10.298204081632653,44.18971428571429]]]},"properties":{"name":"San Romano in Garfagnana","minint_finloc":"3090430270","op_id":"4574","minint_elettorale":"2090430270","prov_name":"Lucca","prov_istat_code":"046","prov_istat_code_num":46,"prov_acr":"LU","reg_name":"Toscana","reg_istat_code":"09","reg_istat_code_num":9,"opdm_id":"4472","com_catasto_code":"I142","com_istat_code":"046027","com_istat_code_num":46027,"value":42.26331761589017,"_featureIdx":28,"_color":"#5339d0"}},{"type":"Feature","geometry":{"type":"Polygon","coordinates":[[[10.326122448979591,44.18971428571429],[10.35404081632653,44.18971428571429],[10.35404081632653,44.19991836734694],[10.326122448979591,44.19991836734694],[10.326122448979591,44.18971428571429]]]},"properties":{"name":"San Romano in Garfagnana","minint_finloc":"3090430270","op_id":"4574","minint_elettorale":"2090430270","prov_name":"Lucca","prov_istat_code":"046","prov_istat_code_num":46,"prov_acr":"LU","reg_name":"Toscana","reg_istat_code":"09","reg_istat_code_num":9,"opdm_id":"4472","com_catasto_code":"I142","com_istat_code":"046027","com_istat_code_num":46027,"value":42.26331761589017,"_featureIdx":28,"_color":"#5339d0"}},{"type":"Feature","geometry":{"type":"Polygon","coordinates":[[[10.35404081632653,44.18971428571429],[10.381959183673468,44.18971428571429],[10.381959183673468,44.19991836734694],[10.35404081632653,44.19991836734694],[10.35404081632653,44.18971428571429]]]},"properties":{"name":"Villa Collemandina","minint_finloc":"3090430350","minint_elettorale":"2090430350","op_id":"4582","prov_name":"Lucca","prov_istat_code":"046","prov_istat_code_num":46,"prov_acr":"LU","reg_name":"Toscana","reg_istat_code":"09","reg_istat_code_num":9,"opdm_id":"4478","com_catasto_code":"L926","com_istat_code":"046035","com_istat_code_num":46035,"value":46.10624193014752,"_featureIdx":29,"_color":"#d07f39"}},{"type":"Feature","geometry":{"type":"Polygon","coordinates":[[[10.38195918367347,44.18971428571429],[10.409877551020408,44.18971428571429],[10.409877551020408,44.19991836734694],[10.38195918367347,44.19991836734694],[10.38195918367347,44.18971428571429]]]},"properties":{"name":"Villa Collemandina","minint_finloc":"3090430350","minint_elettorale":"2090430350","op_id":"4582","prov_name":"Lucca","prov_istat_code":"046","prov_istat_code_num":46,"prov_acr":"LU","reg_name":"Toscana","reg_istat_code":"09","reg_istat_code_num":9,"opdm_id":"4478","com_catasto_code":"L926","com_istat_code":"046035","com_istat_code_num":46035,"value":46.10624193014752,"_featureIdx":29,"_color":"#d07f39"}},{"type":"Feature","geometry":{"type":"Polygon","coordinates":[[[10.409877551020408,44.18971428571429],[10.437795918367346,44.18971428571429],[10.437795918367346,44.19991836734694],[10.409877551020408,44.19991836734694],[10.409877551020408,44.18971428571429]]]},"properties":{"name":"Castiglione di Garfagnana","minint_finloc":"3090430100","minint_elettorale":"2090430100","op_id":"4557","prov_name":"Lucca","prov_istat_code":"046","prov_istat_code_num":46,"prov_acr":"LU","reg_name":"Toscana","reg_istat_code":"09","reg_istat_code_num":9,"opdm_id":"4457","com_catasto_code":"C303","com_istat_code":"046010","com_istat_code_num":46010,"value":67.60377646239077,"_featureIdx":19,"_color":"#7ed039"}},{"type":"Feature","geometry":{"type":"Polygon","coordinates":[[[10.437795918367346,44.18971428571429],[10.465714285714284,44.18971428571429],[10.465714285714284,44.19991836734694],[10.437795918367346,44.19991836734694],[10.437795918367346,44.18971428571429]]]},"properties":{"name":"Castiglione di Garfagnana","minint_finloc":"3090430100","minint_elettorale":"2090430100","op_id":"4557","prov_name":"Lucca","prov_istat_code":"046","prov_istat_code_num":46,"prov_acr":"LU","reg_name":"Toscana","reg_istat_code":"09","reg_istat_code_num":9,"opdm_id":"4457","com_catasto_code":"C303","com_istat_code":"046010","com_istat_code_num":46010,"value":67.60377646239077,"_featureIdx":19,"_color":"#7ed039"}},{"type":"Feature","geometry":{"type":"Polygon","coordinates":[[[10.465714285714284,44.18971428571429],[10.493632653061223,44.18971428571429],[10.493632653061223,44.19991836734694],[10.465714285714284,44.19991836734694],[10.465714285714284,44.18971428571429]]]},"properties":{"name":"Castiglione di Garfagnana","minint_finloc":"3090430100","minint_elettorale":"2090430100","op_id":"4557","prov_name":"Lucca","prov_istat_code":"046","prov_istat_code_num":46,"prov_acr":"LU","reg_name":"Toscana","reg_istat_code":"09","reg_istat_code_num":9,"opdm_id":"4457","com_catasto_code":"C303","com_istat_code":"046010","com_istat_code_num":46010,"value":67.60377646239077,"_featureIdx":19,"_color":"#7ed039"}},{"type":"Feature","geometry":{"type":"Polygon","coordinates":[[[9.851510204081633,44.19991836734694],[9.879428571428571,44.19991836734694],[9.879428571428571,44.21012244897959],[9.851510204081633,44.21012244897959],[9.851510204081633,44.19991836734694]]]},"properties":{"name":"Podenzana","minint_finloc":"3090460130","op_id":"4543","minint_elettorale":"2090460130","prov_name":"Massa-Carrara","prov_istat_code":"045","prov_istat_code_num":45,"prov_acr":"MS","reg_name":"Toscana","reg_istat_code":"09","reg_istat_code_num":9,"opdm_id":"4443","com_catasto_code":"G746","com_istat_code":"045013","com_istat_code_num":45013,"value":26.238717202738894,"_featureIdx":9,"_color":"#39d098"}},{"type":"Feature","geometry":{"type":"Polygon","coordinates":[[[9.879428571428571,44.19991836734694],[9.90734693877551,44.19991836734694],[9.90734693877551,44.21012244897959],[9.879428571428571,44.21012244897959],[9.879428571428571,44.19991836734694]]]},"properties":{"name":"Podenzana","minint_finloc":"3090460130","op_id":"4543","minint_elettorale":"2090460130","prov_name":"Massa-Carrara","prov_istat_code":"045","prov_istat_code_num":45,"prov_acr":"MS","reg_name":"Toscana","reg_istat_code":"09","reg_istat_code_num":9,"opdm_id":"4443","com_catasto_code":"G746","com_istat_code":"045013","com_istat_code_num":45013,"value":26.238717202738894,"_featureIdx":9,"_color":"#39d098"}},{"type":"Feature","geometry":{"type":"Polygon","coordinates":[[[9.90734693877551,44.19991836734694],[9.935265306122448,44.19991836734694],[9.935265306122448,44.21012244897959],[9.90734693877551,44.21012244897959],[9.90734693877551,44.19991836734694]]]},"properties":{"name":"Podenzana","minint_finloc":"3090460130","op_id":"4543","minint_elettorale":"2090460130","prov_name":"Massa-Carrara","prov_istat_code":"045","prov_istat_code_num":45,"prov_acr":"MS","reg_name":"Toscana","reg_istat_code":"09","reg_istat_code_num":9,"opdm_id":"4443","com_catasto_code":"G746","com_istat_code":"045013","com_istat_code_num":45013,"value":26.238717202738894,"_featureIdx":9,"_color":"#39d098"}},{"type":"Feature","geometry":{"type":"Polygon","coordinates":[[[9.935265306122448,44.19991836734694],[9.963183673469386,44.19991836734694],[9.963183673469386,44.21012244897959],[9.935265306122448,44.21012244897959],[9.935265306122448,44.19991836734694]]]},"properties":{"name":"Podenzana","minint_finloc":"3090460130","op_id":"4543","minint_elettorale":"2090460130","prov_name":"Massa-Carrara","prov_istat_code":"045","prov_istat_code_num":45,"prov_acr":"MS","reg_name":"Toscana","reg_istat_code":"09","reg_istat_code_num":9,"opdm_id":"4443","com_catasto_code":"G746","com_istat_code":"045013","com_istat_code_num":45013,"value":26.238717202738894,"_featureIdx":9,"_color":"#39d098"}},{"type":"Feature","geometry":{"type":"Polygon","coordinates":[[[9.963183673469388,44.19991836734694],[9.991102040816326,44.19991836734694],[9.991102040816326,44.21012244897959],[9.963183673469388,44.21012244897959],[9.963183673469388,44.19991836734694]]]},"properties":{"name":"Aulla","op_id":"4531","minint_elettorale":"2090460010","minint_finloc":"3090460010","prov_name":"Massa-Carrara","prov_istat_code":"045","prov_istat_code_num":45,"prov_acr":"MS","reg_name":"Toscana","reg_istat_code":"09","reg_istat_code_num":9,"opdm_id":"4431","com_catasto_code":"A496","com_istat_code":"045001","com_istat_code_num":45001,"value":76.86388157062083,"_featureIdx":0,"_color":"#d03939"}},{"type":"Feature","geometry":{"type":"Polygon","coordinates":[[[9.991102040816326,44.19991836734694],[10.019020408163264,44.19991836734694],[10.019020408163264,44.21012244897959],[9.991102040816326,44.21012244897959],[9.991102040816326,44.19991836734694]]]},"properties":{"name":"Aulla","op_id":"4531","minint_elettorale":"2090460010","minint_finloc":"3090460010","prov_name":"Massa-Carrara","prov_istat_code":"045","prov_istat_code_num":45,"prov_acr":"MS","reg_name":"Toscana","reg_istat_code":"09","reg_istat_code_num":9,"opdm_id":"4431","com_catasto_code":"A496","com_istat_code":"045001","com_istat_code_num":45001,"value":76.86388157062083,"_featureIdx":0,"_color":"#d03939"}},{"type":"Feature","geometry":{"type":"Polygon","coordinates":[[[10.019020408163264,44.19991836734694],[10.046938775510203,44.19991836734694],[10.046938775510203,44.21012244897959],[10.019020408163264,44.21012244897959],[10.019020408163264,44.19991836734694]]]},"properties":{"name":"Fivizzano","op_id":"4537","minint_elettorale":"2090460070","minint_finloc":"3090460070","prov_name":"Massa-Carrara","prov_istat_code":"045","prov_istat_code_num":45,"prov_acr":"MS","reg_name":"Toscana","reg_istat_code":"09","reg_istat_code_num":9,"opdm_id":"4437","com_catasto_code":"D629","com_istat_code":"045007","com_istat_code_num":45007,"value":8.158620559420203,"_featureIdx":5,"_color":"#d0398b"}},{"type":"Feature","geometry":{"type":"Polygon","coordinates":[[[10.046938775510203,44.19991836734694],[10.074857142857141,44.19991836734694],[10.074857142857141,44.21012244897959],[10.046938775510203,44.21012244897959],[10.046938775510203,44.19991836734694]]]},"properties":{"name":"Fivizzano","op_id":"4537","minint_elettorale":"2090460070","minint_finloc":"3090460070","prov_name":"Massa-Carrara","prov_istat_code":"045","prov_istat_code_num":45,"prov_acr":"MS","reg_name":"Toscana","reg_istat_code":"09","reg_istat_code_num":9,"opdm_id":"4437","com_catasto_code":"D629","com_istat_code":"045007","com_istat_code_num":45007,"value":8.158620559420203,"_featureIdx":5,"_color":"#d0398b"}},{"type":"Feature","geometry":{"type":"Polygon","coordinates":[[[10.074857142857143,44.19991836734694],[10.102775510204081,44.19991836734694],[10.102775510204081,44.21012244897959],[10.074857142857143,44.21012244897959],[10.074857142857143,44.19991836734694]]]},"properties":{"name":"Fivizzano","op_id":"4537","minint_elettorale":"2090460070","minint_finloc":"3090460070","prov_name":"Massa-Carrara","prov_istat_code":"045","prov_istat_code_num":45,"prov_acr":"MS","reg_name":"Toscana","reg_istat_code":"09","reg_istat_code_num":9,"opdm_id":"4437","com_catasto_code":"D629","com_istat_code":"045007","com_istat_code_num":45007,"value":8.158620559420203,"_featureIdx":5,"_color":"#d0398b"}},{"type":"Feature","geometry":{"type":"Polygon","coordinates":[[[10.102775510204081,44.19991836734694],[10.13069387755102,44.19991836734694],[10.13069387755102,44.21012244897959],[10.102775510204081,44.21012244897959],[10.102775510204081,44.19991836734694]]]},"properties":{"name":"Fivizzano","op_id":"4537","minint_elettorale":"2090460070","minint_finloc":"3090460070","prov_name":"Massa-Carrara","prov_istat_code":"045","prov_istat_code_num":45,"prov_acr":"MS","reg_name":"Toscana","reg_istat_code":"09","reg_istat_code_num":9,"opdm_id":"4437","com_catasto_code":"D629","com_istat_code":"045007","com_istat_code_num":45007,"value":8.158620559420203,"_featureIdx":5,"_color":"#d0398b"}},{"type":"Feature","geometry":{"type":"Polygon","coordinates":[[[10.13069387755102,44.19991836734694],[10.158612244897958,44.19991836734694],[10.158612244897958,44.21012244897959],[10.13069387755102,44.21012244897959],[10.13069387755102,44.19991836734694]]]},"properties":{"name":"Casola in Lunigiana","op_id":"4534","minint_elettorale":"2090460040","minint_finloc":"3090460040","prov_name":"Massa-Carrara","prov_istat_code":"045","prov_istat_code_num":45,"prov_acr":"MS","reg_name":"Toscana","reg_istat_code":"09","reg_istat_code_num":9,"opdm_id":"4434","com_catasto_code":"B979","com_istat_code":"045004","com_istat_code_num":45004,"value":90.41257494825325,"_featureIdx":2,"_color":"#9139d0"}},{"type":"Feature","geometry":{"type":"Polygon","coordinates":[[[10.15861224489796,44.19991836734694],[10.186530612244898,44.19991836734694],[10.186530612244898,44.21012244897959],[10.15861224489796,44.21012244897959],[10.15861224489796,44.19991836734694]]]},"properties":{"name":"Casola in Lunigiana","op_id":"4534","minint_elettorale":"2090460040","minint_finloc":"3090460040","prov_name":"Massa-Carrara","prov_istat_code":"045","prov_istat_code_num":45,"prov_acr":"MS","reg_name":"Toscana","reg_istat_code":"09","reg_istat_code_num":9,"opdm_id":"4434","com_catasto_code":"B979","com_istat_code":"045004","com_istat_code_num":45004,"value":90.41257494825325,"_featureIdx":2,"_color":"#9139d0"}},{"type":"Feature","geometry":{"type":"Polygon","coordinates":[[[10.186530612244898,44.19991836734694],[10.214448979591836,44.19991836734694],[10.214448979591836,44.21012244897959],[10.186530612244898,44.21012244897959],[10.186530612244898,44.19991836734694]]]},"properties":{"name":"Minucciano","minint_finloc":"3090430190","op_id":"4566","minint_elettorale":"2090430190","prov_name":"Lucca","prov_istat_code":"046","prov_istat_code_num":46,"prov_acr":"LU","reg_name":"Toscana","reg_istat_code":"09","reg_istat_code_num":9,"opdm_id":"4464","com_catasto_code":"F225","com_istat_code":"046019","com_istat_code_num":46019,"value":41.82481227587856,"_featureIdx":23,"_color":"#a539d0"}},{"type":"Feature","geometry":{"type":"Polygon","coordinates":[[[10.214448979591836,44.19991836734694],[10.242367346938774,44.19991836734694],[10.242367346938774,44.21012244897959],[10.214448979591836,44.21012244897959],[10.214448979591836,44.19991836734694]]]},"properties":{"name":"Minucciano","minint_finloc":"3090430190","op_id":"4566","minint_elettorale":"2090430190","prov_name":"Lucca","prov_istat_code":"046","prov_istat_code_num":46,"prov_acr":"LU","reg_name":"Toscana","reg_istat_code":"09","reg_istat_code_num":9,"opdm_id":"4464","com_catasto_code":"F225","com_istat_code":"046019","com_istat_code_num":46019,"value":41.82481227587856,"_featureIdx":23,"_color":"#a539d0"}},{"type":"Feature","geometry":{"type":"Polygon","coordinates":[[[10.242367346938774,44.19991836734694],[10.270285714285713,44.19991836734694],[10.270285714285713,44.21012244897959],[10.242367346938774,44.21012244897959],[10.242367346938774,44.19991836734694]]]},"properties":{"name":"Sillano Giuncugnano","op_id":"8303","minint_elettorale":"2090430291","minint_finloc":"3090430291","prov_name":"Lucca","prov_istat_code":"046","prov_istat_code_num":46,"prov_acr":"LU","reg_name":"Toscana","reg_istat_code":"09","reg_istat_code_num":9,"opdm_id":"4480","com_catasto_code":"M347","com_istat_code":"046037","com_istat_code_num":46037,"value":49.72466398844821,"_featureIdx":31,"_color":"#d039ca"}},{"type":"Feature","geometry":{"type":"Polygon","coordinates":[[[10.270285714285714,44.19991836734694],[10.298204081632653,44.19991836734694],[10.298204081632653,44.21012244897959],[10.270285714285714,44.21012244897959],[10.270285714285714,44.19991836734694]]]},"properties":{"name":"Piazza al Serchio","minint_elettorale":"2090430230","op_id":"4570","minint_finloc":"3090430230","prov_name":"Lucca","prov_istat_code":"046","prov_istat_code_num":46,"prov_acr":"LU","reg_name":"Toscana","reg_istat_code":"09","reg_istat_code_num":9,"opdm_id":"4468","com_catasto_code":"G582","com_istat_code":"046023","com_istat_code_num":46023,"value":19.88609454398795,"_featureIdx":26,"_color":"#d03977"}},{"type":"Feature","geometry":{"type":"Polygon","coordinates":[[[10.298204081632653,44.19991836734694],[10.326122448979591,44.19991836734694],[10.326122448979591,44.21012244897959],[10.298204081632653,44.21012244897959],[10.298204081632653,44.19991836734694]]]},"properties":{"name":"Piazza al Serchio","minint_elettorale":"2090430230","op_id":"4570","minint_finloc":"3090430230","prov_name":"Lucca","prov_istat_code":"046","prov_istat_code_num":46,"prov_acr":"LU","reg_name":"Toscana","reg_istat_code":"09","reg_istat_code_num":9,"opdm_id":"4468","com_catasto_code":"G582","com_istat_code":"046023","com_istat_code_num":46023,"value":19.88609454398795,"_featureIdx":26,"_color":"#d03977"}},{"type":"Feature","geometry":{"type":"Polygon","coordinates":[[[10.326122448979591,44.19991836734694],[10.35404081632653,44.19991836734694],[10.35404081632653,44.21012244897959],[10.326122448979591,44.21012244897959],[10.326122448979591,44.19991836734694]]]},"properties":{"name":"San Romano in Garfagnana","minint_finloc":"3090430270","op_id":"4574","minint_elettorale":"2090430270","prov_name":"Lucca","prov_istat_code":"046","prov_istat_code_num":46,"prov_acr":"LU","reg_name":"Toscana","reg_istat_code":"09","reg_istat_code_num":9,"opdm_id":"4472","com_catasto_code":"I142","com_istat_code":"046027","com_istat_code_num":46027,"value":42.26331761589017,"_featureIdx":28,"_color":"#5339d0"}},{"type":"Feature","geometry":{"type":"Polygon","coordinates":[[[10.35404081632653,44.19991836734694],[10.381959183673468,44.19991836734694],[10.381959183673468,44.21012244897959],[10.35404081632653,44.21012244897959],[10.35404081632653,44.19991836734694]]]},"properties":{"name":"San Romano in Garfagnana","minint_finloc":"3090430270","op_id":"4574","minint_elettorale":"2090430270","prov_name":"Lucca","prov_istat_code":"046","prov_istat_code_num":46,"prov_acr":"LU","reg_name":"Toscana","reg_istat_code":"09","reg_istat_code_num":9,"opdm_id":"4472","com_catasto_code":"I142","com_istat_code":"046027","com_istat_code_num":46027,"value":42.26331761589017,"_featureIdx":28,"_color":"#5339d0"}},{"type":"Feature","geometry":{"type":"Polygon","coordinates":[[[10.38195918367347,44.19991836734694],[10.409877551020408,44.19991836734694],[10.409877551020408,44.21012244897959],[10.38195918367347,44.21012244897959],[10.38195918367347,44.19991836734694]]]},"properties":{"name":"Villa Collemandina","minint_finloc":"3090430350","minint_elettorale":"2090430350","op_id":"4582","prov_name":"Lucca","prov_istat_code":"046","prov_istat_code_num":46,"prov_acr":"LU","reg_name":"Toscana","reg_istat_code":"09","reg_istat_code_num":9,"opdm_id":"4478","com_catasto_code":"L926","com_istat_code":"046035","com_istat_code_num":46035,"value":46.10624193014752,"_featureIdx":29,"_color":"#d07f39"}},{"type":"Feature","geometry":{"type":"Polygon","coordinates":[[[10.409877551020408,44.19991836734694],[10.437795918367346,44.19991836734694],[10.437795918367346,44.21012244897959],[10.409877551020408,44.21012244897959],[10.409877551020408,44.19991836734694]]]},"properties":{"name":"Villa Collemandina","minint_finloc":"3090430350","minint_elettorale":"2090430350","op_id":"4582","prov_name":"Lucca","prov_istat_code":"046","prov_istat_code_num":46,"prov_acr":"LU","reg_name":"Toscana","reg_istat_code":"09","reg_istat_code_num":9,"opdm_id":"4478","com_catasto_code":"L926","com_istat_code":"046035","com_istat_code_num":46035,"value":46.10624193014752,"_featureIdx":29,"_color":"#d07f39"}},{"type":"Feature","geometry":{"type":"Polygon","coordinates":[[[10.437795918367346,44.19991836734694],[10.465714285714284,44.19991836734694],[10.465714285714284,44.21012244897959],[10.437795918367346,44.21012244897959],[10.437795918367346,44.19991836734694]]]},"properties":{"name":"Castiglione di Garfagnana","minint_finloc":"3090430100","minint_elettorale":"2090430100","op_id":"4557","prov_name":"Lucca","prov_istat_code":"046","prov_istat_code_num":46,"prov_acr":"LU","reg_name":"Toscana","reg_istat_code":"09","reg_istat_code_num":9,"opdm_id":"4457","com_catasto_code":"C303","com_istat_code":"046010","com_istat_code_num":46010,"value":67.60377646239077,"_featureIdx":19,"_color":"#7ed039"}},{"type":"Feature","geometry":{"type":"Polygon","coordinates":[[[10.465714285714284,44.19991836734694],[10.493632653061223,44.19991836734694],[10.493632653061223,44.21012244897959],[10.465714285714284,44.21012244897959],[10.465714285714284,44.19991836734694]]]},"properties":{"name":"Castiglione di Garfagnana","minint_finloc":"3090430100","minint_elettorale":"2090430100","op_id":"4557","prov_name":"Lucca","prov_istat_code":"046","prov_istat_code_num":46,"prov_acr":"LU","reg_name":"Toscana","reg_istat_code":"09","reg_istat_code_num":9,"opdm_id":"4457","com_catasto_code":"C303","com_istat_code":"046010","com_istat_code_num":46010,"value":67.60377646239077,"_featureIdx":19,"_color":"#7ed039"}},{"type":"Feature","geometry":{"type":"Polygon","coordinates":[[[9.851510204081633,44.2101224489796],[9.879428571428571,44.2101224489796],[9.879428571428571,44.22032653061225],[9.851510204081633,44.22032653061225],[9.851510204081633,44.2101224489796]]]},"properties":{"name":"Podenzana","minint_finloc":"3090460130","op_id":"4543","minint_elettorale":"2090460130","prov_name":"Massa-Carrara","prov_istat_code":"045","prov_istat_code_num":45,"prov_acr":"MS","reg_name":"Toscana","reg_istat_code":"09","reg_istat_code_num":9,"opdm_id":"4443","com_catasto_code":"G746","com_istat_code":"045013","com_istat_code_num":45013,"value":26.238717202738894,"_featureIdx":9,"_color":"#39d098"}},{"type":"Feature","geometry":{"type":"Polygon","coordinates":[[[9.879428571428571,44.2101224489796],[9.90734693877551,44.2101224489796],[9.90734693877551,44.22032653061225],[9.879428571428571,44.22032653061225],[9.879428571428571,44.2101224489796]]]},"properties":{"name":"Tresana","minint_finloc":"3090460150","op_id":"4545","minint_elettorale":"2090460150","prov_name":"Massa-Carrara","prov_istat_code":"045","prov_istat_code_num":45,"prov_acr":"MS","reg_name":"Toscana","reg_istat_code":"09","reg_istat_code_num":9,"opdm_id":"4445","com_catasto_code":"L386","com_istat_code":"045015","com_istat_code_num":45015,"value":8.862628352899016,"_featureIdx":10,"_color":"#c439d0"}},{"type":"Feature","geometry":{"type":"Polygon","coordinates":[[[9.90734693877551,44.2101224489796],[9.935265306122448,44.2101224489796],[9.935265306122448,44.22032653061225],[9.90734693877551,44.22032653061225],[9.90734693877551,44.2101224489796]]]},"properties":{"name":"Podenzana","minint_finloc":"3090460130","op_id":"4543","minint_elettorale":"2090460130","prov_name":"Massa-Carrara","prov_istat_code":"045","prov_istat_code_num":45,"prov_acr":"MS","reg_name":"Toscana","reg_istat_code":"09","reg_istat_code_num":9,"opdm_id":"4443","com_catasto_code":"G746","com_istat_code":"045013","com_istat_code_num":45013,"value":26.238717202738894,"_featureIdx":9,"_color":"#39d098"}},{"type":"Feature","geometry":{"type":"Polygon","coordinates":[[[9.935265306122448,44.2101224489796],[9.963183673469386,44.2101224489796],[9.963183673469386,44.22032653061225],[9.935265306122448,44.22032653061225],[9.935265306122448,44.2101224489796]]]},"properties":{"name":"Podenzana","minint_finloc":"3090460130","op_id":"4543","minint_elettorale":"2090460130","prov_name":"Massa-Carrara","prov_istat_code":"045","prov_istat_code_num":45,"prov_acr":"MS","reg_name":"Toscana","reg_istat_code":"09","reg_istat_code_num":9,"opdm_id":"4443","com_catasto_code":"G746","com_istat_code":"045013","com_istat_code_num":45013,"value":26.238717202738894,"_featureIdx":9,"_color":"#39d098"}},{"type":"Feature","geometry":{"type":"Polygon","coordinates":[[[9.963183673469388,44.2101224489796],[9.991102040816326,44.2101224489796],[9.991102040816326,44.22032653061225],[9.963183673469388,44.22032653061225],[9.963183673469388,44.2101224489796]]]},"properties":{"name":"Aulla","op_id":"4531","minint_elettorale":"2090460010","minint_finloc":"3090460010","prov_name":"Massa-Carrara","prov_istat_code":"045","prov_istat_code_num":45,"prov_acr":"MS","reg_name":"Toscana","reg_istat_code":"09","reg_istat_code_num":9,"opdm_id":"4431","com_catasto_code":"A496","com_istat_code":"045001","com_istat_code_num":45001,"value":76.86388157062083,"_featureIdx":0,"_color":"#d03939"}},{"type":"Feature","geometry":{"type":"Polygon","coordinates":[[[9.991102040816326,44.2101224489796],[10.019020408163264,44.2101224489796],[10.019020408163264,44.22032653061225],[9.991102040816326,44.22032653061225],[9.991102040816326,44.2101224489796]]]},"properties":{"name":"Aulla","op_id":"4531","minint_elettorale":"2090460010","minint_finloc":"3090460010","prov_name":"Massa-Carrara","prov_istat_code":"045","prov_istat_code_num":45,"prov_acr":"MS","reg_name":"Toscana","reg_istat_code":"09","reg_istat_code_num":9,"opdm_id":"4431","com_catasto_code":"A496","com_istat_code":"045001","com_istat_code_num":45001,"value":76.86388157062083,"_featureIdx":0,"_color":"#d03939"}},{"type":"Feature","geometry":{"type":"Polygon","coordinates":[[[10.019020408163264,44.2101224489796],[10.046938775510203,44.2101224489796],[10.046938775510203,44.22032653061225],[10.019020408163264,44.22032653061225],[10.019020408163264,44.2101224489796]]]},"properties":{"name":"Fivizzano","op_id":"4537","minint_elettorale":"2090460070","minint_finloc":"3090460070","prov_name":"Massa-Carrara","prov_istat_code":"045","prov_istat_code_num":45,"prov_acr":"MS","reg_name":"Toscana","reg_istat_code":"09","reg_istat_code_num":9,"opdm_id":"4437","com_catasto_code":"D629","com_istat_code":"045007","com_istat_code_num":45007,"value":8.158620559420203,"_featureIdx":5,"_color":"#d0398b"}},{"type":"Feature","geometry":{"type":"Polygon","coordinates":[[[10.046938775510203,44.2101224489796],[10.074857142857141,44.2101224489796],[10.074857142857141,44.22032653061225],[10.046938775510203,44.22032653061225],[10.046938775510203,44.2101224489796]]]},"properties":{"name":"Fivizzano","op_id":"4537","minint_elettorale":"2090460070","minint_finloc":"3090460070","prov_name":"Massa-Carrara","prov_istat_code":"045","prov_istat_code_num":45,"prov_acr":"MS","reg_name":"Toscana","reg_istat_code":"09","reg_istat_code_num":9,"opdm_id":"4437","com_catasto_code":"D629","com_istat_code":"045007","com_istat_code_num":45007,"value":8.158620559420203,"_featureIdx":5,"_color":"#d0398b"}},{"type":"Feature","geometry":{"type":"Polygon","coordinates":[[[10.074857142857143,44.2101224489796],[10.102775510204081,44.2101224489796],[10.102775510204081,44.22032653061225],[10.074857142857143,44.22032653061225],[10.074857142857143,44.2101224489796]]]},"properties":{"name":"Fivizzano","op_id":"4537","minint_elettorale":"2090460070","minint_finloc":"3090460070","prov_name":"Massa-Carrara","prov_istat_code":"045","prov_istat_code_num":45,"prov_acr":"MS","reg_name":"Toscana","reg_istat_code":"09","reg_istat_code_num":9,"opdm_id":"4437","com_catasto_code":"D629","com_istat_code":"045007","com_istat_code_num":45007,"value":8.158620559420203,"_featureIdx":5,"_color":"#d0398b"}},{"type":"Feature","geometry":{"type":"Polygon","coordinates":[[[10.102775510204081,44.2101224489796],[10.13069387755102,44.2101224489796],[10.13069387755102,44.22032653061225],[10.102775510204081,44.22032653061225],[10.102775510204081,44.2101224489796]]]},"properties":{"name":"Fivizzano","op_id":"4537","minint_elettorale":"2090460070","minint_finloc":"3090460070","prov_name":"Massa-Carrara","prov_istat_code":"045","prov_istat_code_num":45,"prov_acr":"MS","reg_name":"Toscana","reg_istat_code":"09","reg_istat_code_num":9,"opdm_id":"4437","com_catasto_code":"D629","com_istat_code":"045007","com_istat_code_num":45007,"value":8.158620559420203,"_featureIdx":5,"_color":"#d0398b"}},{"type":"Feature","geometry":{"type":"Polygon","coordinates":[[[10.13069387755102,44.2101224489796],[10.158612244897958,44.2101224489796],[10.158612244897958,44.22032653061225],[10.13069387755102,44.22032653061225],[10.13069387755102,44.2101224489796]]]},"properties":{"name":"Fivizzano","op_id":"4537","minint_elettorale":"2090460070","minint_finloc":"3090460070","prov_name":"Massa-Carrara","prov_istat_code":"045","prov_istat_code_num":45,"prov_acr":"MS","reg_name":"Toscana","reg_istat_code":"09","reg_istat_code_num":9,"opdm_id":"4437","com_catasto_code":"D629","com_istat_code":"045007","com_istat_code_num":45007,"value":8.158620559420203,"_featureIdx":5,"_color":"#d0398b"}},{"type":"Feature","geometry":{"type":"Polygon","coordinates":[[[10.15861224489796,44.2101224489796],[10.186530612244898,44.2101224489796],[10.186530612244898,44.22032653061225],[10.15861224489796,44.22032653061225],[10.15861224489796,44.2101224489796]]]},"properties":{"name":"Casola in Lunigiana","op_id":"4534","minint_elettorale":"2090460040","minint_finloc":"3090460040","prov_name":"Massa-Carrara","prov_istat_code":"045","prov_istat_code_num":45,"prov_acr":"MS","reg_name":"Toscana","reg_istat_code":"09","reg_istat_code_num":9,"opdm_id":"4434","com_catasto_code":"B979","com_istat_code":"045004","com_istat_code_num":45004,"value":90.41257494825325,"_featureIdx":2,"_color":"#9139d0"}},{"type":"Feature","geometry":{"type":"Polygon","coordinates":[[[10.186530612244898,44.2101224489796],[10.214448979591836,44.2101224489796],[10.214448979591836,44.22032653061225],[10.186530612244898,44.22032653061225],[10.186530612244898,44.2101224489796]]]},"properties":{"name":"Minucciano","minint_finloc":"3090430190","op_id":"4566","minint_elettorale":"2090430190","prov_name":"Lucca","prov_istat_code":"046","prov_istat_code_num":46,"prov_acr":"LU","reg_name":"Toscana","reg_istat_code":"09","reg_istat_code_num":9,"opdm_id":"4464","com_catasto_code":"F225","com_istat_code":"046019","com_istat_code_num":46019,"value":41.82481227587856,"_featureIdx":23,"_color":"#a539d0"}},{"type":"Feature","geometry":{"type":"Polygon","coordinates":[[[10.214448979591836,44.2101224489796],[10.242367346938774,44.2101224489796],[10.242367346938774,44.22032653061225],[10.214448979591836,44.22032653061225],[10.214448979591836,44.2101224489796]]]},"properties":{"name":"Minucciano","minint_finloc":"3090430190","op_id":"4566","minint_elettorale":"2090430190","prov_name":"Lucca","prov_istat_code":"046","prov_istat_code_num":46,"prov_acr":"LU","reg_name":"Toscana","reg_istat_code":"09","reg_istat_code_num":9,"opdm_id":"4464","com_catasto_code":"F225","com_istat_code":"046019","com_istat_code_num":46019,"value":41.82481227587856,"_featureIdx":23,"_color":"#a539d0"}},{"type":"Feature","geometry":{"type":"Polygon","coordinates":[[[10.242367346938774,44.2101224489796],[10.270285714285713,44.2101224489796],[10.270285714285713,44.22032653061225],[10.242367346938774,44.22032653061225],[10.242367346938774,44.2101224489796]]]},"properties":{"name":"Sillano Giuncugnano","op_id":"8303","minint_elettorale":"2090430291","minint_finloc":"3090430291","prov_name":"Lucca","prov_istat_code":"046","prov_istat_code_num":46,"prov_acr":"LU","reg_name":"Toscana","reg_istat_code":"09","reg_istat_code_num":9,"opdm_id":"4480","com_catasto_code":"M347","com_istat_code":"046037","com_istat_code_num":46037,"value":49.72466398844821,"_featureIdx":31,"_color":"#d039ca"}},{"type":"Feature","geometry":{"type":"Polygon","coordinates":[[[10.270285714285714,44.2101224489796],[10.298204081632653,44.2101224489796],[10.298204081632653,44.22032653061225],[10.270285714285714,44.22032653061225],[10.270285714285714,44.2101224489796]]]},"properties":{"name":"Piazza al Serchio","minint_elettorale":"2090430230","op_id":"4570","minint_finloc":"3090430230","prov_name":"Lucca","prov_istat_code":"046","prov_istat_code_num":46,"prov_acr":"LU","reg_name":"Toscana","reg_istat_code":"09","reg_istat_code_num":9,"opdm_id":"4468","com_catasto_code":"G582","com_istat_code":"046023","com_istat_code_num":46023,"value":19.88609454398795,"_featureIdx":26,"_color":"#d03977"}},{"type":"Feature","geometry":{"type":"Polygon","coordinates":[[[10.298204081632653,44.2101224489796],[10.326122448979591,44.2101224489796],[10.326122448979591,44.22032653061225],[10.298204081632653,44.22032653061225],[10.298204081632653,44.2101224489796]]]},"properties":{"name":"Piazza al Serchio","minint_elettorale":"2090430230","op_id":"4570","minint_finloc":"3090430230","prov_name":"Lucca","prov_istat_code":"046","prov_istat_code_num":46,"prov_acr":"LU","reg_name":"Toscana","reg_istat_code":"09","reg_istat_code_num":9,"opdm_id":"4468","com_catasto_code":"G582","com_istat_code":"046023","com_istat_code_num":46023,"value":19.88609454398795,"_featureIdx":26,"_color":"#d03977"}},{"type":"Feature","geometry":{"type":"Polygon","coordinates":[[[10.326122448979591,44.2101224489796],[10.35404081632653,44.2101224489796],[10.35404081632653,44.22032653061225],[10.326122448979591,44.22032653061225],[10.326122448979591,44.2101224489796]]]},"properties":{"name":"San Romano in Garfagnana","minint_finloc":"3090430270","op_id":"4574","minint_elettorale":"2090430270","prov_name":"Lucca","prov_istat_code":"046","prov_istat_code_num":46,"prov_acr":"LU","reg_name":"Toscana","reg_istat_code":"09","reg_istat_code_num":9,"opdm_id":"4472","com_catasto_code":"I142","com_istat_code":"046027","com_istat_code_num":46027,"value":42.26331761589017,"_featureIdx":28,"_color":"#5339d0"}},{"type":"Feature","geometry":{"type":"Polygon","coordinates":[[[10.35404081632653,44.2101224489796],[10.381959183673468,44.2101224489796],[10.381959183673468,44.22032653061225],[10.35404081632653,44.22032653061225],[10.35404081632653,44.2101224489796]]]},"properties":{"name":"San Romano in Garfagnana","minint_finloc":"3090430270","op_id":"4574","minint_elettorale":"2090430270","prov_name":"Lucca","prov_istat_code":"046","prov_istat_code_num":46,"prov_acr":"LU","reg_name":"Toscana","reg_istat_code":"09","reg_istat_code_num":9,"opdm_id":"4472","com_catasto_code":"I142","com_istat_code":"046027","com_istat_code_num":46027,"value":42.26331761589017,"_featureIdx":28,"_color":"#5339d0"}},{"type":"Feature","geometry":{"type":"Polygon","coordinates":[[[10.38195918367347,44.2101224489796],[10.409877551020408,44.2101224489796],[10.409877551020408,44.22032653061225],[10.38195918367347,44.22032653061225],[10.38195918367347,44.2101224489796]]]},"properties":{"name":"Villa Collemandina","minint_finloc":"3090430350","minint_elettorale":"2090430350","op_id":"4582","prov_name":"Lucca","prov_istat_code":"046","prov_istat_code_num":46,"prov_acr":"LU","reg_name":"Toscana","reg_istat_code":"09","reg_istat_code_num":9,"opdm_id":"4478","com_catasto_code":"L926","com_istat_code":"046035","com_istat_code_num":46035,"value":46.10624193014752,"_featureIdx":29,"_color":"#d07f39"}},{"type":"Feature","geometry":{"type":"Polygon","coordinates":[[[10.409877551020408,44.2101224489796],[10.437795918367346,44.2101224489796],[10.437795918367346,44.22032653061225],[10.409877551020408,44.22032653061225],[10.409877551020408,44.2101224489796]]]},"properties":{"name":"Villa Collemandina","minint_finloc":"3090430350","minint_elettorale":"2090430350","op_id":"4582","prov_name":"Lucca","prov_istat_code":"046","prov_istat_code_num":46,"prov_acr":"LU","reg_name":"Toscana","reg_istat_code":"09","reg_istat_code_num":9,"opdm_id":"4478","com_catasto_code":"L926","com_istat_code":"046035","com_istat_code_num":46035,"value":46.10624193014752,"_featureIdx":29,"_color":"#d07f39"}},{"type":"Feature","geometry":{"type":"Polygon","coordinates":[[[10.437795918367346,44.2101224489796],[10.465714285714284,44.2101224489796],[10.465714285714284,44.22032653061225],[10.437795918367346,44.22032653061225],[10.437795918367346,44.2101224489796]]]},"properties":{"name":"Castiglione di Garfagnana","minint_finloc":"3090430100","minint_elettorale":"2090430100","op_id":"4557","prov_name":"Lucca","prov_istat_code":"046","prov_istat_code_num":46,"prov_acr":"LU","reg_name":"Toscana","reg_istat_code":"09","reg_istat_code_num":9,"opdm_id":"4457","com_catasto_code":"C303","com_istat_code":"046010","com_istat_code_num":46010,"value":67.60377646239077,"_featureIdx":19,"_color":"#7ed039"}},{"type":"Feature","geometry":{"type":"Polygon","coordinates":[[[10.465714285714284,44.2101224489796],[10.493632653061223,44.2101224489796],[10.493632653061223,44.22032653061225],[10.465714285714284,44.22032653061225],[10.465714285714284,44.2101224489796]]]},"properties":{"name":"Castiglione di Garfagnana","minint_finloc":"3090430100","minint_elettorale":"2090430100","op_id":"4557","prov_name":"Lucca","prov_istat_code":"046","prov_istat_code_num":46,"prov_acr":"LU","reg_name":"Toscana","reg_istat_code":"09","reg_istat_code_num":9,"opdm_id":"4457","com_catasto_code":"C303","com_istat_code":"046010","com_istat_code_num":46010,"value":67.60377646239077,"_featureIdx":19,"_color":"#7ed039"}},{"type":"Feature","geometry":{"type":"Polygon","coordinates":[[[9.879428571428571,44.22032653061225],[9.90734693877551,44.22032653061225],[9.90734693877551,44.2305306122449],[9.879428571428571,44.2305306122449],[9.879428571428571,44.22032653061225]]]},"properties":{"name":"Tresana","minint_finloc":"3090460150","op_id":"4545","minint_elettorale":"2090460150","prov_name":"Massa-Carrara","prov_istat_code":"045","prov_istat_code_num":45,"prov_acr":"MS","reg_name":"Toscana","reg_istat_code":"09","reg_istat_code_num":9,"opdm_id":"4445","com_catasto_code":"L386","com_istat_code":"045015","com_istat_code_num":45015,"value":8.862628352899016,"_featureIdx":10,"_color":"#c439d0"}},{"type":"Feature","geometry":{"type":"Polygon","coordinates":[[[9.90734693877551,44.22032653061225],[9.935265306122448,44.22032653061225],[9.935265306122448,44.2305306122449],[9.90734693877551,44.2305306122449],[9.90734693877551,44.22032653061225]]]},"properties":{"name":"Tresana","minint_finloc":"3090460150","op_id":"4545","minint_elettorale":"2090460150","prov_name":"Massa-Carrara","prov_istat_code":"045","prov_istat_code_num":45,"prov_acr":"MS","reg_name":"Toscana","reg_istat_code":"09","reg_istat_code_num":9,"opdm_id":"4445","com_catasto_code":"L386","com_istat_code":"045015","com_istat_code_num":45015,"value":8.862628352899016,"_featureIdx":10,"_color":"#c439d0"}},{"type":"Feature","geometry":{"type":"Polygon","coordinates":[[[9.935265306122448,44.22032653061225],[9.963183673469386,44.22032653061225],[9.963183673469386,44.2305306122449],[9.935265306122448,44.2305306122449],[9.935265306122448,44.22032653061225]]]},"properties":{"name":"Podenzana","minint_finloc":"3090460130","op_id":"4543","minint_elettorale":"2090460130","prov_name":"Massa-Carrara","prov_istat_code":"045","prov_istat_code_num":45,"prov_acr":"MS","reg_name":"Toscana","reg_istat_code":"09","reg_istat_code_num":9,"opdm_id":"4443","com_catasto_code":"G746","com_istat_code":"045013","com_istat_code_num":45013,"value":26.238717202738894,"_featureIdx":9,"_color":"#39d098"}},{"type":"Feature","geometry":{"type":"Polygon","coordinates":[[[9.963183673469388,44.22032653061225],[9.991102040816326,44.22032653061225],[9.991102040816326,44.2305306122449],[9.963183673469388,44.2305306122449],[9.963183673469388,44.22032653061225]]]},"properties":{"name":"Licciana Nardi","minint_elettorale":"2090460090","minint_finloc":"3090460090","op_id":"4539","prov_name":"Massa-Carrara","prov_istat_code":"045","prov_istat_code_num":45,"prov_acr":"MS","reg_name":"Toscana","reg_istat_code":"09","reg_istat_code_num":9,"opdm_id":"4439","com_catasto_code":"E574","com_istat_code":"045009","com_istat_code_num":45009,"value":75.02613607798992,"_featureIdx":7,"_color":"#3f39d0"}},{"type":"Feature","geometry":{"type":"Polygon","coordinates":[[[9.991102040816326,44.22032653061225],[10.019020408163264,44.22032653061225],[10.019020408163264,44.2305306122449],[9.991102040816326,44.2305306122449],[9.991102040816326,44.22032653061225]]]},"properties":{"name":"Aulla","op_id":"4531","minint_elettorale":"2090460010","minint_finloc":"3090460010","prov_name":"Massa-Carrara","prov_istat_code":"045","prov_istat_code_num":45,"prov_acr":"MS","reg_name":"Toscana","reg_istat_code":"09","reg_istat_code_num":9,"opdm_id":"4431","com_catasto_code":"A496","com_istat_code":"045001","com_istat_code_num":45001,"value":76.86388157062083,"_featureIdx":0,"_color":"#d03939"}},{"type":"Feature","geometry":{"type":"Polygon","coordinates":[[[10.019020408163264,44.22032653061225],[10.046938775510203,44.22032653061225],[10.046938775510203,44.2305306122449],[10.019020408163264,44.2305306122449],[10.019020408163264,44.22032653061225]]]},"properties":{"name":"Aulla","op_id":"4531","minint_elettorale":"2090460010","minint_finloc":"3090460010","prov_name":"Massa-Carrara","prov_istat_code":"045","prov_istat_code_num":45,"prov_acr":"MS","reg_name":"Toscana","reg_istat_code":"09","reg_istat_code_num":9,"opdm_id":"4431","com_catasto_code":"A496","com_istat_code":"045001","com_istat_code_num":45001,"value":76.86388157062083,"_featureIdx":0,"_color":"#d03939"}},{"type":"Feature","geometry":{"type":"Polygon","coordinates":[[[10.046938775510203,44.22032653061225],[10.074857142857141,44.22032653061225],[10.074857142857141,44.2305306122449],[10.046938775510203,44.2305306122449],[10.046938775510203,44.22032653061225]]]},"properties":{"name":"Aulla","op_id":"4531","minint_elettorale":"2090460010","minint_finloc":"3090460010","prov_name":"Massa-Carrara","prov_istat_code":"045","prov_istat_code_num":45,"prov_acr":"MS","reg_name":"Toscana","reg_istat_code":"09","reg_istat_code_num":9,"opdm_id":"4431","com_catasto_code":"A496","com_istat_code":"045001","com_istat_code_num":45001,"value":76.86388157062083,"_featureIdx":0,"_color":"#d03939"}},{"type":"Feature","geometry":{"type":"Polygon","coordinates":[[[10.074857142857143,44.22032653061225],[10.102775510204081,44.22032653061225],[10.102775510204081,44.2305306122449],[10.074857142857143,44.2305306122449],[10.074857142857143,44.22032653061225]]]},"properties":{"name":"Fivizzano","op_id":"4537","minint_elettorale":"2090460070","minint_finloc":"3090460070","prov_name":"Massa-Carrara","prov_istat_code":"045","prov_istat_code_num":45,"prov_acr":"MS","reg_name":"Toscana","reg_istat_code":"09","reg_istat_code_num":9,"opdm_id":"4437","com_catasto_code":"D629","com_istat_code":"045007","com_istat_code_num":45007,"value":8.158620559420203,"_featureIdx":5,"_color":"#d0398b"}},{"type":"Feature","geometry":{"type":"Polygon","coordinates":[[[10.102775510204081,44.22032653061225],[10.13069387755102,44.22032653061225],[10.13069387755102,44.2305306122449],[10.102775510204081,44.2305306122449],[10.102775510204081,44.22032653061225]]]},"properties":{"name":"Fivizzano","op_id":"4537","minint_elettorale":"2090460070","minint_finloc":"3090460070","prov_name":"Massa-Carrara","prov_istat_code":"045","prov_istat_code_num":45,"prov_acr":"MS","reg_name":"Toscana","reg_istat_code":"09","reg_istat_code_num":9,"opdm_id":"4437","com_catasto_code":"D629","com_istat_code":"045007","com_istat_code_num":45007,"value":8.158620559420203,"_featureIdx":5,"_color":"#d0398b"}},{"type":"Feature","geometry":{"type":"Polygon","coordinates":[[[10.13069387755102,44.22032653061225],[10.158612244897958,44.22032653061225],[10.158612244897958,44.2305306122449],[10.13069387755102,44.2305306122449],[10.13069387755102,44.22032653061225]]]},"properties":{"name":"Fivizzano","op_id":"4537","minint_elettorale":"2090460070","minint_finloc":"3090460070","prov_name":"Massa-Carrara","prov_istat_code":"045","prov_istat_code_num":45,"prov_acr":"MS","reg_name":"Toscana","reg_istat_code":"09","reg_istat_code_num":9,"opdm_id":"4437","com_catasto_code":"D629","com_istat_code":"045007","com_istat_code_num":45007,"value":8.158620559420203,"_featureIdx":5,"_color":"#d0398b"}},{"type":"Feature","geometry":{"type":"Polygon","coordinates":[[[10.15861224489796,44.22032653061225],[10.186530612244898,44.22032653061225],[10.186530612244898,44.2305306122449],[10.15861224489796,44.2305306122449],[10.15861224489796,44.22032653061225]]]},"properties":{"name":"Casola in Lunigiana","op_id":"4534","minint_elettorale":"2090460040","minint_finloc":"3090460040","prov_name":"Massa-Carrara","prov_istat_code":"045","prov_istat_code_num":45,"prov_acr":"MS","reg_name":"Toscana","reg_istat_code":"09","reg_istat_code_num":9,"opdm_id":"4434","com_catasto_code":"B979","com_istat_code":"045004","com_istat_code_num":45004,"value":90.41257494825325,"_featureIdx":2,"_color":"#9139d0"}},{"type":"Feature","geometry":{"type":"Polygon","coordinates":[[[10.186530612244898,44.22032653061225],[10.214448979591836,44.22032653061225],[10.214448979591836,44.2305306122449],[10.186530612244898,44.2305306122449],[10.186530612244898,44.22032653061225]]]},"properties":{"name":"Casola in Lunigiana","op_id":"4534","minint_elettorale":"2090460040","minint_finloc":"3090460040","prov_name":"Massa-Carrara","prov_istat_code":"045","prov_istat_code_num":45,"prov_acr":"MS","reg_name":"Toscana","reg_istat_code":"09","reg_istat_code_num":9,"opdm_id":"4434","com_catasto_code":"B979","com_istat_code":"045004","com_istat_code_num":45004,"value":90.41257494825325,"_featureIdx":2,"_color":"#9139d0"}},{"type":"Feature","geometry":{"type":"Polygon","coordinates":[[[10.214448979591836,44.22032653061225],[10.242367346938774,44.22032653061225],[10.242367346938774,44.2305306122449],[10.214448979591836,44.2305306122449],[10.214448979591836,44.22032653061225]]]},"properties":{"name":"Minucciano","minint_finloc":"3090430190","op_id":"4566","minint_elettorale":"2090430190","prov_name":"Lucca","prov_istat_code":"046","prov_istat_code_num":46,"prov_acr":"LU","reg_name":"Toscana","reg_istat_code":"09","reg_istat_code_num":9,"opdm_id":"4464","com_catasto_code":"F225","com_istat_code":"046019","com_istat_code_num":46019,"value":41.82481227587856,"_featureIdx":23,"_color":"#a539d0"}},{"type":"Feature","geometry":{"type":"Polygon","coordinates":[[[10.242367346938774,44.22032653061225],[10.270285714285713,44.22032653061225],[10.270285714285713,44.2305306122449],[10.242367346938774,44.2305306122449],[10.242367346938774,44.22032653061225]]]},"properties":{"name":"Sillano Giuncugnano","op_id":"8303","minint_elettorale":"2090430291","minint_finloc":"3090430291","prov_name":"Lucca","prov_istat_code":"046","prov_istat_code_num":46,"prov_acr":"LU","reg_name":"Toscana","reg_istat_code":"09","reg_istat_code_num":9,"opdm_id":"4480","com_catasto_code":"M347","com_istat_code":"046037","com_istat_code_num":46037,"value":49.72466398844821,"_featureIdx":31,"_color":"#d039ca"}},{"type":"Feature","geometry":{"type":"Polygon","coordinates":[[[10.270285714285714,44.22032653061225],[10.298204081632653,44.22032653061225],[10.298204081632653,44.2305306122449],[10.270285714285714,44.2305306122449],[10.270285714285714,44.22032653061225]]]},"properties":{"name":"Piazza al Serchio","minint_elettorale":"2090430230","op_id":"4570","minint_finloc":"3090430230","prov_name":"Lucca","prov_istat_code":"046","prov_istat_code_num":46,"prov_acr":"LU","reg_name":"Toscana","reg_istat_code":"09","reg_istat_code_num":9,"opdm_id":"4468","com_catasto_code":"G582","com_istat_code":"046023","com_istat_code_num":46023,"value":19.88609454398795,"_featureIdx":26,"_color":"#d03977"}},{"type":"Feature","geometry":{"type":"Polygon","coordinates":[[[10.298204081632653,44.22032653061225],[10.326122448979591,44.22032653061225],[10.326122448979591,44.2305306122449],[10.298204081632653,44.2305306122449],[10.298204081632653,44.22032653061225]]]},"properties":{"name":"Sillano Giuncugnano","op_id":"8303","minint_elettorale":"2090430291","minint_finloc":"3090430291","prov_name":"Lucca","prov_istat_code":"046","prov_istat_code_num":46,"prov_acr":"LU","reg_name":"Toscana","reg_istat_code":"09","reg_istat_code_num":9,"opdm_id":"4480","com_catasto_code":"M347","com_istat_code":"046037","com_istat_code_num":46037,"value":49.72466398844821,"_featureIdx":31,"_color":"#d039ca"}},{"type":"Feature","geometry":{"type":"Polygon","coordinates":[[[10.326122448979591,44.22032653061225],[10.35404081632653,44.22032653061225],[10.35404081632653,44.2305306122449],[10.326122448979591,44.2305306122449],[10.326122448979591,44.22032653061225]]]},"properties":{"name":"Sillano Giuncugnano","op_id":"8303","minint_elettorale":"2090430291","minint_finloc":"3090430291","prov_name":"Lucca","prov_istat_code":"046","prov_istat_code_num":46,"prov_acr":"LU","reg_name":"Toscana","reg_istat_code":"09","reg_istat_code_num":9,"opdm_id":"4480","com_catasto_code":"M347","com_istat_code":"046037","com_istat_code_num":46037,"value":49.72466398844821,"_featureIdx":31,"_color":"#d039ca"}},{"type":"Feature","geometry":{"type":"Polygon","coordinates":[[[10.35404081632653,44.22032653061225],[10.381959183673468,44.22032653061225],[10.381959183673468,44.2305306122449],[10.35404081632653,44.2305306122449],[10.35404081632653,44.22032653061225]]]},"properties":{"name":"Sillano Giuncugnano","op_id":"8303","minint_elettorale":"2090430291","minint_finloc":"3090430291","prov_name":"Lucca","prov_istat_code":"046","prov_istat_code_num":46,"prov_acr":"LU","reg_name":"Toscana","reg_istat_code":"09","reg_istat_code_num":9,"opdm_id":"4480","com_catasto_code":"M347","com_istat_code":"046037","com_istat_code_num":46037,"value":49.72466398844821,"_featureIdx":31,"_color":"#d039ca"}},{"type":"Feature","geometry":{"type":"Polygon","coordinates":[[[10.38195918367347,44.22032653061225],[10.409877551020408,44.22032653061225],[10.409877551020408,44.2305306122449],[10.38195918367347,44.2305306122449],[10.38195918367347,44.22032653061225]]]},"properties":{"name":"San Romano in Garfagnana","minint_finloc":"3090430270","op_id":"4574","minint_elettorale":"2090430270","prov_name":"Lucca","prov_istat_code":"046","prov_istat_code_num":46,"prov_acr":"LU","reg_name":"Toscana","reg_istat_code":"09","reg_istat_code_num":9,"opdm_id":"4472","com_catasto_code":"I142","com_istat_code":"046027","com_istat_code_num":46027,"value":42.26331761589017,"_featureIdx":28,"_color":"#5339d0"}},{"type":"Feature","geometry":{"type":"Polygon","coordinates":[[[10.409877551020408,44.22032653061225],[10.437795918367346,44.22032653061225],[10.437795918367346,44.2305306122449],[10.409877551020408,44.2305306122449],[10.409877551020408,44.22032653061225]]]},"properties":{"name":"Villa Collemandina","minint_finloc":"3090430350","minint_elettorale":"2090430350","op_id":"4582","prov_name":"Lucca","prov_istat_code":"046","prov_istat_code_num":46,"prov_acr":"LU","reg_name":"Toscana","reg_istat_code":"09","reg_istat_code_num":9,"opdm_id":"4478","com_catasto_code":"L926","com_istat_code":"046035","com_istat_code_num":46035,"value":46.10624193014752,"_featureIdx":29,"_color":"#d07f39"}},{"type":"Feature","geometry":{"type":"Polygon","coordinates":[[[10.437795918367346,44.22032653061225],[10.465714285714284,44.22032653061225],[10.465714285714284,44.2305306122449],[10.437795918367346,44.2305306122449],[10.437795918367346,44.22032653061225]]]},"properties":{"name":"Castiglione di Garfagnana","minint_finloc":"3090430100","minint_elettorale":"2090430100","op_id":"4557","prov_name":"Lucca","prov_istat_code":"046","prov_istat_code_num":46,"prov_acr":"LU","reg_name":"Toscana","reg_istat_code":"09","reg_istat_code_num":9,"opdm_id":"4457","com_catasto_code":"C303","com_istat_code":"046010","com_istat_code_num":46010,"value":67.60377646239077,"_featureIdx":19,"_color":"#7ed039"}},{"type":"Feature","geometry":{"type":"Polygon","coordinates":[[[9.851510204081633,44.2305306122449],[9.879428571428571,44.2305306122449],[9.879428571428571,44.24073469387755],[9.851510204081633,44.24073469387755],[9.851510204081633,44.2305306122449]]]},"properties":{"name":"Tresana","minint_finloc":"3090460150","op_id":"4545","minint_elettorale":"2090460150","prov_name":"Massa-Carrara","prov_istat_code":"045","prov_istat_code_num":45,"prov_acr":"MS","reg_name":"Toscana","reg_istat_code":"09","reg_istat_code_num":9,"opdm_id":"4445","com_catasto_code":"L386","com_istat_code":"045015","com_istat_code_num":45015,"value":8.862628352899016,"_featureIdx":10,"_color":"#c439d0"}},{"type":"Feature","geometry":{"type":"Polygon","coordinates":[[[9.879428571428571,44.2305306122449],[9.90734693877551,44.2305306122449],[9.90734693877551,44.24073469387755],[9.879428571428571,44.24073469387755],[9.879428571428571,44.2305306122449]]]},"properties":{"name":"Tresana","minint_finloc":"3090460150","op_id":"4545","minint_elettorale":"2090460150","prov_name":"Massa-Carrara","prov_istat_code":"045","prov_istat_code_num":45,"prov_acr":"MS","reg_name":"Toscana","reg_istat_code":"09","reg_istat_code_num":9,"opdm_id":"4445","com_catasto_code":"L386","com_istat_code":"045015","com_istat_code_num":45015,"value":8.862628352899016,"_featureIdx":10,"_color":"#c439d0"}},{"type":"Feature","geometry":{"type":"Polygon","coordinates":[[[9.90734693877551,44.2305306122449],[9.935265306122448,44.2305306122449],[9.935265306122448,44.24073469387755],[9.90734693877551,44.24073469387755],[9.90734693877551,44.2305306122449]]]},"properties":{"name":"Tresana","minint_finloc":"3090460150","op_id":"4545","minint_elettorale":"2090460150","prov_name":"Massa-Carrara","prov_istat_code":"045","prov_istat_code_num":45,"prov_acr":"MS","reg_name":"Toscana","reg_istat_code":"09","reg_istat_code_num":9,"opdm_id":"4445","com_catasto_code":"L386","com_istat_code":"045015","com_istat_code_num":45015,"value":8.862628352899016,"_featureIdx":10,"_color":"#c439d0"}},{"type":"Feature","geometry":{"type":"Polygon","coordinates":[[[9.935265306122448,44.2305306122449],[9.963183673469386,44.2305306122449],[9.963183673469386,44.24073469387755],[9.935265306122448,44.24073469387755],[9.935265306122448,44.2305306122449]]]},"properties":{"name":"Tresana","minint_finloc":"3090460150","op_id":"4545","minint_elettorale":"2090460150","prov_name":"Massa-Carrara","prov_istat_code":"045","prov_istat_code_num":45,"prov_acr":"MS","reg_name":"Toscana","reg_istat_code":"09","reg_istat_code_num":9,"opdm_id":"4445","com_catasto_code":"L386","com_istat_code":"045015","com_istat_code_num":45015,"value":8.862628352899016,"_featureIdx":10,"_color":"#c439d0"}},{"type":"Feature","geometry":{"type":"Polygon","coordinates":[[[9.963183673469388,44.2305306122449],[9.991102040816326,44.2305306122449],[9.991102040816326,44.24073469387755],[9.963183673469388,44.24073469387755],[9.963183673469388,44.2305306122449]]]},"properties":{"name":"Licciana Nardi","minint_elettorale":"2090460090","minint_finloc":"3090460090","op_id":"4539","prov_name":"Massa-Carrara","prov_istat_code":"045","prov_istat_code_num":45,"prov_acr":"MS","reg_name":"Toscana","reg_istat_code":"09","reg_istat_code_num":9,"opdm_id":"4439","com_catasto_code":"E574","com_istat_code":"045009","com_istat_code_num":45009,"value":75.02613607798992,"_featureIdx":7,"_color":"#3f39d0"}},{"type":"Feature","geometry":{"type":"Polygon","coordinates":[[[9.991102040816326,44.2305306122449],[10.019020408163264,44.2305306122449],[10.019020408163264,44.24073469387755],[9.991102040816326,44.24073469387755],[9.991102040816326,44.2305306122449]]]},"properties":{"name":"Aulla","op_id":"4531","minint_elettorale":"2090460010","minint_finloc":"3090460010","prov_name":"Massa-Carrara","prov_istat_code":"045","prov_istat_code_num":45,"prov_acr":"MS","reg_name":"Toscana","reg_istat_code":"09","reg_istat_code_num":9,"opdm_id":"4431","com_catasto_code":"A496","com_istat_code":"045001","com_istat_code_num":45001,"value":76.86388157062083,"_featureIdx":0,"_color":"#d03939"}},{"type":"Feature","geometry":{"type":"Polygon","coordinates":[[[10.019020408163264,44.2305306122449],[10.046938775510203,44.2305306122449],[10.046938775510203,44.24073469387755],[10.019020408163264,44.24073469387755],[10.019020408163264,44.2305306122449]]]},"properties":{"name":"Aulla","op_id":"4531","minint_elettorale":"2090460010","minint_finloc":"3090460010","prov_name":"Massa-Carrara","prov_istat_code":"045","prov_istat_code_num":45,"prov_acr":"MS","reg_name":"Toscana","reg_istat_code":"09","reg_istat_code_num":9,"opdm_id":"4431","com_catasto_code":"A496","com_istat_code":"045001","com_istat_code_num":45001,"value":76.86388157062083,"_featureIdx":0,"_color":"#d03939"}},{"type":"Feature","geometry":{"type":"Polygon","coordinates":[[[10.046938775510203,44.2305306122449],[10.074857142857141,44.2305306122449],[10.074857142857141,44.24073469387755],[10.046938775510203,44.24073469387755],[10.046938775510203,44.2305306122449]]]},"properties":{"name":"Aulla","op_id":"4531","minint_elettorale":"2090460010","minint_finloc":"3090460010","prov_name":"Massa-Carrara","prov_istat_code":"045","prov_istat_code_num":45,"prov_acr":"MS","reg_name":"Toscana","reg_istat_code":"09","reg_istat_code_num":9,"opdm_id":"4431","com_catasto_code":"A496","com_istat_code":"045001","com_istat_code_num":45001,"value":76.86388157062083,"_featureIdx":0,"_color":"#d03939"}},{"type":"Feature","geometry":{"type":"Polygon","coordinates":[[[10.074857142857143,44.2305306122449],[10.102775510204081,44.2305306122449],[10.102775510204081,44.24073469387755],[10.074857142857143,44.24073469387755],[10.074857142857143,44.2305306122449]]]},"properties":{"name":"Fivizzano","op_id":"4537","minint_elettorale":"2090460070","minint_finloc":"3090460070","prov_name":"Massa-Carrara","prov_istat_code":"045","prov_istat_code_num":45,"prov_acr":"MS","reg_name":"Toscana","reg_istat_code":"09","reg_istat_code_num":9,"opdm_id":"4437","com_catasto_code":"D629","com_istat_code":"045007","com_istat_code_num":45007,"value":8.158620559420203,"_featureIdx":5,"_color":"#d0398b"}},{"type":"Feature","geometry":{"type":"Polygon","coordinates":[[[10.102775510204081,44.2305306122449],[10.13069387755102,44.2305306122449],[10.13069387755102,44.24073469387755],[10.102775510204081,44.24073469387755],[10.102775510204081,44.2305306122449]]]},"properties":{"name":"Fivizzano","op_id":"4537","minint_elettorale":"2090460070","minint_finloc":"3090460070","prov_name":"Massa-Carrara","prov_istat_code":"045","prov_istat_code_num":45,"prov_acr":"MS","reg_name":"Toscana","reg_istat_code":"09","reg_istat_code_num":9,"opdm_id":"4437","com_catasto_code":"D629","com_istat_code":"045007","com_istat_code_num":45007,"value":8.158620559420203,"_featureIdx":5,"_color":"#d0398b"}},{"type":"Feature","geometry":{"type":"Polygon","coordinates":[[[10.13069387755102,44.2305306122449],[10.158612244897958,44.2305306122449],[10.158612244897958,44.24073469387755],[10.13069387755102,44.24073469387755],[10.13069387755102,44.2305306122449]]]},"properties":{"name":"Fivizzano","op_id":"4537","minint_elettorale":"2090460070","minint_finloc":"3090460070","prov_name":"Massa-Carrara","prov_istat_code":"045","prov_istat_code_num":45,"prov_acr":"MS","reg_name":"Toscana","reg_istat_code":"09","reg_istat_code_num":9,"opdm_id":"4437","com_catasto_code":"D629","com_istat_code":"045007","com_istat_code_num":45007,"value":8.158620559420203,"_featureIdx":5,"_color":"#d0398b"}},{"type":"Feature","geometry":{"type":"Polygon","coordinates":[[[10.15861224489796,44.2305306122449],[10.186530612244898,44.2305306122449],[10.186530612244898,44.24073469387755],[10.15861224489796,44.24073469387755],[10.15861224489796,44.2305306122449]]]},"properties":{"name":"Casola in Lunigiana","op_id":"4534","minint_elettorale":"2090460040","minint_finloc":"3090460040","prov_name":"Massa-Carrara","prov_istat_code":"045","prov_istat_code_num":45,"prov_acr":"MS","reg_name":"Toscana","reg_istat_code":"09","reg_istat_code_num":9,"opdm_id":"4434","com_catasto_code":"B979","com_istat_code":"045004","com_istat_code_num":45004,"value":90.41257494825325,"_featureIdx":2,"_color":"#9139d0"}},{"type":"Feature","geometry":{"type":"Polygon","coordinates":[[[10.186530612244898,44.2305306122449],[10.214448979591836,44.2305306122449],[10.214448979591836,44.24073469387755],[10.186530612244898,44.24073469387755],[10.186530612244898,44.2305306122449]]]},"properties":{"name":"Casola in Lunigiana","op_id":"4534","minint_elettorale":"2090460040","minint_finloc":"3090460040","prov_name":"Massa-Carrara","prov_istat_code":"045","prov_istat_code_num":45,"prov_acr":"MS","reg_name":"Toscana","reg_istat_code":"09","reg_istat_code_num":9,"opdm_id":"4434","com_catasto_code":"B979","com_istat_code":"045004","com_istat_code_num":45004,"value":90.41257494825325,"_featureIdx":2,"_color":"#9139d0"}},{"type":"Feature","geometry":{"type":"Polygon","coordinates":[[[10.214448979591836,44.2305306122449],[10.242367346938774,44.2305306122449],[10.242367346938774,44.24073469387755],[10.214448979591836,44.24073469387755],[10.214448979591836,44.2305306122449]]]},"properties":{"name":"Casola in Lunigiana","op_id":"4534","minint_elettorale":"2090460040","minint_finloc":"3090460040","prov_name":"Massa-Carrara","prov_istat_code":"045","prov_istat_code_num":45,"prov_acr":"MS","reg_name":"Toscana","reg_istat_code":"09","reg_istat_code_num":9,"opdm_id":"4434","com_catasto_code":"B979","com_istat_code":"045004","com_istat_code_num":45004,"value":90.41257494825325,"_featureIdx":2,"_color":"#9139d0"}},{"type":"Feature","geometry":{"type":"Polygon","coordinates":[[[10.242367346938774,44.2305306122449],[10.270285714285713,44.2305306122449],[10.270285714285713,44.24073469387755],[10.242367346938774,44.24073469387755],[10.242367346938774,44.2305306122449]]]},"properties":{"name":"Sillano Giuncugnano","op_id":"8303","minint_elettorale":"2090430291","minint_finloc":"3090430291","prov_name":"Lucca","prov_istat_code":"046","prov_istat_code_num":46,"prov_acr":"LU","reg_name":"Toscana","reg_istat_code":"09","reg_istat_code_num":9,"opdm_id":"4480","com_catasto_code":"M347","com_istat_code":"046037","com_istat_code_num":46037,"value":49.72466398844821,"_featureIdx":31,"_color":"#d039ca"}},{"type":"Feature","geometry":{"type":"Polygon","coordinates":[[[10.270285714285714,44.2305306122449],[10.298204081632653,44.2305306122449],[10.298204081632653,44.24073469387755],[10.270285714285714,44.24073469387755],[10.270285714285714,44.2305306122449]]]},"properties":{"name":"Sillano Giuncugnano","op_id":"8303","minint_elettorale":"2090430291","minint_finloc":"3090430291","prov_name":"Lucca","prov_istat_code":"046","prov_istat_code_num":46,"prov_acr":"LU","reg_name":"Toscana","reg_istat_code":"09","reg_istat_code_num":9,"opdm_id":"4480","com_catasto_code":"M347","com_istat_code":"046037","com_istat_code_num":46037,"value":49.72466398844821,"_featureIdx":31,"_color":"#d039ca"}},{"type":"Feature","geometry":{"type":"Polygon","coordinates":[[[10.298204081632653,44.2305306122449],[10.326122448979591,44.2305306122449],[10.326122448979591,44.24073469387755],[10.298204081632653,44.24073469387755],[10.298204081632653,44.2305306122449]]]},"properties":{"name":"Sillano Giuncugnano","op_id":"8303","minint_elettorale":"2090430291","minint_finloc":"3090430291","prov_name":"Lucca","prov_istat_code":"046","prov_istat_code_num":46,"prov_acr":"LU","reg_name":"Toscana","reg_istat_code":"09","reg_istat_code_num":9,"opdm_id":"4480","com_catasto_code":"M347","com_istat_code":"046037","com_istat_code_num":46037,"value":49.72466398844821,"_featureIdx":31,"_color":"#d039ca"}},{"type":"Feature","geometry":{"type":"Polygon","coordinates":[[[10.326122448979591,44.2305306122449],[10.35404081632653,44.2305306122449],[10.35404081632653,44.24073469387755],[10.326122448979591,44.24073469387755],[10.326122448979591,44.2305306122449]]]},"properties":{"name":"Sillano Giuncugnano","op_id":"8303","minint_elettorale":"2090430291","minint_finloc":"3090430291","prov_name":"Lucca","prov_istat_code":"046","prov_istat_code_num":46,"prov_acr":"LU","reg_name":"Toscana","reg_istat_code":"09","reg_istat_code_num":9,"opdm_id":"4480","com_catasto_code":"M347","com_istat_code":"046037","com_istat_code_num":46037,"value":49.72466398844821,"_featureIdx":31,"_color":"#d039ca"}},{"type":"Feature","geometry":{"type":"Polygon","coordinates":[[[10.35404081632653,44.2305306122449],[10.381959183673468,44.2305306122449],[10.381959183673468,44.24073469387755],[10.35404081632653,44.24073469387755],[10.35404081632653,44.2305306122449]]]},"properties":{"name":"Sillano Giuncugnano","op_id":"8303","minint_elettorale":"2090430291","minint_finloc":"3090430291","prov_name":"Lucca","prov_istat_code":"046","prov_istat_code_num":46,"prov_acr":"LU","reg_name":"Toscana","reg_istat_code":"09","reg_istat_code_num":9,"opdm_id":"4480","com_catasto_code":"M347","com_istat_code":"046037","com_istat_code_num":46037,"value":49.72466398844821,"_featureIdx":31,"_color":"#d039ca"}},{"type":"Feature","geometry":{"type":"Polygon","coordinates":[[[10.38195918367347,44.2305306122449],[10.409877551020408,44.2305306122449],[10.409877551020408,44.24073469387755],[10.38195918367347,44.24073469387755],[10.38195918367347,44.2305306122449]]]},"properties":{"name":"Sillano Giuncugnano","op_id":"8303","minint_elettorale":"2090430291","minint_finloc":"3090430291","prov_name":"Lucca","prov_istat_code":"046","prov_istat_code_num":46,"prov_acr":"LU","reg_name":"Toscana","reg_istat_code":"09","reg_istat_code_num":9,"opdm_id":"4480","com_catasto_code":"M347","com_istat_code":"046037","com_istat_code_num":46037,"value":49.72466398844821,"_featureIdx":31,"_color":"#d039ca"}},{"type":"Feature","geometry":{"type":"Polygon","coordinates":[[[9.851510204081633,44.240734693877556],[9.879428571428571,44.240734693877556],[9.879428571428571,44.25093877551021],[9.851510204081633,44.25093877551021],[9.851510204081633,44.240734693877556]]]},"properties":{"name":"Tresana","minint_finloc":"3090460150","op_id":"4545","minint_elettorale":"2090460150","prov_name":"Massa-Carrara","prov_istat_code":"045","prov_istat_code_num":45,"prov_acr":"MS","reg_name":"Toscana","reg_istat_code":"09","reg_istat_code_num":9,"opdm_id":"4445","com_catasto_code":"L386","com_istat_code":"045015","com_istat_code_num":45015,"value":8.862628352899016,"_featureIdx":10,"_color":"#c439d0"}},{"type":"Feature","geometry":{"type":"Polygon","coordinates":[[[9.879428571428571,44.240734693877556],[9.90734693877551,44.240734693877556],[9.90734693877551,44.25093877551021],[9.879428571428571,44.25093877551021],[9.879428571428571,44.240734693877556]]]},"properties":{"name":"Tresana","minint_finloc":"3090460150","op_id":"4545","minint_elettorale":"2090460150","prov_name":"Massa-Carrara","prov_istat_code":"045","prov_istat_code_num":45,"prov_acr":"MS","reg_name":"Toscana","reg_istat_code":"09","reg_istat_code_num":9,"opdm_id":"4445","com_catasto_code":"L386","com_istat_code":"045015","com_istat_code_num":45015,"value":8.862628352899016,"_featureIdx":10,"_color":"#c439d0"}},{"type":"Feature","geometry":{"type":"Polygon","coordinates":[[[9.90734693877551,44.240734693877556],[9.935265306122448,44.240734693877556],[9.935265306122448,44.25093877551021],[9.90734693877551,44.25093877551021],[9.90734693877551,44.240734693877556]]]},"properties":{"name":"Tresana","minint_finloc":"3090460150","op_id":"4545","minint_elettorale":"2090460150","prov_name":"Massa-Carrara","prov_istat_code":"045","prov_istat_code_num":45,"prov_acr":"MS","reg_name":"Toscana","reg_istat_code":"09","reg_istat_code_num":9,"opdm_id":"4445","com_catasto_code":"L386","com_istat_code":"045015","com_istat_code_num":45015,"value":8.862628352899016,"_featureIdx":10,"_color":"#c439d0"}},{"type":"Feature","geometry":{"type":"Polygon","coordinates":[[[9.935265306122448,44.240734693877556],[9.963183673469386,44.240734693877556],[9.963183673469386,44.25093877551021],[9.935265306122448,44.25093877551021],[9.935265306122448,44.240734693877556]]]},"properties":{"name":"Tresana","minint_finloc":"3090460150","op_id":"4545","minint_elettorale":"2090460150","prov_name":"Massa-Carrara","prov_istat_code":"045","prov_istat_code_num":45,"prov_acr":"MS","reg_name":"Toscana","reg_istat_code":"09","reg_istat_code_num":9,"opdm_id":"4445","com_catasto_code":"L386","com_istat_code":"045015","com_istat_code_num":45015,"value":8.862628352899016,"_featureIdx":10,"_color":"#c439d0"}},{"type":"Feature","geometry":{"type":"Polygon","coordinates":[[[9.963183673469388,44.240734693877556],[9.991102040816326,44.240734693877556],[9.991102040816326,44.25093877551021],[9.963183673469388,44.25093877551021],[9.963183673469388,44.240734693877556]]]},"properties":{"name":"Villafranca in Lunigiana","minint_elettorale":"2090460160","minint_finloc":"3090460160","op_id":"4546","prov_name":"Massa-Carrara","prov_istat_code":"045","prov_istat_code_num":45,"prov_acr":"MS","reg_name":"Toscana","reg_istat_code":"09","reg_istat_code_num":9,"opdm_id":"4446","com_catasto_code":"L946","com_istat_code":"045016","com_istat_code_num":45016,"value":68.29761653792123,"_featureIdx":11,"_color":"#b1d039"}},{"type":"Feature","geometry":{"type":"Polygon","coordinates":[[[9.991102040816326,44.240734693877556],[10.019020408163264,44.240734693877556],[10.019020408163264,44.25093877551021],[9.991102040816326,44.25093877551021],[9.991102040816326,44.240734693877556]]]},"properties":{"name":"Licciana Nardi","minint_elettorale":"2090460090","minint_finloc":"3090460090","op_id":"4539","prov_name":"Massa-Carrara","prov_istat_code":"045","prov_istat_code_num":45,"prov_acr":"MS","reg_name":"Toscana","reg_istat_code":"09","reg_istat_code_num":9,"opdm_id":"4439","com_catasto_code":"E574","com_istat_code":"045009","com_istat_code_num":45009,"value":75.02613607798992,"_featureIdx":7,"_color":"#3f39d0"}},{"type":"Feature","geometry":{"type":"Polygon","coordinates":[[[10.019020408163264,44.240734693877556],[10.046938775510203,44.240734693877556],[10.046938775510203,44.25093877551021],[10.019020408163264,44.25093877551021],[10.019020408163264,44.240734693877556]]]},"properties":{"name":"Licciana Nardi","minint_elettorale":"2090460090","minint_finloc":"3090460090","op_id":"4539","prov_name":"Massa-Carrara","prov_istat_code":"045","prov_istat_code_num":45,"prov_acr":"MS","reg_name":"Toscana","reg_istat_code":"09","reg_istat_code_num":9,"opdm_id":"4439","com_catasto_code":"E574","com_istat_code":"045009","com_istat_code_num":45009,"value":75.02613607798992,"_featureIdx":7,"_color":"#3f39d0"}},{"type":"Feature","geometry":{"type":"Polygon","coordinates":[[[10.046938775510203,44.240734693877556],[10.074857142857141,44.240734693877556],[10.074857142857141,44.25093877551021],[10.046938775510203,44.25093877551021],[10.046938775510203,44.240734693877556]]]},"properties":{"name":"Aulla","op_id":"4531","minint_elettorale":"2090460010","minint_finloc":"3090460010","prov_name":"Massa-Carrara","prov_istat_code":"045","prov_istat_code_num":45,"prov_acr":"MS","reg_name":"Toscana","reg_istat_code":"09","reg_istat_code_num":9,"opdm_id":"4431","com_catasto_code":"A496","com_istat_code":"045001","com_istat_code_num":45001,"value":76.86388157062083,"_featureIdx":0,"_color":"#d03939"}},{"type":"Feature","geometry":{"type":"Polygon","coordinates":[[[10.074857142857143,44.240734693877556],[10.102775510204081,44.240734693877556],[10.102775510204081,44.25093877551021],[10.074857142857143,44.25093877551021],[10.074857142857143,44.240734693877556]]]},"properties":{"name":"Fivizzano","op_id":"4537","minint_elettorale":"2090460070","minint_finloc":"3090460070","prov_name":"Massa-Carrara","prov_istat_code":"045","prov_istat_code_num":45,"prov_acr":"MS","reg_name":"Toscana","reg_istat_code":"09","reg_istat_code_num":9,"opdm_id":"4437","com_catasto_code":"D629","com_istat_code":"045007","com_istat_code_num":45007,"value":8.158620559420203,"_featureIdx":5,"_color":"#d0398b"}},{"type":"Feature","geometry":{"type":"Polygon","coordinates":[[[10.102775510204081,44.240734693877556],[10.13069387755102,44.240734693877556],[10.13069387755102,44.25093877551021],[10.102775510204081,44.25093877551021],[10.102775510204081,44.240734693877556]]]},"properties":{"name":"Fivizzano","op_id":"4537","minint_elettorale":"2090460070","minint_finloc":"3090460070","prov_name":"Massa-Carrara","prov_istat_code":"045","prov_istat_code_num":45,"prov_acr":"MS","reg_name":"Toscana","reg_istat_code":"09","reg_istat_code_num":9,"opdm_id":"4437","com_catasto_code":"D629","com_istat_code":"045007","com_istat_code_num":45007,"value":8.158620559420203,"_featureIdx":5,"_color":"#d0398b"}},{"type":"Feature","geometry":{"type":"Polygon","coordinates":[[[10.13069387755102,44.240734693877556],[10.158612244897958,44.240734693877556],[10.158612244897958,44.25093877551021],[10.13069387755102,44.25093877551021],[10.13069387755102,44.240734693877556]]]},"properties":{"name":"Fivizzano","op_id":"4537","minint_elettorale":"2090460070","minint_finloc":"3090460070","prov_name":"Massa-Carrara","prov_istat_code":"045","prov_istat_code_num":45,"prov_acr":"MS","reg_name":"Toscana","reg_istat_code":"09","reg_istat_code_num":9,"opdm_id":"4437","com_catasto_code":"D629","com_istat_code":"045007","com_istat_code_num":45007,"value":8.158620559420203,"_featureIdx":5,"_color":"#d0398b"}},{"type":"Feature","geometry":{"type":"Polygon","coordinates":[[[10.15861224489796,44.240734693877556],[10.186530612244898,44.240734693877556],[10.186530612244898,44.25093877551021],[10.15861224489796,44.25093877551021],[10.15861224489796,44.240734693877556]]]},"properties":{"name":"Fivizzano","op_id":"4537","minint_elettorale":"2090460070","minint_finloc":"3090460070","prov_name":"Massa-Carrara","prov_istat_code":"045","prov_istat_code_num":45,"prov_acr":"MS","reg_name":"Toscana","reg_istat_code":"09","reg_istat_code_num":9,"opdm_id":"4437","com_catasto_code":"D629","com_istat_code":"045007","com_istat_code_num":45007,"value":8.158620559420203,"_featureIdx":5,"_color":"#d0398b"}},{"type":"Feature","geometry":{"type":"Polygon","coordinates":[[[10.186530612244898,44.240734693877556],[10.214448979591836,44.240734693877556],[10.214448979591836,44.25093877551021],[10.186530612244898,44.25093877551021],[10.186530612244898,44.240734693877556]]]},"properties":{"name":"Fivizzano","op_id":"4537","minint_elettorale":"2090460070","minint_finloc":"3090460070","prov_name":"Massa-Carrara","prov_istat_code":"045","prov_istat_code_num":45,"prov_acr":"MS","reg_name":"Toscana","reg_istat_code":"09","reg_istat_code_num":9,"opdm_id":"4437","com_catasto_code":"D629","com_istat_code":"045007","com_istat_code_num":45007,"value":8.158620559420203,"_featureIdx":5,"_color":"#d0398b"}},{"type":"Feature","geometry":{"type":"Polygon","coordinates":[[[10.214448979591836,44.240734693877556],[10.242367346938774,44.240734693877556],[10.242367346938774,44.25093877551021],[10.214448979591836,44.25093877551021],[10.214448979591836,44.240734693877556]]]},"properties":{"name":"Casola in Lunigiana","op_id":"4534","minint_elettorale":"2090460040","minint_finloc":"3090460040","prov_name":"Massa-Carrara","prov_istat_code":"045","prov_istat_code_num":45,"prov_acr":"MS","reg_name":"Toscana","reg_istat_code":"09","reg_istat_code_num":9,"opdm_id":"4434","com_catasto_code":"B979","com_istat_code":"045004","com_istat_code_num":45004,"value":90.41257494825325,"_featureIdx":2,"_color":"#9139d0"}},{"type":"Feature","geometry":{"type":"Polygon","coordinates":[[[10.242367346938774,44.240734693877556],[10.270285714285713,44.240734693877556],[10.270285714285713,44.25093877551021],[10.242367346938774,44.25093877551021],[10.242367346938774,44.240734693877556]]]},"properties":{"name":"Sillano Giuncugnano","op_id":"8303","minint_elettorale":"2090430291","minint_finloc":"3090430291","prov_name":"Lucca","prov_istat_code":"046","prov_istat_code_num":46,"prov_acr":"LU","reg_name":"Toscana","reg_istat_code":"09","reg_istat_code_num":9,"opdm_id":"4480","com_catasto_code":"M347","com_istat_code":"046037","com_istat_code_num":46037,"value":49.72466398844821,"_featureIdx":31,"_color":"#d039ca"}},{"type":"Feature","geometry":{"type":"Polygon","coordinates":[[[10.270285714285714,44.240734693877556],[10.298204081632653,44.240734693877556],[10.298204081632653,44.25093877551021],[10.270285714285714,44.25093877551021],[10.270285714285714,44.240734693877556]]]},"properties":{"name":"Sillano Giuncugnano","op_id":"8303","minint_elettorale":"2090430291","minint_finloc":"3090430291","prov_name":"Lucca","prov_istat_code":"046","prov_istat_code_num":46,"prov_acr":"LU","reg_name":"Toscana","reg_istat_code":"09","reg_istat_code_num":9,"opdm_id":"4480","com_catasto_code":"M347","com_istat_code":"046037","com_istat_code_num":46037,"value":49.72466398844821,"_featureIdx":31,"_color":"#d039ca"}},{"type":"Feature","geometry":{"type":"Polygon","coordinates":[[[10.298204081632653,44.240734693877556],[10.326122448979591,44.240734693877556],[10.326122448979591,44.25093877551021],[10.298204081632653,44.25093877551021],[10.298204081632653,44.240734693877556]]]},"properties":{"name":"Sillano Giuncugnano","op_id":"8303","minint_elettorale":"2090430291","minint_finloc":"3090430291","prov_name":"Lucca","prov_istat_code":"046","prov_istat_code_num":46,"prov_acr":"LU","reg_name":"Toscana","reg_istat_code":"09","reg_istat_code_num":9,"opdm_id":"4480","com_catasto_code":"M347","com_istat_code":"046037","com_istat_code_num":46037,"value":49.72466398844821,"_featureIdx":31,"_color":"#d039ca"}},{"type":"Feature","geometry":{"type":"Polygon","coordinates":[[[10.326122448979591,44.240734693877556],[10.35404081632653,44.240734693877556],[10.35404081632653,44.25093877551021],[10.326122448979591,44.25093877551021],[10.326122448979591,44.240734693877556]]]},"properties":{"name":"Sillano Giuncugnano","op_id":"8303","minint_elettorale":"2090430291","minint_finloc":"3090430291","prov_name":"Lucca","prov_istat_code":"046","prov_istat_code_num":46,"prov_acr":"LU","reg_name":"Toscana","reg_istat_code":"09","reg_istat_code_num":9,"opdm_id":"4480","com_catasto_code":"M347","com_istat_code":"046037","com_istat_code_num":46037,"value":49.72466398844821,"_featureIdx":31,"_color":"#d039ca"}},{"type":"Feature","geometry":{"type":"Polygon","coordinates":[[[10.35404081632653,44.240734693877556],[10.381959183673468,44.240734693877556],[10.381959183673468,44.25093877551021],[10.35404081632653,44.25093877551021],[10.35404081632653,44.240734693877556]]]},"properties":{"name":"Sillano Giuncugnano","op_id":"8303","minint_elettorale":"2090430291","minint_finloc":"3090430291","prov_name":"Lucca","prov_istat_code":"046","prov_istat_code_num":46,"prov_acr":"LU","reg_name":"Toscana","reg_istat_code":"09","reg_istat_code_num":9,"opdm_id":"4480","com_catasto_code":"M347","com_istat_code":"046037","com_istat_code_num":46037,"value":49.72466398844821,"_featureIdx":31,"_color":"#d039ca"}},{"type":"Feature","geometry":{"type":"Polygon","coordinates":[[[10.38195918367347,44.240734693877556],[10.409877551020408,44.240734693877556],[10.409877551020408,44.25093877551021],[10.38195918367347,44.25093877551021],[10.38195918367347,44.240734693877556]]]},"properties":{"name":"Sillano Giuncugnano","op_id":"8303","minint_elettorale":"2090430291","minint_finloc":"3090430291","prov_name":"Lucca","prov_istat_code":"046","prov_istat_code_num":46,"prov_acr":"LU","reg_name":"Toscana","reg_istat_code":"09","reg_istat_code_num":9,"opdm_id":"4480","com_catasto_code":"M347","com_istat_code":"046037","com_istat_code_num":46037,"value":49.72466398844821,"_featureIdx":31,"_color":"#d039ca"}},{"type":"Feature","geometry":{"type":"Polygon","coordinates":[[[9.851510204081633,44.25093877551021],[9.879428571428571,44.25093877551021],[9.879428571428571,44.26114285714286],[9.851510204081633,44.26114285714286],[9.851510204081633,44.25093877551021]]]},"properties":{"name":"Tresana","minint_finloc":"3090460150","op_id":"4545","minint_elettorale":"2090460150","prov_name":"Massa-Carrara","prov_istat_code":"045","prov_istat_code_num":45,"prov_acr":"MS","reg_name":"Toscana","reg_istat_code":"09","reg_istat_code_num":9,"opdm_id":"4445","com_catasto_code":"L386","com_istat_code":"045015","com_istat_code_num":45015,"value":8.862628352899016,"_featureIdx":10,"_color":"#c439d0"}},{"type":"Feature","geometry":{"type":"Polygon","coordinates":[[[9.879428571428571,44.25093877551021],[9.90734693877551,44.25093877551021],[9.90734693877551,44.26114285714286],[9.879428571428571,44.26114285714286],[9.879428571428571,44.25093877551021]]]},"properties":{"name":"Tresana","minint_finloc":"3090460150","op_id":"4545","minint_elettorale":"2090460150","prov_name":"Massa-Carrara","prov_istat_code":"045","prov_istat_code_num":45,"prov_acr":"MS","reg_name":"Toscana","reg_istat_code":"09","reg_istat_code_num":9,"opdm_id":"4445","com_catasto_code":"L386","com_istat_code":"045015","com_istat_code_num":45015,"value":8.862628352899016,"_featureIdx":10,"_color":"#c439d0"}},{"type":"Feature","geometry":{"type":"Polygon","coordinates":[[[9.90734693877551,44.25093877551021],[9.935265306122448,44.25093877551021],[9.935265306122448,44.26114285714286],[9.90734693877551,44.26114285714286],[9.90734693877551,44.25093877551021]]]},"properties":{"name":"Tresana","minint_finloc":"3090460150","op_id":"4545","minint_elettorale":"2090460150","prov_name":"Massa-Carrara","prov_istat_code":"045","prov_istat_code_num":45,"prov_acr":"MS","reg_name":"Toscana","reg_istat_code":"09","reg_istat_code_num":9,"opdm_id":"4445","com_catasto_code":"L386","com_istat_code":"045015","com_istat_code_num":45015,"value":8.862628352899016,"_featureIdx":10,"_color":"#c439d0"}},{"type":"Feature","geometry":{"type":"Polygon","coordinates":[[[9.935265306122448,44.25093877551021],[9.963183673469386,44.25093877551021],[9.963183673469386,44.26114285714286],[9.935265306122448,44.26114285714286],[9.935265306122448,44.25093877551021]]]},"properties":{"name":"Villafranca in Lunigiana","minint_elettorale":"2090460160","minint_finloc":"3090460160","op_id":"4546","prov_name":"Massa-Carrara","prov_istat_code":"045","prov_istat_code_num":45,"prov_acr":"MS","reg_name":"Toscana","reg_istat_code":"09","reg_istat_code_num":9,"opdm_id":"4446","com_catasto_code":"L946","com_istat_code":"045016","com_istat_code_num":45016,"value":68.29761653792123,"_featureIdx":11,"_color":"#b1d039"}},{"type":"Feature","geometry":{"type":"Polygon","coordinates":[[[9.963183673469388,44.25093877551021],[9.991102040816326,44.25093877551021],[9.991102040816326,44.26114285714286],[9.963183673469388,44.26114285714286],[9.963183673469388,44.25093877551021]]]},"properties":{"name":"Villafranca in Lunigiana","minint_elettorale":"2090460160","minint_finloc":"3090460160","op_id":"4546","prov_name":"Massa-Carrara","prov_istat_code":"045","prov_istat_code_num":45,"prov_acr":"MS","reg_name":"Toscana","reg_istat_code":"09","reg_istat_code_num":9,"opdm_id":"4446","com_catasto_code":"L946","com_istat_code":"045016","com_istat_code_num":45016,"value":68.29761653792123,"_featureIdx":11,"_color":"#b1d039"}},{"type":"Feature","geometry":{"type":"Polygon","coordinates":[[[9.991102040816326,44.25093877551021],[10.019020408163264,44.25093877551021],[10.019020408163264,44.26114285714286],[9.991102040816326,44.26114285714286],[9.991102040816326,44.25093877551021]]]},"properties":{"name":"Licciana Nardi","minint_elettorale":"2090460090","minint_finloc":"3090460090","op_id":"4539","prov_name":"Massa-Carrara","prov_istat_code":"045","prov_istat_code_num":45,"prov_acr":"MS","reg_name":"Toscana","reg_istat_code":"09","reg_istat_code_num":9,"opdm_id":"4439","com_catasto_code":"E574","com_istat_code":"045009","com_istat_code_num":45009,"value":75.02613607798992,"_featureIdx":7,"_color":"#3f39d0"}},{"type":"Feature","geometry":{"type":"Polygon","coordinates":[[[10.019020408163264,44.25093877551021],[10.046938775510203,44.25093877551021],[10.046938775510203,44.26114285714286],[10.019020408163264,44.26114285714286],[10.019020408163264,44.25093877551021]]]},"properties":{"name":"Licciana Nardi","minint_elettorale":"2090460090","minint_finloc":"3090460090","op_id":"4539","prov_name":"Massa-Carrara","prov_istat_code":"045","prov_istat_code_num":45,"prov_acr":"MS","reg_name":"Toscana","reg_istat_code":"09","reg_istat_code_num":9,"opdm_id":"4439","com_catasto_code":"E574","com_istat_code":"045009","com_istat_code_num":45009,"value":75.02613607798992,"_featureIdx":7,"_color":"#3f39d0"}},{"type":"Feature","geometry":{"type":"Polygon","coordinates":[[[10.046938775510203,44.25093877551021],[10.074857142857141,44.25093877551021],[10.074857142857141,44.26114285714286],[10.046938775510203,44.26114285714286],[10.046938775510203,44.25093877551021]]]},"properties":{"name":"Licciana Nardi","minint_elettorale":"2090460090","minint_finloc":"3090460090","op_id":"4539","prov_name":"Massa-Carrara","prov_istat_code":"045","prov_istat_code_num":45,"prov_acr":"MS","reg_name":"Toscana","reg_istat_code":"09","reg_istat_code_num":9,"opdm_id":"4439","com_catasto_code":"E574","com_istat_code":"045009","com_istat_code_num":45009,"value":75.02613607798992,"_featureIdx":7,"_color":"#3f39d0"}},{"type":"Feature","geometry":{"type":"Polygon","coordinates":[[[10.074857142857143,44.25093877551021],[10.102775510204081,44.25093877551021],[10.102775510204081,44.26114285714286],[10.074857142857143,44.26114285714286],[10.074857142857143,44.25093877551021]]]},"properties":{"name":"Fivizzano","op_id":"4537","minint_elettorale":"2090460070","minint_finloc":"3090460070","prov_name":"Massa-Carrara","prov_istat_code":"045","prov_istat_code_num":45,"prov_acr":"MS","reg_name":"Toscana","reg_istat_code":"09","reg_istat_code_num":9,"opdm_id":"4437","com_catasto_code":"D629","com_istat_code":"045007","com_istat_code_num":45007,"value":8.158620559420203,"_featureIdx":5,"_color":"#d0398b"}},{"type":"Feature","geometry":{"type":"Polygon","coordinates":[[[10.102775510204081,44.25093877551021],[10.13069387755102,44.25093877551021],[10.13069387755102,44.26114285714286],[10.102775510204081,44.26114285714286],[10.102775510204081,44.25093877551021]]]},"properties":{"name":"Fivizzano","op_id":"4537","minint_elettorale":"2090460070","minint_finloc":"3090460070","prov_name":"Massa-Carrara","prov_istat_code":"045","prov_istat_code_num":45,"prov_acr":"MS","reg_name":"Toscana","reg_istat_code":"09","reg_istat_code_num":9,"opdm_id":"4437","com_catasto_code":"D629","com_istat_code":"045007","com_istat_code_num":45007,"value":8.158620559420203,"_featureIdx":5,"_color":"#d0398b"}},{"type":"Feature","geometry":{"type":"Polygon","coordinates":[[[10.13069387755102,44.25093877551021],[10.158612244897958,44.25093877551021],[10.158612244897958,44.26114285714286],[10.13069387755102,44.26114285714286],[10.13069387755102,44.25093877551021]]]},"properties":{"name":"Fivizzano","op_id":"4537","minint_elettorale":"2090460070","minint_finloc":"3090460070","prov_name":"Massa-Carrara","prov_istat_code":"045","prov_istat_code_num":45,"prov_acr":"MS","reg_name":"Toscana","reg_istat_code":"09","reg_istat_code_num":9,"opdm_id":"4437","com_catasto_code":"D629","com_istat_code":"045007","com_istat_code_num":45007,"value":8.158620559420203,"_featureIdx":5,"_color":"#d0398b"}},{"type":"Feature","geometry":{"type":"Polygon","coordinates":[[[10.15861224489796,44.25093877551021],[10.186530612244898,44.25093877551021],[10.186530612244898,44.26114285714286],[10.15861224489796,44.26114285714286],[10.15861224489796,44.25093877551021]]]},"properties":{"name":"Fivizzano","op_id":"4537","minint_elettorale":"2090460070","minint_finloc":"3090460070","prov_name":"Massa-Carrara","prov_istat_code":"045","prov_istat_code_num":45,"prov_acr":"MS","reg_name":"Toscana","reg_istat_code":"09","reg_istat_code_num":9,"opdm_id":"4437","com_catasto_code":"D629","com_istat_code":"045007","com_istat_code_num":45007,"value":8.158620559420203,"_featureIdx":5,"_color":"#d0398b"}},{"type":"Feature","geometry":{"type":"Polygon","coordinates":[[[10.186530612244898,44.25093877551021],[10.214448979591836,44.25093877551021],[10.214448979591836,44.26114285714286],[10.186530612244898,44.26114285714286],[10.186530612244898,44.25093877551021]]]},"properties":{"name":"Fivizzano","op_id":"4537","minint_elettorale":"2090460070","minint_finloc":"3090460070","prov_name":"Massa-Carrara","prov_istat_code":"045","prov_istat_code_num":45,"prov_acr":"MS","reg_name":"Toscana","reg_istat_code":"09","reg_istat_code_num":9,"opdm_id":"4437","com_catasto_code":"D629","com_istat_code":"045007","com_istat_code_num":45007,"value":8.158620559420203,"_featureIdx":5,"_color":"#d0398b"}},{"type":"Feature","geometry":{"type":"Polygon","coordinates":[[[10.214448979591836,44.25093877551021],[10.242367346938774,44.25093877551021],[10.242367346938774,44.26114285714286],[10.214448979591836,44.26114285714286],[10.214448979591836,44.25093877551021]]]},"properties":{"name":"Fivizzano","op_id":"4537","minint_elettorale":"2090460070","minint_finloc":"3090460070","prov_name":"Massa-Carrara","prov_istat_code":"045","prov_istat_code_num":45,"prov_acr":"MS","reg_name":"Toscana","reg_istat_code":"09","reg_istat_code_num":9,"opdm_id":"4437","com_catasto_code":"D629","com_istat_code":"045007","com_istat_code_num":45007,"value":8.158620559420203,"_featureIdx":5,"_color":"#d0398b"}},{"type":"Feature","geometry":{"type":"Polygon","coordinates":[[[10.242367346938774,44.25093877551021],[10.270285714285713,44.25093877551021],[10.270285714285713,44.26114285714286],[10.242367346938774,44.26114285714286],[10.242367346938774,44.25093877551021]]]},"properties":{"name":"Sillano Giuncugnano","op_id":"8303","minint_elettorale":"2090430291","minint_finloc":"3090430291","prov_name":"Lucca","prov_istat_code":"046","prov_istat_code_num":46,"prov_acr":"LU","reg_name":"Toscana","reg_istat_code":"09","reg_istat_code_num":9,"opdm_id":"4480","com_catasto_code":"M347","com_istat_code":"046037","com_istat_code_num":46037,"value":49.72466398844821,"_featureIdx":31,"_color":"#d039ca"}},{"type":"Feature","geometry":{"type":"Polygon","coordinates":[[[10.270285714285714,44.25093877551021],[10.298204081632653,44.25093877551021],[10.298204081632653,44.26114285714286],[10.270285714285714,44.26114285714286],[10.270285714285714,44.25093877551021]]]},"properties":{"name":"Sillano Giuncugnano","op_id":"8303","minint_elettorale":"2090430291","minint_finloc":"3090430291","prov_name":"Lucca","prov_istat_code":"046","prov_istat_code_num":46,"prov_acr":"LU","reg_name":"Toscana","reg_istat_code":"09","reg_istat_code_num":9,"opdm_id":"4480","com_catasto_code":"M347","com_istat_code":"046037","com_istat_code_num":46037,"value":49.72466398844821,"_featureIdx":31,"_color":"#d039ca"}},{"type":"Feature","geometry":{"type":"Polygon","coordinates":[[[10.298204081632653,44.25093877551021],[10.326122448979591,44.25093877551021],[10.326122448979591,44.26114285714286],[10.298204081632653,44.26114285714286],[10.298204081632653,44.25093877551021]]]},"properties":{"name":"Sillano Giuncugnano","op_id":"8303","minint_elettorale":"2090430291","minint_finloc":"3090430291","prov_name":"Lucca","prov_istat_code":"046","prov_istat_code_num":46,"prov_acr":"LU","reg_name":"Toscana","reg_istat_code":"09","reg_istat_code_num":9,"opdm_id":"4480","com_catasto_code":"M347","com_istat_code":"046037","com_istat_code_num":46037,"value":49.72466398844821,"_featureIdx":31,"_color":"#d039ca"}},{"type":"Feature","geometry":{"type":"Polygon","coordinates":[[[10.326122448979591,44.25093877551021],[10.35404081632653,44.25093877551021],[10.35404081632653,44.26114285714286],[10.326122448979591,44.26114285714286],[10.326122448979591,44.25093877551021]]]},"properties":{"name":"Sillano Giuncugnano","op_id":"8303","minint_elettorale":"2090430291","minint_finloc":"3090430291","prov_name":"Lucca","prov_istat_code":"046","prov_istat_code_num":46,"prov_acr":"LU","reg_name":"Toscana","reg_istat_code":"09","reg_istat_code_num":9,"opdm_id":"4480","com_catasto_code":"M347","com_istat_code":"046037","com_istat_code_num":46037,"value":49.72466398844821,"_featureIdx":31,"_color":"#d039ca"}},{"type":"Feature","geometry":{"type":"Polygon","coordinates":[[[10.35404081632653,44.25093877551021],[10.381959183673468,44.25093877551021],[10.381959183673468,44.26114285714286],[10.35404081632653,44.26114285714286],[10.35404081632653,44.25093877551021]]]},"properties":{"name":"Sillano Giuncugnano","op_id":"8303","minint_elettorale":"2090430291","minint_finloc":"3090430291","prov_name":"Lucca","prov_istat_code":"046","prov_istat_code_num":46,"prov_acr":"LU","reg_name":"Toscana","reg_istat_code":"09","reg_istat_code_num":9,"opdm_id":"4480","com_catasto_code":"M347","com_istat_code":"046037","com_istat_code_num":46037,"value":49.72466398844821,"_featureIdx":31,"_color":"#d039ca"}},{"type":"Feature","geometry":{"type":"Polygon","coordinates":[[[9.851510204081633,44.26114285714286],[9.879428571428571,44.26114285714286],[9.879428571428571,44.27134693877551],[9.851510204081633,44.27134693877551],[9.851510204081633,44.26114285714286]]]},"properties":{"name":"Tresana","minint_finloc":"3090460150","op_id":"4545","minint_elettorale":"2090460150","prov_name":"Massa-Carrara","prov_istat_code":"045","prov_istat_code_num":45,"prov_acr":"MS","reg_name":"Toscana","reg_istat_code":"09","reg_istat_code_num":9,"opdm_id":"4445","com_catasto_code":"L386","com_istat_code":"045015","com_istat_code_num":45015,"value":8.862628352899016,"_featureIdx":10,"_color":"#c439d0"}},{"type":"Feature","geometry":{"type":"Polygon","coordinates":[[[9.879428571428571,44.26114285714286],[9.90734693877551,44.26114285714286],[9.90734693877551,44.27134693877551],[9.879428571428571,44.27134693877551],[9.879428571428571,44.26114285714286]]]},"properties":{"name":"Tresana","minint_finloc":"3090460150","op_id":"4545","minint_elettorale":"2090460150","prov_name":"Massa-Carrara","prov_istat_code":"045","prov_istat_code_num":45,"prov_acr":"MS","reg_name":"Toscana","reg_istat_code":"09","reg_istat_code_num":9,"opdm_id":"4445","com_catasto_code":"L386","com_istat_code":"045015","com_istat_code_num":45015,"value":8.862628352899016,"_featureIdx":10,"_color":"#c439d0"}},{"type":"Feature","geometry":{"type":"Polygon","coordinates":[[[9.90734693877551,44.26114285714286],[9.935265306122448,44.26114285714286],[9.935265306122448,44.27134693877551],[9.90734693877551,44.27134693877551],[9.90734693877551,44.26114285714286]]]},"properties":{"name":"Tresana","minint_finloc":"3090460150","op_id":"4545","minint_elettorale":"2090460150","prov_name":"Massa-Carrara","prov_istat_code":"045","prov_istat_code_num":45,"prov_acr":"MS","reg_name":"Toscana","reg_istat_code":"09","reg_istat_code_num":9,"opdm_id":"4445","com_catasto_code":"L386","com_istat_code":"045015","com_istat_code_num":45015,"value":8.862628352899016,"_featureIdx":10,"_color":"#c439d0"}},{"type":"Feature","geometry":{"type":"Polygon","coordinates":[[[9.935265306122448,44.26114285714286],[9.963183673469386,44.26114285714286],[9.963183673469386,44.27134693877551],[9.935265306122448,44.27134693877551],[9.935265306122448,44.26114285714286]]]},"properties":{"name":"Villafranca in Lunigiana","minint_elettorale":"2090460160","minint_finloc":"3090460160","op_id":"4546","prov_name":"Massa-Carrara","prov_istat_code":"045","prov_istat_code_num":45,"prov_acr":"MS","reg_name":"Toscana","reg_istat_code":"09","reg_istat_code_num":9,"opdm_id":"4446","com_catasto_code":"L946","com_istat_code":"045016","com_istat_code_num":45016,"value":68.29761653792123,"_featureIdx":11,"_color":"#b1d039"}},{"type":"Feature","geometry":{"type":"Polygon","coordinates":[[[9.963183673469388,44.26114285714286],[9.991102040816326,44.26114285714286],[9.991102040816326,44.27134693877551],[9.963183673469388,44.27134693877551],[9.963183673469388,44.26114285714286]]]},"properties":{"name":"Villafranca in Lunigiana","minint_elettorale":"2090460160","minint_finloc":"3090460160","op_id":"4546","prov_name":"Massa-Carrara","prov_istat_code":"045","prov_istat_code_num":45,"prov_acr":"MS","reg_name":"Toscana","reg_istat_code":"09","reg_istat_code_num":9,"opdm_id":"4446","com_catasto_code":"L946","com_istat_code":"045016","com_istat_code_num":45016,"value":68.29761653792123,"_featureIdx":11,"_color":"#b1d039"}},{"type":"Feature","geometry":{"type":"Polygon","coordinates":[[[9.991102040816326,44.26114285714286],[10.019020408163264,44.26114285714286],[10.019020408163264,44.27134693877551],[9.991102040816326,44.27134693877551],[9.991102040816326,44.26114285714286]]]},"properties":{"name":"Bagnone","op_id":"4532","minint_elettorale":"2090460020","minint_finloc":"3090460020","prov_name":"Massa-Carrara","prov_istat_code":"045","prov_istat_code_num":45,"prov_acr":"MS","reg_name":"Toscana","reg_istat_code":"09","reg_istat_code_num":9,"opdm_id":"4432","com_catasto_code":"A576","com_istat_code":"045002","com_istat_code_num":45002,"value":89.5085181250714,"_featureIdx":1,"_color":"#39d065"}},{"type":"Feature","geometry":{"type":"Polygon","coordinates":[[[10.019020408163264,44.26114285714286],[10.046938775510203,44.26114285714286],[10.046938775510203,44.27134693877551],[10.019020408163264,44.27134693877551],[10.019020408163264,44.26114285714286]]]},"properties":{"name":"Licciana Nardi","minint_elettorale":"2090460090","minint_finloc":"3090460090","op_id":"4539","prov_name":"Massa-Carrara","prov_istat_code":"045","prov_istat_code_num":45,"prov_acr":"MS","reg_name":"Toscana","reg_istat_code":"09","reg_istat_code_num":9,"opdm_id":"4439","com_catasto_code":"E574","com_istat_code":"045009","com_istat_code_num":45009,"value":75.02613607798992,"_featureIdx":7,"_color":"#3f39d0"}},{"type":"Feature","geometry":{"type":"Polygon","coordinates":[[[10.046938775510203,44.26114285714286],[10.074857142857141,44.26114285714286],[10.074857142857141,44.27134693877551],[10.046938775510203,44.27134693877551],[10.046938775510203,44.26114285714286]]]},"properties":{"name":"Licciana Nardi","minint_elettorale":"2090460090","minint_finloc":"3090460090","op_id":"4539","prov_name":"Massa-Carrara","prov_istat_code":"045","prov_istat_code_num":45,"prov_acr":"MS","reg_name":"Toscana","reg_istat_code":"09","reg_istat_code_num":9,"opdm_id":"4439","com_catasto_code":"E574","com_istat_code":"045009","com_istat_code_num":45009,"value":75.02613607798992,"_featureIdx":7,"_color":"#3f39d0"}},{"type":"Feature","geometry":{"type":"Polygon","coordinates":[[[10.074857142857143,44.26114285714286],[10.102775510204081,44.26114285714286],[10.102775510204081,44.27134693877551],[10.074857142857143,44.27134693877551],[10.074857142857143,44.26114285714286]]]},"properties":{"name":"Fivizzano","op_id":"4537","minint_elettorale":"2090460070","minint_finloc":"3090460070","prov_name":"Massa-Carrara","prov_istat_code":"045","prov_istat_code_num":45,"prov_acr":"MS","reg_name":"Toscana","reg_istat_code":"09","reg_istat_code_num":9,"opdm_id":"4437","com_catasto_code":"D629","com_istat_code":"045007","com_istat_code_num":45007,"value":8.158620559420203,"_featureIdx":5,"_color":"#d0398b"}},{"type":"Feature","geometry":{"type":"Polygon","coordinates":[[[10.102775510204081,44.26114285714286],[10.13069387755102,44.26114285714286],[10.13069387755102,44.27134693877551],[10.102775510204081,44.27134693877551],[10.102775510204081,44.26114285714286]]]},"properties":{"name":"Fivizzano","op_id":"4537","minint_elettorale":"2090460070","minint_finloc":"3090460070","prov_name":"Massa-Carrara","prov_istat_code":"045","prov_istat_code_num":45,"prov_acr":"MS","reg_name":"Toscana","reg_istat_code":"09","reg_istat_code_num":9,"opdm_id":"4437","com_catasto_code":"D629","com_istat_code":"045007","com_istat_code_num":45007,"value":8.158620559420203,"_featureIdx":5,"_color":"#d0398b"}},{"type":"Feature","geometry":{"type":"Polygon","coordinates":[[[10.13069387755102,44.26114285714286],[10.158612244897958,44.26114285714286],[10.158612244897958,44.27134693877551],[10.13069387755102,44.27134693877551],[10.13069387755102,44.26114285714286]]]},"properties":{"name":"Fivizzano","op_id":"4537","minint_elettorale":"2090460070","minint_finloc":"3090460070","prov_name":"Massa-Carrara","prov_istat_code":"045","prov_istat_code_num":45,"prov_acr":"MS","reg_name":"Toscana","reg_istat_code":"09","reg_istat_code_num":9,"opdm_id":"4437","com_catasto_code":"D629","com_istat_code":"045007","com_istat_code_num":45007,"value":8.158620559420203,"_featureIdx":5,"_color":"#d0398b"}},{"type":"Feature","geometry":{"type":"Polygon","coordinates":[[[10.15861224489796,44.26114285714286],[10.186530612244898,44.26114285714286],[10.186530612244898,44.27134693877551],[10.15861224489796,44.27134693877551],[10.15861224489796,44.26114285714286]]]},"properties":{"name":"Fivizzano","op_id":"4537","minint_elettorale":"2090460070","minint_finloc":"3090460070","prov_name":"Massa-Carrara","prov_istat_code":"045","prov_istat_code_num":45,"prov_acr":"MS","reg_name":"Toscana","reg_istat_code":"09","reg_istat_code_num":9,"opdm_id":"4437","com_catasto_code":"D629","com_istat_code":"045007","com_istat_code_num":45007,"value":8.158620559420203,"_featureIdx":5,"_color":"#d0398b"}},{"type":"Feature","geometry":{"type":"Polygon","coordinates":[[[10.186530612244898,44.26114285714286],[10.214448979591836,44.26114285714286],[10.214448979591836,44.27134693877551],[10.186530612244898,44.27134693877551],[10.186530612244898,44.26114285714286]]]},"properties":{"name":"Fivizzano","op_id":"4537","minint_elettorale":"2090460070","minint_finloc":"3090460070","prov_name":"Massa-Carrara","prov_istat_code":"045","prov_istat_code_num":45,"prov_acr":"MS","reg_name":"Toscana","reg_istat_code":"09","reg_istat_code_num":9,"opdm_id":"4437","com_catasto_code":"D629","com_istat_code":"045007","com_istat_code_num":45007,"value":8.158620559420203,"_featureIdx":5,"_color":"#d0398b"}},{"type":"Feature","geometry":{"type":"Polygon","coordinates":[[[10.214448979591836,44.26114285714286],[10.242367346938774,44.26114285714286],[10.242367346938774,44.27134693877551],[10.214448979591836,44.27134693877551],[10.214448979591836,44.26114285714286]]]},"properties":{"name":"Fivizzano","op_id":"4537","minint_elettorale":"2090460070","minint_finloc":"3090460070","prov_name":"Massa-Carrara","prov_istat_code":"045","prov_istat_code_num":45,"prov_acr":"MS","reg_name":"Toscana","reg_istat_code":"09","reg_istat_code_num":9,"opdm_id":"4437","com_catasto_code":"D629","com_istat_code":"045007","com_istat_code_num":45007,"value":8.158620559420203,"_featureIdx":5,"_color":"#d0398b"}},{"type":"Feature","geometry":{"type":"Polygon","coordinates":[[[10.242367346938774,44.26114285714286],[10.270285714285713,44.26114285714286],[10.270285714285713,44.27134693877551],[10.242367346938774,44.27134693877551],[10.242367346938774,44.26114285714286]]]},"properties":{"name":"Sillano Giuncugnano","op_id":"8303","minint_elettorale":"2090430291","minint_finloc":"3090430291","prov_name":"Lucca","prov_istat_code":"046","prov_istat_code_num":46,"prov_acr":"LU","reg_name":"Toscana","reg_istat_code":"09","reg_istat_code_num":9,"opdm_id":"4480","com_catasto_code":"M347","com_istat_code":"046037","com_istat_code_num":46037,"value":49.72466398844821,"_featureIdx":31,"_color":"#d039ca"}},{"type":"Feature","geometry":{"type":"Polygon","coordinates":[[[10.270285714285714,44.26114285714286],[10.298204081632653,44.26114285714286],[10.298204081632653,44.27134693877551],[10.270285714285714,44.27134693877551],[10.270285714285714,44.26114285714286]]]},"properties":{"name":"Sillano Giuncugnano","op_id":"8303","minint_elettorale":"2090430291","minint_finloc":"3090430291","prov_name":"Lucca","prov_istat_code":"046","prov_istat_code_num":46,"prov_acr":"LU","reg_name":"Toscana","reg_istat_code":"09","reg_istat_code_num":9,"opdm_id":"4480","com_catasto_code":"M347","com_istat_code":"046037","com_istat_code_num":46037,"value":49.72466398844821,"_featureIdx":31,"_color":"#d039ca"}},{"type":"Feature","geometry":{"type":"Polygon","coordinates":[[[10.298204081632653,44.26114285714286],[10.326122448979591,44.26114285714286],[10.326122448979591,44.27134693877551],[10.298204081632653,44.27134693877551],[10.298204081632653,44.26114285714286]]]},"properties":{"name":"Sillano Giuncugnano","op_id":"8303","minint_elettorale":"2090430291","minint_finloc":"3090430291","prov_name":"Lucca","prov_istat_code":"046","prov_istat_code_num":46,"prov_acr":"LU","reg_name":"Toscana","reg_istat_code":"09","reg_istat_code_num":9,"opdm_id":"4480","com_catasto_code":"M347","com_istat_code":"046037","com_istat_code_num":46037,"value":49.72466398844821,"_featureIdx":31,"_color":"#d039ca"}},{"type":"Feature","geometry":{"type":"Polygon","coordinates":[[[10.326122448979591,44.26114285714286],[10.35404081632653,44.26114285714286],[10.35404081632653,44.27134693877551],[10.326122448979591,44.27134693877551],[10.326122448979591,44.26114285714286]]]},"properties":{"name":"Sillano Giuncugnano","op_id":"8303","minint_elettorale":"2090430291","minint_finloc":"3090430291","prov_name":"Lucca","prov_istat_code":"046","prov_istat_code_num":46,"prov_acr":"LU","reg_name":"Toscana","reg_istat_code":"09","reg_istat_code_num":9,"opdm_id":"4480","com_catasto_code":"M347","com_istat_code":"046037","com_istat_code_num":46037,"value":49.72466398844821,"_featureIdx":31,"_color":"#d039ca"}},{"type":"Feature","geometry":{"type":"Polygon","coordinates":[[[10.35404081632653,44.26114285714286],[10.381959183673468,44.26114285714286],[10.381959183673468,44.27134693877551],[10.35404081632653,44.27134693877551],[10.35404081632653,44.26114285714286]]]},"properties":{"name":"Sillano Giuncugnano","op_id":"8303","minint_elettorale":"2090430291","minint_finloc":"3090430291","prov_name":"Lucca","prov_istat_code":"046","prov_istat_code_num":46,"prov_acr":"LU","reg_name":"Toscana","reg_istat_code":"09","reg_istat_code_num":9,"opdm_id":"4480","com_catasto_code":"M347","com_istat_code":"046037","com_istat_code_num":46037,"value":49.72466398844821,"_featureIdx":31,"_color":"#d039ca"}},{"type":"Feature","geometry":{"type":"Polygon","coordinates":[[[9.823591836734693,44.271346938775515],[9.851510204081631,44.271346938775515],[9.851510204081631,44.281551020408166],[9.823591836734693,44.281551020408166],[9.823591836734693,44.271346938775515]]]},"properties":{"name":"Mulazzo","op_id":"4542","minint_finloc":"3090460120","minint_elettorale":"2090460120","prov_name":"Massa-Carrara","prov_istat_code":"045","prov_istat_code_num":45,"prov_acr":"MS","reg_name":"Toscana","reg_istat_code":"09","reg_istat_code_num":9,"opdm_id":"4442","com_catasto_code":"F802","com_istat_code":"045012","com_istat_code_num":45012,"value":59.2875620426822,"_featureIdx":8,"_color":"#d06b39"}},{"type":"Feature","geometry":{"type":"Polygon","coordinates":[[[9.851510204081633,44.271346938775515],[9.879428571428571,44.271346938775515],[9.879428571428571,44.281551020408166],[9.851510204081633,44.281551020408166],[9.851510204081633,44.271346938775515]]]},"properties":{"name":"Mulazzo","op_id":"4542","minint_finloc":"3090460120","minint_elettorale":"2090460120","prov_name":"Massa-Carrara","prov_istat_code":"045","prov_istat_code_num":45,"prov_acr":"MS","reg_name":"Toscana","reg_istat_code":"09","reg_istat_code_num":9,"opdm_id":"4442","com_catasto_code":"F802","com_istat_code":"045012","com_istat_code_num":45012,"value":59.2875620426822,"_featureIdx":8,"_color":"#d06b39"}},{"type":"Feature","geometry":{"type":"Polygon","coordinates":[[[9.879428571428571,44.271346938775515],[9.90734693877551,44.271346938775515],[9.90734693877551,44.281551020408166],[9.879428571428571,44.281551020408166],[9.879428571428571,44.271346938775515]]]},"properties":{"name":"Mulazzo","op_id":"4542","minint_finloc":"3090460120","minint_elettorale":"2090460120","prov_name":"Massa-Carrara","prov_istat_code":"045","prov_istat_code_num":45,"prov_acr":"MS","reg_name":"Toscana","reg_istat_code":"09","reg_istat_code_num":9,"opdm_id":"4442","com_catasto_code":"F802","com_istat_code":"045012","com_istat_code_num":45012,"value":59.2875620426822,"_featureIdx":8,"_color":"#d06b39"}},{"type":"Feature","geometry":{"type":"Polygon","coordinates":[[[9.90734693877551,44.271346938775515],[9.935265306122448,44.271346938775515],[9.935265306122448,44.281551020408166],[9.90734693877551,44.281551020408166],[9.90734693877551,44.271346938775515]]]},"properties":{"name":"Mulazzo","op_id":"4542","minint_finloc":"3090460120","minint_elettorale":"2090460120","prov_name":"Massa-Carrara","prov_istat_code":"045","prov_istat_code_num":45,"prov_acr":"MS","reg_name":"Toscana","reg_istat_code":"09","reg_istat_code_num":9,"opdm_id":"4442","com_catasto_code":"F802","com_istat_code":"045012","com_istat_code_num":45012,"value":59.2875620426822,"_featureIdx":8,"_color":"#d06b39"}},{"type":"Feature","geometry":{"type":"Polygon","coordinates":[[[9.935265306122448,44.271346938775515],[9.963183673469386,44.271346938775515],[9.963183673469386,44.281551020408166],[9.935265306122448,44.281551020408166],[9.935265306122448,44.271346938775515]]]},"properties":{"name":"Mulazzo","op_id":"4542","minint_finloc":"3090460120","minint_elettorale":"2090460120","prov_name":"Massa-Carrara","prov_istat_code":"045","prov_istat_code_num":45,"prov_acr":"MS","reg_name":"Toscana","reg_istat_code":"09","reg_istat_code_num":9,"opdm_id":"4442","com_catasto_code":"F802","com_istat_code":"045012","com_istat_code_num":45012,"value":59.2875620426822,"_featureIdx":8,"_color":"#d06b39"}},{"type":"Feature","geometry":{"type":"Polygon","coordinates":[[[9.963183673469388,44.271346938775515],[9.991102040816326,44.271346938775515],[9.991102040816326,44.281551020408166],[9.963183673469388,44.281551020408166],[9.963183673469388,44.271346938775515]]]},"properties":{"name":"Villafranca in Lunigiana","minint_elettorale":"2090460160","minint_finloc":"3090460160","op_id":"4546","prov_name":"Massa-Carrara","prov_istat_code":"045","prov_istat_code_num":45,"prov_acr":"MS","reg_name":"Toscana","reg_istat_code":"09","reg_istat_code_num":9,"opdm_id":"4446","com_catasto_code":"L946","com_istat_code":"045016","com_istat_code_num":45016,"value":68.29761653792123,"_featureIdx":11,"_color":"#b1d039"}},{"type":"Feature","geometry":{"type":"Polygon","coordinates":[[[9.991102040816326,44.271346938775515],[10.019020408163264,44.271346938775515],[10.019020408163264,44.281551020408166],[9.991102040816326,44.281551020408166],[9.991102040816326,44.271346938775515]]]},"properties":{"name":"Bagnone","op_id":"4532","minint_elettorale":"2090460020","minint_finloc":"3090460020","prov_name":"Massa-Carrara","prov_istat_code":"045","prov_istat_code_num":45,"prov_acr":"MS","reg_name":"Toscana","reg_istat_code":"09","reg_istat_code_num":9,"opdm_id":"4432","com_catasto_code":"A576","com_istat_code":"045002","com_istat_code_num":45002,"value":89.5085181250714,"_featureIdx":1,"_color":"#39d065"}},{"type":"Feature","geometry":{"type":"Polygon","coordinates":[[[10.019020408163264,44.271346938775515],[10.046938775510203,44.271346938775515],[10.046938775510203,44.281551020408166],[10.019020408163264,44.281551020408166],[10.019020408163264,44.271346938775515]]]},"properties":{"name":"Licciana Nardi","minint_elettorale":"2090460090","minint_finloc":"3090460090","op_id":"4539","prov_name":"Massa-Carrara","prov_istat_code":"045","prov_istat_code_num":45,"prov_acr":"MS","reg_name":"Toscana","reg_istat_code":"09","reg_istat_code_num":9,"opdm_id":"4439","com_catasto_code":"E574","com_istat_code":"045009","com_istat_code_num":45009,"value":75.02613607798992,"_featureIdx":7,"_color":"#3f39d0"}},{"type":"Feature","geometry":{"type":"Polygon","coordinates":[[[10.046938775510203,44.271346938775515],[10.074857142857141,44.271346938775515],[10.074857142857141,44.281551020408166],[10.046938775510203,44.281551020408166],[10.046938775510203,44.271346938775515]]]},"properties":{"name":"Licciana Nardi","minint_elettorale":"2090460090","minint_finloc":"3090460090","op_id":"4539","prov_name":"Massa-Carrara","prov_istat_code":"045","prov_istat_code_num":45,"prov_acr":"MS","reg_name":"Toscana","reg_istat_code":"09","reg_istat_code_num":9,"opdm_id":"4439","com_catasto_code":"E574","com_istat_code":"045009","com_istat_code_num":45009,"value":75.02613607798992,"_featureIdx":7,"_color":"#3f39d0"}},{"type":"Feature","geometry":{"type":"Polygon","coordinates":[[[10.074857142857143,44.271346938775515],[10.102775510204081,44.271346938775515],[10.102775510204081,44.281551020408166],[10.074857142857143,44.281551020408166],[10.074857142857143,44.271346938775515]]]},"properties":{"name":"Comano","op_id":"4535","minint_elettorale":"2090460050","minint_finloc":"3090460050","prov_name":"Massa-Carrara","prov_istat_code":"045","prov_istat_code_num":45,"prov_acr":"MS","reg_name":"Toscana","reg_istat_code":"09","reg_istat_code_num":9,"opdm_id":"4435","com_catasto_code":"C914","com_istat_code":"045005","com_istat_code_num":45005,"value":74.31536299577955,"_featureIdx":3,"_color":"#d0be39"}},{"type":"Feature","geometry":{"type":"Polygon","coordinates":[[[10.102775510204081,44.271346938775515],[10.13069387755102,44.271346938775515],[10.13069387755102,44.281551020408166],[10.102775510204081,44.281551020408166],[10.102775510204081,44.271346938775515]]]},"properties":{"name":"Fivizzano","op_id":"4537","minint_elettorale":"2090460070","minint_finloc":"3090460070","prov_name":"Massa-Carrara","prov_istat_code":"045","prov_istat_code_num":45,"prov_acr":"MS","reg_name":"Toscana","reg_istat_code":"09","reg_istat_code_num":9,"opdm_id":"4437","com_catasto_code":"D629","com_istat_code":"045007","com_istat_code_num":45007,"value":8.158620559420203,"_featureIdx":5,"_color":"#d0398b"}},{"type":"Feature","geometry":{"type":"Polygon","coordinates":[[[10.13069387755102,44.271346938775515],[10.158612244897958,44.271346938775515],[10.158612244897958,44.281551020408166],[10.13069387755102,44.281551020408166],[10.13069387755102,44.271346938775515]]]},"properties":{"name":"Fivizzano","op_id":"4537","minint_elettorale":"2090460070","minint_finloc":"3090460070","prov_name":"Massa-Carrara","prov_istat_code":"045","prov_istat_code_num":45,"prov_acr":"MS","reg_name":"Toscana","reg_istat_code":"09","reg_istat_code_num":9,"opdm_id":"4437","com_catasto_code":"D629","com_istat_code":"045007","com_istat_code_num":45007,"value":8.158620559420203,"_featureIdx":5,"_color":"#d0398b"}},{"type":"Feature","geometry":{"type":"Polygon","coordinates":[[[10.15861224489796,44.271346938775515],[10.186530612244898,44.271346938775515],[10.186530612244898,44.281551020408166],[10.15861224489796,44.281551020408166],[10.15861224489796,44.271346938775515]]]},"properties":{"name":"Fivizzano","op_id":"4537","minint_elettorale":"2090460070","minint_finloc":"3090460070","prov_name":"Massa-Carrara","prov_istat_code":"045","prov_istat_code_num":45,"prov_acr":"MS","reg_name":"Toscana","reg_istat_code":"09","reg_istat_code_num":9,"opdm_id":"4437","com_catasto_code":"D629","com_istat_code":"045007","com_istat_code_num":45007,"value":8.158620559420203,"_featureIdx":5,"_color":"#d0398b"}},{"type":"Feature","geometry":{"type":"Polygon","coordinates":[[[10.186530612244898,44.271346938775515],[10.214448979591836,44.271346938775515],[10.214448979591836,44.281551020408166],[10.186530612244898,44.281551020408166],[10.186530612244898,44.271346938775515]]]},"properties":{"name":"Fivizzano","op_id":"4537","minint_elettorale":"2090460070","minint_finloc":"3090460070","prov_name":"Massa-Carrara","prov_istat_code":"045","prov_istat_code_num":45,"prov_acr":"MS","reg_name":"Toscana","reg_istat_code":"09","reg_istat_code_num":9,"opdm_id":"4437","com_catasto_code":"D629","com_istat_code":"045007","com_istat_code_num":45007,"value":8.158620559420203,"_featureIdx":5,"_color":"#d0398b"}},{"type":"Feature","geometry":{"type":"Polygon","coordinates":[[[10.214448979591836,44.271346938775515],[10.242367346938774,44.271346938775515],[10.242367346938774,44.281551020408166],[10.214448979591836,44.281551020408166],[10.214448979591836,44.271346938775515]]]},"properties":{"name":"Fivizzano","op_id":"4537","minint_elettorale":"2090460070","minint_finloc":"3090460070","prov_name":"Massa-Carrara","prov_istat_code":"045","prov_istat_code_num":45,"prov_acr":"MS","reg_name":"Toscana","reg_istat_code":"09","reg_istat_code_num":9,"opdm_id":"4437","com_catasto_code":"D629","com_istat_code":"045007","com_istat_code_num":45007,"value":8.158620559420203,"_featureIdx":5,"_color":"#d0398b"}},{"type":"Feature","geometry":{"type":"Polygon","coordinates":[[[10.270285714285714,44.271346938775515],[10.298204081632653,44.271346938775515],[10.298204081632653,44.281551020408166],[10.270285714285714,44.281551020408166],[10.270285714285714,44.271346938775515]]]},"properties":{"name":"Sillano Giuncugnano","op_id":"8303","minint_elettorale":"2090430291","minint_finloc":"3090430291","prov_name":"Lucca","prov_istat_code":"046","prov_istat_code_num":46,"prov_acr":"LU","reg_name":"Toscana","reg_istat_code":"09","reg_istat_code_num":9,"opdm_id":"4480","com_catasto_code":"M347","com_istat_code":"046037","com_istat_code_num":46037,"value":49.72466398844821,"_featureIdx":31,"_color":"#d039ca"}},{"type":"Feature","geometry":{"type":"Polygon","coordinates":[[[9.823591836734693,44.281551020408166],[9.851510204081631,44.281551020408166],[9.851510204081631,44.29175510204082],[9.823591836734693,44.29175510204082],[9.823591836734693,44.281551020408166]]]},"properties":{"name":"Mulazzo","op_id":"4542","minint_finloc":"3090460120","minint_elettorale":"2090460120","prov_name":"Massa-Carrara","prov_istat_code":"045","prov_istat_code_num":45,"prov_acr":"MS","reg_name":"Toscana","reg_istat_code":"09","reg_istat_code_num":9,"opdm_id":"4442","com_catasto_code":"F802","com_istat_code":"045012","com_istat_code_num":45012,"value":59.2875620426822,"_featureIdx":8,"_color":"#d06b39"}},{"type":"Feature","geometry":{"type":"Polygon","coordinates":[[[9.851510204081633,44.281551020408166],[9.879428571428571,44.281551020408166],[9.879428571428571,44.29175510204082],[9.851510204081633,44.29175510204082],[9.851510204081633,44.281551020408166]]]},"properties":{"name":"Mulazzo","op_id":"4542","minint_finloc":"3090460120","minint_elettorale":"2090460120","prov_name":"Massa-Carrara","prov_istat_code":"045","prov_istat_code_num":45,"prov_acr":"MS","reg_name":"Toscana","reg_istat_code":"09","reg_istat_code_num":9,"opdm_id":"4442","com_catasto_code":"F802","com_istat_code":"045012","com_istat_code_num":45012,"value":59.2875620426822,"_featureIdx":8,"_color":"#d06b39"}},{"type":"Feature","geometry":{"type":"Polygon","coordinates":[[[9.879428571428571,44.281551020408166],[9.90734693877551,44.281551020408166],[9.90734693877551,44.29175510204082],[9.879428571428571,44.29175510204082],[9.879428571428571,44.281551020408166]]]},"properties":{"name":"Mulazzo","op_id":"4542","minint_finloc":"3090460120","minint_elettorale":"2090460120","prov_name":"Massa-Carrara","prov_istat_code":"045","prov_istat_code_num":45,"prov_acr":"MS","reg_name":"Toscana","reg_istat_code":"09","reg_istat_code_num":9,"opdm_id":"4442","com_catasto_code":"F802","com_istat_code":"045012","com_istat_code_num":45012,"value":59.2875620426822,"_featureIdx":8,"_color":"#d06b39"}},{"type":"Feature","geometry":{"type":"Polygon","coordinates":[[[9.90734693877551,44.281551020408166],[9.935265306122448,44.281551020408166],[9.935265306122448,44.29175510204082],[9.90734693877551,44.29175510204082],[9.90734693877551,44.281551020408166]]]},"properties":{"name":"Mulazzo","op_id":"4542","minint_finloc":"3090460120","minint_elettorale":"2090460120","prov_name":"Massa-Carrara","prov_istat_code":"045","prov_istat_code_num":45,"prov_acr":"MS","reg_name":"Toscana","reg_istat_code":"09","reg_istat_code_num":9,"opdm_id":"4442","com_catasto_code":"F802","com_istat_code":"045012","com_istat_code_num":45012,"value":59.2875620426822,"_featureIdx":8,"_color":"#d06b39"}},{"type":"Feature","geometry":{"type":"Polygon","coordinates":[[[9.935265306122448,44.281551020408166],[9.963183673469386,44.281551020408166],[9.963183673469386,44.29175510204082],[9.935265306122448,44.29175510204082],[9.935265306122448,44.281551020408166]]]},"properties":{"name":"Villafranca in Lunigiana","minint_elettorale":"2090460160","minint_finloc":"3090460160","op_id":"4546","prov_name":"Massa-Carrara","prov_istat_code":"045","prov_istat_code_num":45,"prov_acr":"MS","reg_name":"Toscana","reg_istat_code":"09","reg_istat_code_num":9,"opdm_id":"4446","com_catasto_code":"L946","com_istat_code":"045016","com_istat_code_num":45016,"value":68.29761653792123,"_featureIdx":11,"_color":"#b1d039"}},{"type":"Feature","geometry":{"type":"Polygon","coordinates":[[[9.963183673469388,44.281551020408166],[9.991102040816326,44.281551020408166],[9.991102040816326,44.29175510204082],[9.963183673469388,44.29175510204082],[9.963183673469388,44.281551020408166]]]},"properties":{"name":"Villafranca in Lunigiana","minint_elettorale":"2090460160","minint_finloc":"3090460160","op_id":"4546","prov_name":"Massa-Carrara","prov_istat_code":"045","prov_istat_code_num":45,"prov_acr":"MS","reg_name":"Toscana","reg_istat_code":"09","reg_istat_code_num":9,"opdm_id":"4446","com_catasto_code":"L946","com_istat_code":"045016","com_istat_code_num":45016,"value":68.29761653792123,"_featureIdx":11,"_color":"#b1d039"}},{"type":"Feature","geometry":{"type":"Polygon","coordinates":[[[9.991102040816326,44.281551020408166],[10.019020408163264,44.281551020408166],[10.019020408163264,44.29175510204082],[9.991102040816326,44.29175510204082],[9.991102040816326,44.281551020408166]]]},"properties":{"name":"Bagnone","op_id":"4532","minint_elettorale":"2090460020","minint_finloc":"3090460020","prov_name":"Massa-Carrara","prov_istat_code":"045","prov_istat_code_num":45,"prov_acr":"MS","reg_name":"Toscana","reg_istat_code":"09","reg_istat_code_num":9,"opdm_id":"4432","com_catasto_code":"A576","com_istat_code":"045002","com_istat_code_num":45002,"value":89.5085181250714,"_featureIdx":1,"_color":"#39d065"}},{"type":"Feature","geometry":{"type":"Polygon","coordinates":[[[10.019020408163264,44.281551020408166],[10.046938775510203,44.281551020408166],[10.046938775510203,44.29175510204082],[10.019020408163264,44.29175510204082],[10.019020408163264,44.281551020408166]]]},"properties":{"name":"Licciana Nardi","minint_elettorale":"2090460090","minint_finloc":"3090460090","op_id":"4539","prov_name":"Massa-Carrara","prov_istat_code":"045","prov_istat_code_num":45,"prov_acr":"MS","reg_name":"Toscana","reg_istat_code":"09","reg_istat_code_num":9,"opdm_id":"4439","com_catasto_code":"E574","com_istat_code":"045009","com_istat_code_num":45009,"value":75.02613607798992,"_featureIdx":7,"_color":"#3f39d0"}},{"type":"Feature","geometry":{"type":"Polygon","coordinates":[[[10.046938775510203,44.281551020408166],[10.074857142857141,44.281551020408166],[10.074857142857141,44.29175510204082],[10.046938775510203,44.29175510204082],[10.046938775510203,44.281551020408166]]]},"properties":{"name":"Licciana Nardi","minint_elettorale":"2090460090","minint_finloc":"3090460090","op_id":"4539","prov_name":"Massa-Carrara","prov_istat_code":"045","prov_istat_code_num":45,"prov_acr":"MS","reg_name":"Toscana","reg_istat_code":"09","reg_istat_code_num":9,"opdm_id":"4439","com_catasto_code":"E574","com_istat_code":"045009","com_istat_code_num":45009,"value":75.02613607798992,"_featureIdx":7,"_color":"#3f39d0"}},{"type":"Feature","geometry":{"type":"Polygon","coordinates":[[[10.074857142857143,44.281551020408166],[10.102775510204081,44.281551020408166],[10.102775510204081,44.29175510204082],[10.074857142857143,44.29175510204082],[10.074857142857143,44.281551020408166]]]},"properties":{"name":"Comano","op_id":"4535","minint_elettorale":"2090460050","minint_finloc":"3090460050","prov_name":"Massa-Carrara","prov_istat_code":"045","prov_istat_code_num":45,"prov_acr":"MS","reg_name":"Toscana","reg_istat_code":"09","reg_istat_code_num":9,"opdm_id":"4435","com_catasto_code":"C914","com_istat_code":"045005","com_istat_code_num":45005,"value":74.31536299577955,"_featureIdx":3,"_color":"#d0be39"}},{"type":"Feature","geometry":{"type":"Polygon","coordinates":[[[10.102775510204081,44.281551020408166],[10.13069387755102,44.281551020408166],[10.13069387755102,44.29175510204082],[10.102775510204081,44.29175510204082],[10.102775510204081,44.281551020408166]]]},"properties":{"name":"Comano","op_id":"4535","minint_elettorale":"2090460050","minint_finloc":"3090460050","prov_name":"Massa-Carrara","prov_istat_code":"045","prov_istat_code_num":45,"prov_acr":"MS","reg_name":"Toscana","reg_istat_code":"09","reg_istat_code_num":9,"opdm_id":"4435","com_catasto_code":"C914","com_istat_code":"045005","com_istat_code_num":45005,"value":74.31536299577955,"_featureIdx":3,"_color":"#d0be39"}},{"type":"Feature","geometry":{"type":"Polygon","coordinates":[[[10.13069387755102,44.281551020408166],[10.158612244897958,44.281551020408166],[10.158612244897958,44.29175510204082],[10.13069387755102,44.29175510204082],[10.13069387755102,44.281551020408166]]]},"properties":{"name":"Comano","op_id":"4535","minint_elettorale":"2090460050","minint_finloc":"3090460050","prov_name":"Massa-Carrara","prov_istat_code":"045","prov_istat_code_num":45,"prov_acr":"MS","reg_name":"Toscana","reg_istat_code":"09","reg_istat_code_num":9,"opdm_id":"4435","com_catasto_code":"C914","com_istat_code":"045005","com_istat_code_num":45005,"value":74.31536299577955,"_featureIdx":3,"_color":"#d0be39"}},{"type":"Feature","geometry":{"type":"Polygon","coordinates":[[[10.15861224489796,44.281551020408166],[10.186530612244898,44.281551020408166],[10.186530612244898,44.29175510204082],[10.15861224489796,44.29175510204082],[10.15861224489796,44.281551020408166]]]},"properties":{"name":"Fivizzano","op_id":"4537","minint_elettorale":"2090460070","minint_finloc":"3090460070","prov_name":"Massa-Carrara","prov_istat_code":"045","prov_istat_code_num":45,"prov_acr":"MS","reg_name":"Toscana","reg_istat_code":"09","reg_istat_code_num":9,"opdm_id":"4437","com_catasto_code":"D629","com_istat_code":"045007","com_istat_code_num":45007,"value":8.158620559420203,"_featureIdx":5,"_color":"#d0398b"}},{"type":"Feature","geometry":{"type":"Polygon","coordinates":[[[10.186530612244898,44.281551020408166],[10.214448979591836,44.281551020408166],[10.214448979591836,44.29175510204082],[10.186530612244898,44.29175510204082],[10.186530612244898,44.281551020408166]]]},"properties":{"name":"Fivizzano","op_id":"4537","minint_elettorale":"2090460070","minint_finloc":"3090460070","prov_name":"Massa-Carrara","prov_istat_code":"045","prov_istat_code_num":45,"prov_acr":"MS","reg_name":"Toscana","reg_istat_code":"09","reg_istat_code_num":9,"opdm_id":"4437","com_catasto_code":"D629","com_istat_code":"045007","com_istat_code_num":45007,"value":8.158620559420203,"_featureIdx":5,"_color":"#d0398b"}},{"type":"Feature","geometry":{"type":"Polygon","coordinates":[[[10.214448979591836,44.281551020408166],[10.242367346938774,44.281551020408166],[10.242367346938774,44.29175510204082],[10.214448979591836,44.29175510204082],[10.214448979591836,44.281551020408166]]]},"properties":{"name":"Fivizzano","op_id":"4537","minint_elettorale":"2090460070","minint_finloc":"3090460070","prov_name":"Massa-Carrara","prov_istat_code":"045","prov_istat_code_num":45,"prov_acr":"MS","reg_name":"Toscana","reg_istat_code":"09","reg_istat_code_num":9,"opdm_id":"4437","com_catasto_code":"D629","com_istat_code":"045007","com_istat_code_num":45007,"value":8.158620559420203,"_featureIdx":5,"_color":"#d0398b"}},{"type":"Feature","geometry":{"type":"Polygon","coordinates":[[[9.767755102040816,44.29175510204082],[9.795673469387754,44.29175510204082],[9.795673469387754,44.30195918367347],[9.767755102040816,44.30195918367347],[9.767755102040816,44.29175510204082]]]},"properties":{"name":"Zeri","minint_elettorale":"2090460170","op_id":"4547","minint_finloc":"3090460170","prov_name":"Massa-Carrara","prov_istat_code":"045","prov_istat_code_num":45,"prov_acr":"MS","reg_name":"Toscana","reg_istat_code":"09","reg_istat_code_num":9,"opdm_id":"4447","com_catasto_code":"M169","com_istat_code":"045017","com_istat_code_num":45017,"value":30.003159501209954,"_featureIdx":12,"_color":"#3984d0"}},{"type":"Feature","geometry":{"type":"Polygon","coordinates":[[[9.795673469387754,44.29175510204082],[9.823591836734693,44.29175510204082],[9.823591836734693,44.30195918367347],[9.795673469387754,44.30195918367347],[9.795673469387754,44.29175510204082]]]},"properties":{"name":"Zeri","minint_elettorale":"2090460170","op_id":"4547","minint_finloc":"3090460170","prov_name":"Massa-Carrara","prov_istat_code":"045","prov_istat_code_num":45,"prov_acr":"MS","reg_name":"Toscana","reg_istat_code":"09","reg_istat_code_num":9,"opdm_id":"4447","com_catasto_code":"M169","com_istat_code":"045017","com_istat_code_num":45017,"value":30.003159501209954,"_featureIdx":12,"_color":"#3984d0"}},{"type":"Feature","geometry":{"type":"Polygon","coordinates":[[[9.823591836734693,44.29175510204082],[9.851510204081631,44.29175510204082],[9.851510204081631,44.30195918367347],[9.823591836734693,44.30195918367347],[9.823591836734693,44.29175510204082]]]},"properties":{"name":"Mulazzo","op_id":"4542","minint_finloc":"3090460120","minint_elettorale":"2090460120","prov_name":"Massa-Carrara","prov_istat_code":"045","prov_istat_code_num":45,"prov_acr":"MS","reg_name":"Toscana","reg_istat_code":"09","reg_istat_code_num":9,"opdm_id":"4442","com_catasto_code":"F802","com_istat_code":"045012","com_istat_code_num":45012,"value":59.2875620426822,"_featureIdx":8,"_color":"#d06b39"}},{"type":"Feature","geometry":{"type":"Polygon","coordinates":[[[9.851510204081633,44.29175510204082],[9.879428571428571,44.29175510204082],[9.879428571428571,44.30195918367347],[9.851510204081633,44.30195918367347],[9.851510204081633,44.29175510204082]]]},"properties":{"name":"Mulazzo","op_id":"4542","minint_finloc":"3090460120","minint_elettorale":"2090460120","prov_name":"Massa-Carrara","prov_istat_code":"045","prov_istat_code_num":45,"prov_acr":"MS","reg_name":"Toscana","reg_istat_code":"09","reg_istat_code_num":9,"opdm_id":"4442","com_catasto_code":"F802","com_istat_code":"045012","com_istat_code_num":45012,"value":59.2875620426822,"_featureIdx":8,"_color":"#d06b39"}},{"type":"Feature","geometry":{"type":"Polygon","coordinates":[[[9.879428571428571,44.29175510204082],[9.90734693877551,44.29175510204082],[9.90734693877551,44.30195918367347],[9.879428571428571,44.30195918367347],[9.879428571428571,44.29175510204082]]]},"properties":{"name":"Mulazzo","op_id":"4542","minint_finloc":"3090460120","minint_elettorale":"2090460120","prov_name":"Massa-Carrara","prov_istat_code":"045","prov_istat_code_num":45,"prov_acr":"MS","reg_name":"Toscana","reg_istat_code":"09","reg_istat_code_num":9,"opdm_id":"4442","com_catasto_code":"F802","com_istat_code":"045012","com_istat_code_num":45012,"value":59.2875620426822,"_featureIdx":8,"_color":"#d06b39"}},{"type":"Feature","geometry":{"type":"Polygon","coordinates":[[[9.90734693877551,44.29175510204082],[9.935265306122448,44.29175510204082],[9.935265306122448,44.30195918367347],[9.90734693877551,44.30195918367347],[9.90734693877551,44.29175510204082]]]},"properties":{"name":"Mulazzo","op_id":"4542","minint_finloc":"3090460120","minint_elettorale":"2090460120","prov_name":"Massa-Carrara","prov_istat_code":"045","prov_istat_code_num":45,"prov_acr":"MS","reg_name":"Toscana","reg_istat_code":"09","reg_istat_code_num":9,"opdm_id":"4442","com_catasto_code":"F802","com_istat_code":"045012","com_istat_code_num":45012,"value":59.2875620426822,"_featureIdx":8,"_color":"#d06b39"}},{"type":"Feature","geometry":{"type":"Polygon","coordinates":[[[9.935265306122448,44.29175510204082],[9.963183673469386,44.29175510204082],[9.963183673469386,44.30195918367347],[9.935265306122448,44.30195918367347],[9.935265306122448,44.29175510204082]]]},"properties":{"name":"Villafranca in Lunigiana","minint_elettorale":"2090460160","minint_finloc":"3090460160","op_id":"4546","prov_name":"Massa-Carrara","prov_istat_code":"045","prov_istat_code_num":45,"prov_acr":"MS","reg_name":"Toscana","reg_istat_code":"09","reg_istat_code_num":9,"opdm_id":"4446","com_catasto_code":"L946","com_istat_code":"045016","com_istat_code_num":45016,"value":68.29761653792123,"_featureIdx":11,"_color":"#b1d039"}},{"type":"Feature","geometry":{"type":"Polygon","coordinates":[[[9.963183673469388,44.29175510204082],[9.991102040816326,44.29175510204082],[9.991102040816326,44.30195918367347],[9.963183673469388,44.30195918367347],[9.963183673469388,44.29175510204082]]]},"properties":{"name":"Villafranca in Lunigiana","minint_elettorale":"2090460160","minint_finloc":"3090460160","op_id":"4546","prov_name":"Massa-Carrara","prov_istat_code":"045","prov_istat_code_num":45,"prov_acr":"MS","reg_name":"Toscana","reg_istat_code":"09","reg_istat_code_num":9,"opdm_id":"4446","com_catasto_code":"L946","com_istat_code":"045016","com_istat_code_num":45016,"value":68.29761653792123,"_featureIdx":11,"_color":"#b1d039"}},{"type":"Feature","geometry":{"type":"Polygon","coordinates":[[[9.991102040816326,44.29175510204082],[10.019020408163264,44.29175510204082],[10.019020408163264,44.30195918367347],[9.991102040816326,44.30195918367347],[9.991102040816326,44.29175510204082]]]},"properties":{"name":"Bagnone","op_id":"4532","minint_elettorale":"2090460020","minint_finloc":"3090460020","prov_name":"Massa-Carrara","prov_istat_code":"045","prov_istat_code_num":45,"prov_acr":"MS","reg_name":"Toscana","reg_istat_code":"09","reg_istat_code_num":9,"opdm_id":"4432","com_catasto_code":"A576","com_istat_code":"045002","com_istat_code_num":45002,"value":89.5085181250714,"_featureIdx":1,"_color":"#39d065"}},{"type":"Feature","geometry":{"type":"Polygon","coordinates":[[[10.019020408163264,44.29175510204082],[10.046938775510203,44.29175510204082],[10.046938775510203,44.30195918367347],[10.019020408163264,44.30195918367347],[10.019020408163264,44.29175510204082]]]},"properties":{"name":"Bagnone","op_id":"4532","minint_elettorale":"2090460020","minint_finloc":"3090460020","prov_name":"Massa-Carrara","prov_istat_code":"045","prov_istat_code_num":45,"prov_acr":"MS","reg_name":"Toscana","reg_istat_code":"09","reg_istat_code_num":9,"opdm_id":"4432","com_catasto_code":"A576","com_istat_code":"045002","com_istat_code_num":45002,"value":89.5085181250714,"_featureIdx":1,"_color":"#39d065"}},{"type":"Feature","geometry":{"type":"Polygon","coordinates":[[[10.046938775510203,44.29175510204082],[10.074857142857141,44.29175510204082],[10.074857142857141,44.30195918367347],[10.046938775510203,44.30195918367347],[10.046938775510203,44.29175510204082]]]},"properties":{"name":"Licciana Nardi","minint_elettorale":"2090460090","minint_finloc":"3090460090","op_id":"4539","prov_name":"Massa-Carrara","prov_istat_code":"045","prov_istat_code_num":45,"prov_acr":"MS","reg_name":"Toscana","reg_istat_code":"09","reg_istat_code_num":9,"opdm_id":"4439","com_catasto_code":"E574","com_istat_code":"045009","com_istat_code_num":45009,"value":75.02613607798992,"_featureIdx":7,"_color":"#3f39d0"}},{"type":"Feature","geometry":{"type":"Polygon","coordinates":[[[10.074857142857143,44.29175510204082],[10.102775510204081,44.29175510204082],[10.102775510204081,44.30195918367347],[10.074857142857143,44.30195918367347],[10.074857142857143,44.29175510204082]]]},"properties":{"name":"Comano","op_id":"4535","minint_elettorale":"2090460050","minint_finloc":"3090460050","prov_name":"Massa-Carrara","prov_istat_code":"045","prov_istat_code_num":45,"prov_acr":"MS","reg_name":"Toscana","reg_istat_code":"09","reg_istat_code_num":9,"opdm_id":"4435","com_catasto_code":"C914","com_istat_code":"045005","com_istat_code_num":45005,"value":74.31536299577955,"_featureIdx":3,"_color":"#d0be39"}},{"type":"Feature","geometry":{"type":"Polygon","coordinates":[[[10.102775510204081,44.29175510204082],[10.13069387755102,44.29175510204082],[10.13069387755102,44.30195918367347],[10.102775510204081,44.30195918367347],[10.102775510204081,44.29175510204082]]]},"properties":{"name":"Comano","op_id":"4535","minint_elettorale":"2090460050","minint_finloc":"3090460050","prov_name":"Massa-Carrara","prov_istat_code":"045","prov_istat_code_num":45,"prov_acr":"MS","reg_name":"Toscana","reg_istat_code":"09","reg_istat_code_num":9,"opdm_id":"4435","com_catasto_code":"C914","com_istat_code":"045005","com_istat_code_num":45005,"value":74.31536299577955,"_featureIdx":3,"_color":"#d0be39"}},{"type":"Feature","geometry":{"type":"Polygon","coordinates":[[[10.13069387755102,44.29175510204082],[10.158612244897958,44.29175510204082],[10.158612244897958,44.30195918367347],[10.13069387755102,44.30195918367347],[10.13069387755102,44.29175510204082]]]},"properties":{"name":"Comano","op_id":"4535","minint_elettorale":"2090460050","minint_finloc":"3090460050","prov_name":"Massa-Carrara","prov_istat_code":"045","prov_istat_code_num":45,"prov_acr":"MS","reg_name":"Toscana","reg_istat_code":"09","reg_istat_code_num":9,"opdm_id":"4435","com_catasto_code":"C914","com_istat_code":"045005","com_istat_code_num":45005,"value":74.31536299577955,"_featureIdx":3,"_color":"#d0be39"}},{"type":"Feature","geometry":{"type":"Polygon","coordinates":[[[10.15861224489796,44.29175510204082],[10.186530612244898,44.29175510204082],[10.186530612244898,44.30195918367347],[10.15861224489796,44.30195918367347],[10.15861224489796,44.29175510204082]]]},"properties":{"name":"Comano","op_id":"4535","minint_elettorale":"2090460050","minint_finloc":"3090460050","prov_name":"Massa-Carrara","prov_istat_code":"045","prov_istat_code_num":45,"prov_acr":"MS","reg_name":"Toscana","reg_istat_code":"09","reg_istat_code_num":9,"opdm_id":"4435","com_catasto_code":"C914","com_istat_code":"045005","com_istat_code_num":45005,"value":74.31536299577955,"_featureIdx":3,"_color":"#d0be39"}},{"type":"Feature","geometry":{"type":"Polygon","coordinates":[[[10.186530612244898,44.29175510204082],[10.214448979591836,44.29175510204082],[10.214448979591836,44.30195918367347],[10.186530612244898,44.30195918367347],[10.186530612244898,44.29175510204082]]]},"properties":{"name":"Fivizzano","op_id":"4537","minint_elettorale":"2090460070","minint_finloc":"3090460070","prov_name":"Massa-Carrara","prov_istat_code":"045","prov_istat_code_num":45,"prov_acr":"MS","reg_name":"Toscana","reg_istat_code":"09","reg_istat_code_num":9,"opdm_id":"4437","com_catasto_code":"D629","com_istat_code":"045007","com_istat_code_num":45007,"value":8.158620559420203,"_featureIdx":5,"_color":"#d0398b"}},{"type":"Feature","geometry":{"type":"Polygon","coordinates":[[[9.767755102040816,44.301959183673475],[9.795673469387754,44.301959183673475],[9.795673469387754,44.312163265306125],[9.767755102040816,44.312163265306125],[9.767755102040816,44.301959183673475]]]},"properties":{"name":"Zeri","minint_elettorale":"2090460170","op_id":"4547","minint_finloc":"3090460170","prov_name":"Massa-Carrara","prov_istat_code":"045","prov_istat_code_num":45,"prov_acr":"MS","reg_name":"Toscana","reg_istat_code":"09","reg_istat_code_num":9,"opdm_id":"4447","com_catasto_code":"M169","com_istat_code":"045017","com_istat_code_num":45017,"value":30.003159501209954,"_featureIdx":12,"_color":"#3984d0"}},{"type":"Feature","geometry":{"type":"Polygon","coordinates":[[[9.795673469387754,44.301959183673475],[9.823591836734693,44.301959183673475],[9.823591836734693,44.312163265306125],[9.795673469387754,44.312163265306125],[9.795673469387754,44.301959183673475]]]},"properties":{"name":"Zeri","minint_elettorale":"2090460170","op_id":"4547","minint_finloc":"3090460170","prov_name":"Massa-Carrara","prov_istat_code":"045","prov_istat_code_num":45,"prov_acr":"MS","reg_name":"Toscana","reg_istat_code":"09","reg_istat_code_num":9,"opdm_id":"4447","com_catasto_code":"M169","com_istat_code":"045017","com_istat_code_num":45017,"value":30.003159501209954,"_featureIdx":12,"_color":"#3984d0"}},{"type":"Feature","geometry":{"type":"Polygon","coordinates":[[[9.823591836734693,44.301959183673475],[9.851510204081631,44.301959183673475],[9.851510204081631,44.312163265306125],[9.823591836734693,44.312163265306125],[9.823591836734693,44.301959183673475]]]},"properties":{"name":"Mulazzo","op_id":"4542","minint_finloc":"3090460120","minint_elettorale":"2090460120","prov_name":"Massa-Carrara","prov_istat_code":"045","prov_istat_code_num":45,"prov_acr":"MS","reg_name":"Toscana","reg_istat_code":"09","reg_istat_code_num":9,"opdm_id":"4442","com_catasto_code":"F802","com_istat_code":"045012","com_istat_code_num":45012,"value":59.2875620426822,"_featureIdx":8,"_color":"#d06b39"}},{"type":"Feature","geometry":{"type":"Polygon","coordinates":[[[9.851510204081633,44.301959183673475],[9.879428571428571,44.301959183673475],[9.879428571428571,44.312163265306125],[9.851510204081633,44.312163265306125],[9.851510204081633,44.301959183673475]]]},"properties":{"name":"Mulazzo","op_id":"4542","minint_finloc":"3090460120","minint_elettorale":"2090460120","prov_name":"Massa-Carrara","prov_istat_code":"045","prov_istat_code_num":45,"prov_acr":"MS","reg_name":"Toscana","reg_istat_code":"09","reg_istat_code_num":9,"opdm_id":"4442","com_catasto_code":"F802","com_istat_code":"045012","com_istat_code_num":45012,"value":59.2875620426822,"_featureIdx":8,"_color":"#d06b39"}},{"type":"Feature","geometry":{"type":"Polygon","coordinates":[[[9.879428571428571,44.301959183673475],[9.90734693877551,44.301959183673475],[9.90734693877551,44.312163265306125],[9.879428571428571,44.312163265306125],[9.879428571428571,44.301959183673475]]]},"properties":{"name":"Mulazzo","op_id":"4542","minint_finloc":"3090460120","minint_elettorale":"2090460120","prov_name":"Massa-Carrara","prov_istat_code":"045","prov_istat_code_num":45,"prov_acr":"MS","reg_name":"Toscana","reg_istat_code":"09","reg_istat_code_num":9,"opdm_id":"4442","com_catasto_code":"F802","com_istat_code":"045012","com_istat_code_num":45012,"value":59.2875620426822,"_featureIdx":8,"_color":"#d06b39"}},{"type":"Feature","geometry":{"type":"Polygon","coordinates":[[[9.90734693877551,44.301959183673475],[9.935265306122448,44.301959183673475],[9.935265306122448,44.312163265306125],[9.90734693877551,44.312163265306125],[9.90734693877551,44.301959183673475]]]},"properties":{"name":"Mulazzo","op_id":"4542","minint_finloc":"3090460120","minint_elettorale":"2090460120","prov_name":"Massa-Carrara","prov_istat_code":"045","prov_istat_code_num":45,"prov_acr":"MS","reg_name":"Toscana","reg_istat_code":"09","reg_istat_code_num":9,"opdm_id":"4442","com_catasto_code":"F802","com_istat_code":"045012","com_istat_code_num":45012,"value":59.2875620426822,"_featureIdx":8,"_color":"#d06b39"}},{"type":"Feature","geometry":{"type":"Polygon","coordinates":[[[9.935265306122448,44.301959183673475],[9.963183673469386,44.301959183673475],[9.963183673469386,44.312163265306125],[9.935265306122448,44.312163265306125],[9.935265306122448,44.301959183673475]]]},"properties":{"name":"Villafranca in Lunigiana","minint_elettorale":"2090460160","minint_finloc":"3090460160","op_id":"4546","prov_name":"Massa-Carrara","prov_istat_code":"045","prov_istat_code_num":45,"prov_acr":"MS","reg_name":"Toscana","reg_istat_code":"09","reg_istat_code_num":9,"opdm_id":"4446","com_catasto_code":"L946","com_istat_code":"045016","com_istat_code_num":45016,"value":68.29761653792123,"_featureIdx":11,"_color":"#b1d039"}},{"type":"Feature","geometry":{"type":"Polygon","coordinates":[[[9.963183673469388,44.301959183673475],[9.991102040816326,44.301959183673475],[9.991102040816326,44.312163265306125],[9.963183673469388,44.312163265306125],[9.963183673469388,44.301959183673475]]]},"properties":{"name":"Villafranca in Lunigiana","minint_elettorale":"2090460160","minint_finloc":"3090460160","op_id":"4546","prov_name":"Massa-Carrara","prov_istat_code":"045","prov_istat_code_num":45,"prov_acr":"MS","reg_name":"Toscana","reg_istat_code":"09","reg_istat_code_num":9,"opdm_id":"4446","com_catasto_code":"L946","com_istat_code":"045016","com_istat_code_num":45016,"value":68.29761653792123,"_featureIdx":11,"_color":"#b1d039"}},{"type":"Feature","geometry":{"type":"Polygon","coordinates":[[[9.991102040816326,44.301959183673475],[10.019020408163264,44.301959183673475],[10.019020408163264,44.312163265306125],[9.991102040816326,44.312163265306125],[9.991102040816326,44.301959183673475]]]},"properties":{"name":"Bagnone","op_id":"4532","minint_elettorale":"2090460020","minint_finloc":"3090460020","prov_name":"Massa-Carrara","prov_istat_code":"045","prov_istat_code_num":45,"prov_acr":"MS","reg_name":"Toscana","reg_istat_code":"09","reg_istat_code_num":9,"opdm_id":"4432","com_catasto_code":"A576","com_istat_code":"045002","com_istat_code_num":45002,"value":89.5085181250714,"_featureIdx":1,"_color":"#39d065"}},{"type":"Feature","geometry":{"type":"Polygon","coordinates":[[[10.019020408163264,44.301959183673475],[10.046938775510203,44.301959183673475],[10.046938775510203,44.312163265306125],[10.019020408163264,44.312163265306125],[10.019020408163264,44.301959183673475]]]},"properties":{"name":"Bagnone","op_id":"4532","minint_elettorale":"2090460020","minint_finloc":"3090460020","prov_name":"Massa-Carrara","prov_istat_code":"045","prov_istat_code_num":45,"prov_acr":"MS","reg_name":"Toscana","reg_istat_code":"09","reg_istat_code_num":9,"opdm_id":"4432","com_catasto_code":"A576","com_istat_code":"045002","com_istat_code_num":45002,"value":89.5085181250714,"_featureIdx":1,"_color":"#39d065"}},{"type":"Feature","geometry":{"type":"Polygon","coordinates":[[[10.046938775510203,44.301959183673475],[10.074857142857141,44.301959183673475],[10.074857142857141,44.312163265306125],[10.046938775510203,44.312163265306125],[10.046938775510203,44.301959183673475]]]},"properties":{"name":"Licciana Nardi","minint_elettorale":"2090460090","minint_finloc":"3090460090","op_id":"4539","prov_name":"Massa-Carrara","prov_istat_code":"045","prov_istat_code_num":45,"prov_acr":"MS","reg_name":"Toscana","reg_istat_code":"09","reg_istat_code_num":9,"opdm_id":"4439","com_catasto_code":"E574","com_istat_code":"045009","com_istat_code_num":45009,"value":75.02613607798992,"_featureIdx":7,"_color":"#3f39d0"}},{"type":"Feature","geometry":{"type":"Polygon","coordinates":[[[10.074857142857143,44.301959183673475],[10.102775510204081,44.301959183673475],[10.102775510204081,44.312163265306125],[10.074857142857143,44.312163265306125],[10.074857142857143,44.301959183673475]]]},"properties":{"name":"Comano","op_id":"4535","minint_elettorale":"2090460050","minint_finloc":"3090460050","prov_name":"Massa-Carrara","prov_istat_code":"045","prov_istat_code_num":45,"prov_acr":"MS","reg_name":"Toscana","reg_istat_code":"09","reg_istat_code_num":9,"opdm_id":"4435","com_catasto_code":"C914","com_istat_code":"045005","com_istat_code_num":45005,"value":74.31536299577955,"_featureIdx":3,"_color":"#d0be39"}},{"type":"Feature","geometry":{"type":"Polygon","coordinates":[[[10.102775510204081,44.301959183673475],[10.13069387755102,44.301959183673475],[10.13069387755102,44.312163265306125],[10.102775510204081,44.312163265306125],[10.102775510204081,44.301959183673475]]]},"properties":{"name":"Comano","op_id":"4535","minint_elettorale":"2090460050","minint_finloc":"3090460050","prov_name":"Massa-Carrara","prov_istat_code":"045","prov_istat_code_num":45,"prov_acr":"MS","reg_name":"Toscana","reg_istat_code":"09","reg_istat_code_num":9,"opdm_id":"4435","com_catasto_code":"C914","com_istat_code":"045005","com_istat_code_num":45005,"value":74.31536299577955,"_featureIdx":3,"_color":"#d0be39"}},{"type":"Feature","geometry":{"type":"Polygon","coordinates":[[[10.13069387755102,44.301959183673475],[10.158612244897958,44.301959183673475],[10.158612244897958,44.312163265306125],[10.13069387755102,44.312163265306125],[10.13069387755102,44.301959183673475]]]},"properties":{"name":"Comano","op_id":"4535","minint_elettorale":"2090460050","minint_finloc":"3090460050","prov_name":"Massa-Carrara","prov_istat_code":"045","prov_istat_code_num":45,"prov_acr":"MS","reg_name":"Toscana","reg_istat_code":"09","reg_istat_code_num":9,"opdm_id":"4435","com_catasto_code":"C914","com_istat_code":"045005","com_istat_code_num":45005,"value":74.31536299577955,"_featureIdx":3,"_color":"#d0be39"}},{"type":"Feature","geometry":{"type":"Polygon","coordinates":[[[10.15861224489796,44.301959183673475],[10.186530612244898,44.301959183673475],[10.186530612244898,44.312163265306125],[10.15861224489796,44.312163265306125],[10.15861224489796,44.301959183673475]]]},"properties":{"name":"Comano","op_id":"4535","minint_elettorale":"2090460050","minint_finloc":"3090460050","prov_name":"Massa-Carrara","prov_istat_code":"045","prov_istat_code_num":45,"prov_acr":"MS","reg_name":"Toscana","reg_istat_code":"09","reg_istat_code_num":9,"opdm_id":"4435","com_catasto_code":"C914","com_istat_code":"045005","com_istat_code_num":45005,"value":74.31536299577955,"_featureIdx":3,"_color":"#d0be39"}},{"type":"Feature","geometry":{"type":"Polygon","coordinates":[[[10.186530612244898,44.301959183673475],[10.214448979591836,44.301959183673475],[10.214448979591836,44.312163265306125],[10.186530612244898,44.312163265306125],[10.186530612244898,44.301959183673475]]]},"properties":{"name":"Fivizzano","op_id":"4537","minint_elettorale":"2090460070","minint_finloc":"3090460070","prov_name":"Massa-Carrara","prov_istat_code":"045","prov_istat_code_num":45,"prov_acr":"MS","reg_name":"Toscana","reg_istat_code":"09","reg_istat_code_num":9,"opdm_id":"4437","com_catasto_code":"D629","com_istat_code":"045007","com_istat_code_num":45007,"value":8.158620559420203,"_featureIdx":5,"_color":"#d0398b"}},{"type":"Feature","geometry":{"type":"Polygon","coordinates":[[[9.767755102040816,44.312163265306125],[9.795673469387754,44.312163265306125],[9.795673469387754,44.322367346938776],[9.767755102040816,44.322367346938776],[9.767755102040816,44.312163265306125]]]},"properties":{"name":"Zeri","minint_elettorale":"2090460170","op_id":"4547","minint_finloc":"3090460170","prov_name":"Massa-Carrara","prov_istat_code":"045","prov_istat_code_num":45,"prov_acr":"MS","reg_name":"Toscana","reg_istat_code":"09","reg_istat_code_num":9,"opdm_id":"4447","com_catasto_code":"M169","com_istat_code":"045017","com_istat_code_num":45017,"value":30.003159501209954,"_featureIdx":12,"_color":"#3984d0"}},{"type":"Feature","geometry":{"type":"Polygon","coordinates":[[[9.795673469387754,44.312163265306125],[9.823591836734693,44.312163265306125],[9.823591836734693,44.322367346938776],[9.795673469387754,44.322367346938776],[9.795673469387754,44.312163265306125]]]},"properties":{"name":"Zeri","minint_elettorale":"2090460170","op_id":"4547","minint_finloc":"3090460170","prov_name":"Massa-Carrara","prov_istat_code":"045","prov_istat_code_num":45,"prov_acr":"MS","reg_name":"Toscana","reg_istat_code":"09","reg_istat_code_num":9,"opdm_id":"4447","com_catasto_code":"M169","com_istat_code":"045017","com_istat_code_num":45017,"value":30.003159501209954,"_featureIdx":12,"_color":"#3984d0"}},{"type":"Feature","geometry":{"type":"Polygon","coordinates":[[[9.823591836734693,44.312163265306125],[9.851510204081631,44.312163265306125],[9.851510204081631,44.322367346938776],[9.823591836734693,44.322367346938776],[9.823591836734693,44.312163265306125]]]},"properties":{"name":"Mulazzo","op_id":"4542","minint_finloc":"3090460120","minint_elettorale":"2090460120","prov_name":"Massa-Carrara","prov_istat_code":"045","prov_istat_code_num":45,"prov_acr":"MS","reg_name":"Toscana","reg_istat_code":"09","reg_istat_code_num":9,"opdm_id":"4442","com_catasto_code":"F802","com_istat_code":"045012","com_istat_code_num":45012,"value":59.2875620426822,"_featureIdx":8,"_color":"#d06b39"}},{"type":"Feature","geometry":{"type":"Polygon","coordinates":[[[9.851510204081633,44.312163265306125],[9.879428571428571,44.312163265306125],[9.879428571428571,44.322367346938776],[9.851510204081633,44.322367346938776],[9.851510204081633,44.312163265306125]]]},"properties":{"name":"Mulazzo","op_id":"4542","minint_finloc":"3090460120","minint_elettorale":"2090460120","prov_name":"Massa-Carrara","prov_istat_code":"045","prov_istat_code_num":45,"prov_acr":"MS","reg_name":"Toscana","reg_istat_code":"09","reg_istat_code_num":9,"opdm_id":"4442","com_catasto_code":"F802","com_istat_code":"045012","com_istat_code_num":45012,"value":59.2875620426822,"_featureIdx":8,"_color":"#d06b39"}},{"type":"Feature","geometry":{"type":"Polygon","coordinates":[[[9.879428571428571,44.312163265306125],[9.90734693877551,44.312163265306125],[9.90734693877551,44.322367346938776],[9.879428571428571,44.322367346938776],[9.879428571428571,44.312163265306125]]]},"properties":{"name":"Mulazzo","op_id":"4542","minint_finloc":"3090460120","minint_elettorale":"2090460120","prov_name":"Massa-Carrara","prov_istat_code":"045","prov_istat_code_num":45,"prov_acr":"MS","reg_name":"Toscana","reg_istat_code":"09","reg_istat_code_num":9,"opdm_id":"4442","com_catasto_code":"F802","com_istat_code":"045012","com_istat_code_num":45012,"value":59.2875620426822,"_featureIdx":8,"_color":"#d06b39"}},{"type":"Feature","geometry":{"type":"Polygon","coordinates":[[[9.90734693877551,44.312163265306125],[9.935265306122448,44.312163265306125],[9.935265306122448,44.322367346938776],[9.90734693877551,44.322367346938776],[9.90734693877551,44.312163265306125]]]},"properties":{"name":"Mulazzo","op_id":"4542","minint_finloc":"3090460120","minint_elettorale":"2090460120","prov_name":"Massa-Carrara","prov_istat_code":"045","prov_istat_code_num":45,"prov_acr":"MS","reg_name":"Toscana","reg_istat_code":"09","reg_istat_code_num":9,"opdm_id":"4442","com_catasto_code":"F802","com_istat_code":"045012","com_istat_code_num":45012,"value":59.2875620426822,"_featureIdx":8,"_color":"#d06b39"}},{"type":"Feature","geometry":{"type":"Polygon","coordinates":[[[9.935265306122448,44.312163265306125],[9.963183673469386,44.312163265306125],[9.963183673469386,44.322367346938776],[9.935265306122448,44.322367346938776],[9.935265306122448,44.312163265306125]]]},"properties":{"name":"Villafranca in Lunigiana","minint_elettorale":"2090460160","minint_finloc":"3090460160","op_id":"4546","prov_name":"Massa-Carrara","prov_istat_code":"045","prov_istat_code_num":45,"prov_acr":"MS","reg_name":"Toscana","reg_istat_code":"09","reg_istat_code_num":9,"opdm_id":"4446","com_catasto_code":"L946","com_istat_code":"045016","com_istat_code_num":45016,"value":68.29761653792123,"_featureIdx":11,"_color":"#b1d039"}},{"type":"Feature","geometry":{"type":"Polygon","coordinates":[[[9.963183673469388,44.312163265306125],[9.991102040816326,44.312163265306125],[9.991102040816326,44.322367346938776],[9.963183673469388,44.322367346938776],[9.963183673469388,44.312163265306125]]]},"properties":{"name":"Bagnone","op_id":"4532","minint_elettorale":"2090460020","minint_finloc":"3090460020","prov_name":"Massa-Carrara","prov_istat_code":"045","prov_istat_code_num":45,"prov_acr":"MS","reg_name":"Toscana","reg_istat_code":"09","reg_istat_code_num":9,"opdm_id":"4432","com_catasto_code":"A576","com_istat_code":"045002","com_istat_code_num":45002,"value":89.5085181250714,"_featureIdx":1,"_color":"#39d065"}},{"type":"Feature","geometry":{"type":"Polygon","coordinates":[[[9.991102040816326,44.312163265306125],[10.019020408163264,44.312163265306125],[10.019020408163264,44.322367346938776],[9.991102040816326,44.322367346938776],[9.991102040816326,44.312163265306125]]]},"properties":{"name":"Bagnone","op_id":"4532","minint_elettorale":"2090460020","minint_finloc":"3090460020","prov_name":"Massa-Carrara","prov_istat_code":"045","prov_istat_code_num":45,"prov_acr":"MS","reg_name":"Toscana","reg_istat_code":"09","reg_istat_code_num":9,"opdm_id":"4432","com_catasto_code":"A576","com_istat_code":"045002","com_istat_code_num":45002,"value":89.5085181250714,"_featureIdx":1,"_color":"#39d065"}},{"type":"Feature","geometry":{"type":"Polygon","coordinates":[[[10.019020408163264,44.312163265306125],[10.046938775510203,44.312163265306125],[10.046938775510203,44.322367346938776],[10.019020408163264,44.322367346938776],[10.019020408163264,44.312163265306125]]]},"properties":{"name":"Bagnone","op_id":"4532","minint_elettorale":"2090460020","minint_finloc":"3090460020","prov_name":"Massa-Carrara","prov_istat_code":"045","prov_istat_code_num":45,"prov_acr":"MS","reg_name":"Toscana","reg_istat_code":"09","reg_istat_code_num":9,"opdm_id":"4432","com_catasto_code":"A576","com_istat_code":"045002","com_istat_code_num":45002,"value":89.5085181250714,"_featureIdx":1,"_color":"#39d065"}},{"type":"Feature","geometry":{"type":"Polygon","coordinates":[[[10.046938775510203,44.312163265306125],[10.074857142857141,44.312163265306125],[10.074857142857141,44.322367346938776],[10.046938775510203,44.322367346938776],[10.046938775510203,44.312163265306125]]]},"properties":{"name":"Licciana Nardi","minint_elettorale":"2090460090","minint_finloc":"3090460090","op_id":"4539","prov_name":"Massa-Carrara","prov_istat_code":"045","prov_istat_code_num":45,"prov_acr":"MS","reg_name":"Toscana","reg_istat_code":"09","reg_istat_code_num":9,"opdm_id":"4439","com_catasto_code":"E574","com_istat_code":"045009","com_istat_code_num":45009,"value":75.02613607798992,"_featureIdx":7,"_color":"#3f39d0"}},{"type":"Feature","geometry":{"type":"Polygon","coordinates":[[[10.074857142857143,44.312163265306125],[10.102775510204081,44.312163265306125],[10.102775510204081,44.322367346938776],[10.074857142857143,44.322367346938776],[10.074857142857143,44.312163265306125]]]},"properties":{"name":"Licciana Nardi","minint_elettorale":"2090460090","minint_finloc":"3090460090","op_id":"4539","prov_name":"Massa-Carrara","prov_istat_code":"045","prov_istat_code_num":45,"prov_acr":"MS","reg_name":"Toscana","reg_istat_code":"09","reg_istat_code_num":9,"opdm_id":"4439","com_catasto_code":"E574","com_istat_code":"045009","com_istat_code_num":45009,"value":75.02613607798992,"_featureIdx":7,"_color":"#3f39d0"}},{"type":"Feature","geometry":{"type":"Polygon","coordinates":[[[10.102775510204081,44.312163265306125],[10.13069387755102,44.312163265306125],[10.13069387755102,44.322367346938776],[10.102775510204081,44.322367346938776],[10.102775510204081,44.312163265306125]]]},"properties":{"name":"Comano","op_id":"4535","minint_elettorale":"2090460050","minint_finloc":"3090460050","prov_name":"Massa-Carrara","prov_istat_code":"045","prov_istat_code_num":45,"prov_acr":"MS","reg_name":"Toscana","reg_istat_code":"09","reg_istat_code_num":9,"opdm_id":"4435","com_catasto_code":"C914","com_istat_code":"045005","com_istat_code_num":45005,"value":74.31536299577955,"_featureIdx":3,"_color":"#d0be39"}},{"type":"Feature","geometry":{"type":"Polygon","coordinates":[[[10.13069387755102,44.312163265306125],[10.158612244897958,44.312163265306125],[10.158612244897958,44.322367346938776],[10.13069387755102,44.322367346938776],[10.13069387755102,44.312163265306125]]]},"properties":{"name":"Comano","op_id":"4535","minint_elettorale":"2090460050","minint_finloc":"3090460050","prov_name":"Massa-Carrara","prov_istat_code":"045","prov_istat_code_num":45,"prov_acr":"MS","reg_name":"Toscana","reg_istat_code":"09","reg_istat_code_num":9,"opdm_id":"4435","com_catasto_code":"C914","com_istat_code":"045005","com_istat_code_num":45005,"value":74.31536299577955,"_featureIdx":3,"_color":"#d0be39"}},{"type":"Feature","geometry":{"type":"Polygon","coordinates":[[[10.15861224489796,44.312163265306125],[10.186530612244898,44.312163265306125],[10.186530612244898,44.322367346938776],[10.15861224489796,44.322367346938776],[10.15861224489796,44.312163265306125]]]},"properties":{"name":"Comano","op_id":"4535","minint_elettorale":"2090460050","minint_finloc":"3090460050","prov_name":"Massa-Carrara","prov_istat_code":"045","prov_istat_code_num":45,"prov_acr":"MS","reg_name":"Toscana","reg_istat_code":"09","reg_istat_code_num":9,"opdm_id":"4435","com_catasto_code":"C914","com_istat_code":"045005","com_istat_code_num":45005,"value":74.31536299577955,"_featureIdx":3,"_color":"#d0be39"}},{"type":"Feature","geometry":{"type":"Polygon","coordinates":[[[9.739836734693878,44.322367346938776],[9.767755102040816,44.322367346938776],[9.767755102040816,44.33257142857143],[9.739836734693878,44.33257142857143],[9.739836734693878,44.322367346938776]]]},"properties":{"name":"Zeri","minint_elettorale":"2090460170","op_id":"4547","minint_finloc":"3090460170","prov_name":"Massa-Carrara","prov_istat_code":"045","prov_istat_code_num":45,"prov_acr":"MS","reg_name":"Toscana","reg_istat_code":"09","reg_istat_code_num":9,"opdm_id":"4447","com_catasto_code":"M169","com_istat_code":"045017","com_istat_code_num":45017,"value":30.003159501209954,"_featureIdx":12,"_color":"#3984d0"}},{"type":"Feature","geometry":{"type":"Polygon","coordinates":[[[9.767755102040816,44.322367346938776],[9.795673469387754,44.322367346938776],[9.795673469387754,44.33257142857143],[9.767755102040816,44.33257142857143],[9.767755102040816,44.322367346938776]]]},"properties":{"name":"Zeri","minint_elettorale":"2090460170","op_id":"4547","minint_finloc":"3090460170","prov_name":"Massa-Carrara","prov_istat_code":"045","prov_istat_code_num":45,"prov_acr":"MS","reg_name":"Toscana","reg_istat_code":"09","reg_istat_code_num":9,"opdm_id":"4447","com_catasto_code":"M169","com_istat_code":"045017","com_istat_code_num":45017,"value":30.003159501209954,"_featureIdx":12,"_color":"#3984d0"}},{"type":"Feature","geometry":{"type":"Polygon","coordinates":[[[9.795673469387754,44.322367346938776],[9.823591836734693,44.322367346938776],[9.823591836734693,44.33257142857143],[9.795673469387754,44.33257142857143],[9.795673469387754,44.322367346938776]]]},"properties":{"name":"Zeri","minint_elettorale":"2090460170","op_id":"4547","minint_finloc":"3090460170","prov_name":"Massa-Carrara","prov_istat_code":"045","prov_istat_code_num":45,"prov_acr":"MS","reg_name":"Toscana","reg_istat_code":"09","reg_istat_code_num":9,"opdm_id":"4447","com_catasto_code":"M169","com_istat_code":"045017","com_istat_code_num":45017,"value":30.003159501209954,"_featureIdx":12,"_color":"#3984d0"}},{"type":"Feature","geometry":{"type":"Polygon","coordinates":[[[9.851510204081633,44.322367346938776],[9.879428571428571,44.322367346938776],[9.879428571428571,44.33257142857143],[9.851510204081633,44.33257142857143],[9.851510204081633,44.322367346938776]]]},"properties":{"name":"Mulazzo","op_id":"4542","minint_finloc":"3090460120","minint_elettorale":"2090460120","prov_name":"Massa-Carrara","prov_istat_code":"045","prov_istat_code_num":45,"prov_acr":"MS","reg_name":"Toscana","reg_istat_code":"09","reg_istat_code_num":9,"opdm_id":"4442","com_catasto_code":"F802","com_istat_code":"045012","com_istat_code_num":45012,"value":59.2875620426822,"_featureIdx":8,"_color":"#d06b39"}},{"type":"Feature","geometry":{"type":"Polygon","coordinates":[[[9.879428571428571,44.322367346938776],[9.90734693877551,44.322367346938776],[9.90734693877551,44.33257142857143],[9.879428571428571,44.33257142857143],[9.879428571428571,44.322367346938776]]]},"properties":{"name":"Mulazzo","op_id":"4542","minint_finloc":"3090460120","minint_elettorale":"2090460120","prov_name":"Massa-Carrara","prov_istat_code":"045","prov_istat_code_num":45,"prov_acr":"MS","reg_name":"Toscana","reg_istat_code":"09","reg_istat_code_num":9,"opdm_id":"4442","com_catasto_code":"F802","com_istat_code":"045012","com_istat_code_num":45012,"value":59.2875620426822,"_featureIdx":8,"_color":"#d06b39"}},{"type":"Feature","geometry":{"type":"Polygon","coordinates":[[[9.90734693877551,44.322367346938776],[9.935265306122448,44.322367346938776],[9.935265306122448,44.33257142857143],[9.90734693877551,44.33257142857143],[9.90734693877551,44.322367346938776]]]},"properties":{"name":"Filattiera","op_id":"4536","minint_finloc":"3090460060","minint_elettorale":"2090460060","prov_name":"Massa-Carrara","prov_istat_code":"045","prov_istat_code_num":45,"prov_acr":"MS","reg_name":"Toscana","reg_istat_code":"09","reg_istat_code_num":9,"opdm_id":"4436","com_catasto_code":"D590","com_istat_code":"045006","com_istat_code_num":45006,"value":35.08134216743127,"_featureIdx":4,"_color":"#39b7d0"}},{"type":"Feature","geometry":{"type":"Polygon","coordinates":[[[9.935265306122448,44.322367346938776],[9.963183673469386,44.322367346938776],[9.963183673469386,44.33257142857143],[9.935265306122448,44.33257142857143],[9.935265306122448,44.322367346938776]]]},"properties":{"name":"Villafranca in Lunigiana","minint_elettorale":"2090460160","minint_finloc":"3090460160","op_id":"4546","prov_name":"Massa-Carrara","prov_istat_code":"045","prov_istat_code_num":45,"prov_acr":"MS","reg_name":"Toscana","reg_istat_code":"09","reg_istat_code_num":9,"opdm_id":"4446","com_catasto_code":"L946","com_istat_code":"045016","com_istat_code_num":45016,"value":68.29761653792123,"_featureIdx":11,"_color":"#b1d039"}},{"type":"Feature","geometry":{"type":"Polygon","coordinates":[[[9.963183673469388,44.322367346938776],[9.991102040816326,44.322367346938776],[9.991102040816326,44.33257142857143],[9.963183673469388,44.33257142857143],[9.963183673469388,44.322367346938776]]]},"properties":{"name":"Bagnone","op_id":"4532","minint_elettorale":"2090460020","minint_finloc":"3090460020","prov_name":"Massa-Carrara","prov_istat_code":"045","prov_istat_code_num":45,"prov_acr":"MS","reg_name":"Toscana","reg_istat_code":"09","reg_istat_code_num":9,"opdm_id":"4432","com_catasto_code":"A576","com_istat_code":"045002","com_istat_code_num":45002,"value":89.5085181250714,"_featureIdx":1,"_color":"#39d065"}},{"type":"Feature","geometry":{"type":"Polygon","coordinates":[[[9.991102040816326,44.322367346938776],[10.019020408163264,44.322367346938776],[10.019020408163264,44.33257142857143],[9.991102040816326,44.33257142857143],[9.991102040816326,44.322367346938776]]]},"properties":{"name":"Bagnone","op_id":"4532","minint_elettorale":"2090460020","minint_finloc":"3090460020","prov_name":"Massa-Carrara","prov_istat_code":"045","prov_istat_code_num":45,"prov_acr":"MS","reg_name":"Toscana","reg_istat_code":"09","reg_istat_code_num":9,"opdm_id":"4432","com_catasto_code":"A576","com_istat_code":"045002","com_istat_code_num":45002,"value":89.5085181250714,"_featureIdx":1,"_color":"#39d065"}},{"type":"Feature","geometry":{"type":"Polygon","coordinates":[[[10.019020408163264,44.322367346938776],[10.046938775510203,44.322367346938776],[10.046938775510203,44.33257142857143],[10.019020408163264,44.33257142857143],[10.019020408163264,44.322367346938776]]]},"properties":{"name":"Bagnone","op_id":"4532","minint_elettorale":"2090460020","minint_finloc":"3090460020","prov_name":"Massa-Carrara","prov_istat_code":"045","prov_istat_code_num":45,"prov_acr":"MS","reg_name":"Toscana","reg_istat_code":"09","reg_istat_code_num":9,"opdm_id":"4432","com_catasto_code":"A576","com_istat_code":"045002","com_istat_code_num":45002,"value":89.5085181250714,"_featureIdx":1,"_color":"#39d065"}},{"type":"Feature","geometry":{"type":"Polygon","coordinates":[[[10.046938775510203,44.322367346938776],[10.074857142857141,44.322367346938776],[10.074857142857141,44.33257142857143],[10.046938775510203,44.33257142857143],[10.046938775510203,44.322367346938776]]]},"properties":{"name":"Bagnone","op_id":"4532","minint_elettorale":"2090460020","minint_finloc":"3090460020","prov_name":"Massa-Carrara","prov_istat_code":"045","prov_istat_code_num":45,"prov_acr":"MS","reg_name":"Toscana","reg_istat_code":"09","reg_istat_code_num":9,"opdm_id":"4432","com_catasto_code":"A576","com_istat_code":"045002","com_istat_code_num":45002,"value":89.5085181250714,"_featureIdx":1,"_color":"#39d065"}},{"type":"Feature","geometry":{"type":"Polygon","coordinates":[[[10.074857142857143,44.322367346938776],[10.102775510204081,44.322367346938776],[10.102775510204081,44.33257142857143],[10.074857142857143,44.33257142857143],[10.074857142857143,44.322367346938776]]]},"properties":{"name":"Licciana Nardi","minint_elettorale":"2090460090","minint_finloc":"3090460090","op_id":"4539","prov_name":"Massa-Carrara","prov_istat_code":"045","prov_istat_code_num":45,"prov_acr":"MS","reg_name":"Toscana","reg_istat_code":"09","reg_istat_code_num":9,"opdm_id":"4439","com_catasto_code":"E574","com_istat_code":"045009","com_istat_code_num":45009,"value":75.02613607798992,"_featureIdx":7,"_color":"#3f39d0"}},{"type":"Feature","geometry":{"type":"Polygon","coordinates":[[[10.102775510204081,44.322367346938776],[10.13069387755102,44.322367346938776],[10.13069387755102,44.33257142857143],[10.102775510204081,44.33257142857143],[10.102775510204081,44.322367346938776]]]},"properties":{"name":"Comano","op_id":"4535","minint_elettorale":"2090460050","minint_finloc":"3090460050","prov_name":"Massa-Carrara","prov_istat_code":"045","prov_istat_code_num":45,"prov_acr":"MS","reg_name":"Toscana","reg_istat_code":"09","reg_istat_code_num":9,"opdm_id":"4435","com_catasto_code":"C914","com_istat_code":"045005","com_istat_code_num":45005,"value":74.31536299577955,"_featureIdx":3,"_color":"#d0be39"}},{"type":"Feature","geometry":{"type":"Polygon","coordinates":[[[10.13069387755102,44.322367346938776],[10.158612244897958,44.322367346938776],[10.158612244897958,44.33257142857143],[10.13069387755102,44.33257142857143],[10.13069387755102,44.322367346938776]]]},"properties":{"name":"Comano","op_id":"4535","minint_elettorale":"2090460050","minint_finloc":"3090460050","prov_name":"Massa-Carrara","prov_istat_code":"045","prov_istat_code_num":45,"prov_acr":"MS","reg_name":"Toscana","reg_istat_code":"09","reg_istat_code_num":9,"opdm_id":"4435","com_catasto_code":"C914","com_istat_code":"045005","com_istat_code_num":45005,"value":74.31536299577955,"_featureIdx":3,"_color":"#d0be39"}},{"type":"Feature","geometry":{"type":"Polygon","coordinates":[[[10.15861224489796,44.322367346938776],[10.186530612244898,44.322367346938776],[10.186530612244898,44.33257142857143],[10.15861224489796,44.33257142857143],[10.15861224489796,44.322367346938776]]]},"properties":{"name":"Comano","op_id":"4535","minint_elettorale":"2090460050","minint_finloc":"3090460050","prov_name":"Massa-Carrara","prov_istat_code":"045","prov_istat_code_num":45,"prov_acr":"MS","reg_name":"Toscana","reg_istat_code":"09","reg_istat_code_num":9,"opdm_id":"4435","com_catasto_code":"C914","com_istat_code":"045005","com_istat_code_num":45005,"value":74.31536299577955,"_featureIdx":3,"_color":"#d0be39"}},{"type":"Feature","geometry":{"type":"Polygon","coordinates":[[[9.711918367346938,44.332571428571434],[9.739836734693876,44.332571428571434],[9.739836734693876,44.342775510204085],[9.711918367346938,44.342775510204085],[9.711918367346938,44.332571428571434]]]},"properties":{"name":"Zeri","minint_elettorale":"2090460170","op_id":"4547","minint_finloc":"3090460170","prov_name":"Massa-Carrara","prov_istat_code":"045","prov_istat_code_num":45,"prov_acr":"MS","reg_name":"Toscana","reg_istat_code":"09","reg_istat_code_num":9,"opdm_id":"4447","com_catasto_code":"M169","com_istat_code":"045017","com_istat_code_num":45017,"value":30.003159501209954,"_featureIdx":12,"_color":"#3984d0"}},{"type":"Feature","geometry":{"type":"Polygon","coordinates":[[[9.739836734693878,44.332571428571434],[9.767755102040816,44.332571428571434],[9.767755102040816,44.342775510204085],[9.739836734693878,44.342775510204085],[9.739836734693878,44.332571428571434]]]},"properties":{"name":"Zeri","minint_elettorale":"2090460170","op_id":"4547","minint_finloc":"3090460170","prov_name":"Massa-Carrara","prov_istat_code":"045","prov_istat_code_num":45,"prov_acr":"MS","reg_name":"Toscana","reg_istat_code":"09","reg_istat_code_num":9,"opdm_id":"4447","com_catasto_code":"M169","com_istat_code":"045017","com_istat_code_num":45017,"value":30.003159501209954,"_featureIdx":12,"_color":"#3984d0"}},{"type":"Feature","geometry":{"type":"Polygon","coordinates":[[[9.767755102040816,44.332571428571434],[9.795673469387754,44.332571428571434],[9.795673469387754,44.342775510204085],[9.767755102040816,44.342775510204085],[9.767755102040816,44.332571428571434]]]},"properties":{"name":"Zeri","minint_elettorale":"2090460170","op_id":"4547","minint_finloc":"3090460170","prov_name":"Massa-Carrara","prov_istat_code":"045","prov_istat_code_num":45,"prov_acr":"MS","reg_name":"Toscana","reg_istat_code":"09","reg_istat_code_num":9,"opdm_id":"4447","com_catasto_code":"M169","com_istat_code":"045017","com_istat_code_num":45017,"value":30.003159501209954,"_featureIdx":12,"_color":"#3984d0"}},{"type":"Feature","geometry":{"type":"Polygon","coordinates":[[[9.795673469387754,44.332571428571434],[9.823591836734693,44.332571428571434],[9.823591836734693,44.342775510204085],[9.795673469387754,44.342775510204085],[9.795673469387754,44.332571428571434]]]},"properties":{"name":"Zeri","minint_elettorale":"2090460170","op_id":"4547","minint_finloc":"3090460170","prov_name":"Massa-Carrara","prov_istat_code":"045","prov_istat_code_num":45,"prov_acr":"MS","reg_name":"Toscana","reg_istat_code":"09","reg_istat_code_num":9,"opdm_id":"4447","com_catasto_code":"M169","com_istat_code":"045017","com_istat_code_num":45017,"value":30.003159501209954,"_featureIdx":12,"_color":"#3984d0"}},{"type":"Feature","geometry":{"type":"Polygon","coordinates":[[[9.851510204081633,44.332571428571434],[9.879428571428571,44.332571428571434],[9.879428571428571,44.342775510204085],[9.851510204081633,44.342775510204085],[9.851510204081633,44.332571428571434]]]},"properties":{"name":"Mulazzo","op_id":"4542","minint_finloc":"3090460120","minint_elettorale":"2090460120","prov_name":"Massa-Carrara","prov_istat_code":"045","prov_istat_code_num":45,"prov_acr":"MS","reg_name":"Toscana","reg_istat_code":"09","reg_istat_code_num":9,"opdm_id":"4442","com_catasto_code":"F802","com_istat_code":"045012","com_istat_code_num":45012,"value":59.2875620426822,"_featureIdx":8,"_color":"#d06b39"}},{"type":"Feature","geometry":{"type":"Polygon","coordinates":[[[9.879428571428571,44.332571428571434],[9.90734693877551,44.332571428571434],[9.90734693877551,44.342775510204085],[9.879428571428571,44.342775510204085],[9.879428571428571,44.332571428571434]]]},"properties":{"name":"Mulazzo","op_id":"4542","minint_finloc":"3090460120","minint_elettorale":"2090460120","prov_name":"Massa-Carrara","prov_istat_code":"045","prov_istat_code_num":45,"prov_acr":"MS","reg_name":"Toscana","reg_istat_code":"09","reg_istat_code_num":9,"opdm_id":"4442","com_catasto_code":"F802","com_istat_code":"045012","com_istat_code_num":45012,"value":59.2875620426822,"_featureIdx":8,"_color":"#d06b39"}},{"type":"Feature","geometry":{"type":"Polygon","coordinates":[[[9.90734693877551,44.332571428571434],[9.935265306122448,44.332571428571434],[9.935265306122448,44.342775510204085],[9.90734693877551,44.342775510204085],[9.90734693877551,44.332571428571434]]]},"properties":{"name":"Filattiera","op_id":"4536","minint_finloc":"3090460060","minint_elettorale":"2090460060","prov_name":"Massa-Carrara","prov_istat_code":"045","prov_istat_code_num":45,"prov_acr":"MS","reg_name":"Toscana","reg_istat_code":"09","reg_istat_code_num":9,"opdm_id":"4436","com_catasto_code":"D590","com_istat_code":"045006","com_istat_code_num":45006,"value":35.08134216743127,"_featureIdx":4,"_color":"#39b7d0"}},{"type":"Feature","geometry":{"type":"Polygon","coordinates":[[[9.935265306122448,44.332571428571434],[9.963183673469386,44.332571428571434],[9.963183673469386,44.342775510204085],[9.935265306122448,44.342775510204085],[9.935265306122448,44.332571428571434]]]},"properties":{"name":"Villafranca in Lunigiana","minint_elettorale":"2090460160","minint_finloc":"3090460160","op_id":"4546","prov_name":"Massa-Carrara","prov_istat_code":"045","prov_istat_code_num":45,"prov_acr":"MS","reg_name":"Toscana","reg_istat_code":"09","reg_istat_code_num":9,"opdm_id":"4446","com_catasto_code":"L946","com_istat_code":"045016","com_istat_code_num":45016,"value":68.29761653792123,"_featureIdx":11,"_color":"#b1d039"}},{"type":"Feature","geometry":{"type":"Polygon","coordinates":[[[9.963183673469388,44.332571428571434],[9.991102040816326,44.332571428571434],[9.991102040816326,44.342775510204085],[9.963183673469388,44.342775510204085],[9.963183673469388,44.332571428571434]]]},"properties":{"name":"Bagnone","op_id":"4532","minint_elettorale":"2090460020","minint_finloc":"3090460020","prov_name":"Massa-Carrara","prov_istat_code":"045","prov_istat_code_num":45,"prov_acr":"MS","reg_name":"Toscana","reg_istat_code":"09","reg_istat_code_num":9,"opdm_id":"4432","com_catasto_code":"A576","com_istat_code":"045002","com_istat_code_num":45002,"value":89.5085181250714,"_featureIdx":1,"_color":"#39d065"}},{"type":"Feature","geometry":{"type":"Polygon","coordinates":[[[9.991102040816326,44.332571428571434],[10.019020408163264,44.332571428571434],[10.019020408163264,44.342775510204085],[9.991102040816326,44.342775510204085],[9.991102040816326,44.332571428571434]]]},"properties":{"name":"Bagnone","op_id":"4532","minint_elettorale":"2090460020","minint_finloc":"3090460020","prov_name":"Massa-Carrara","prov_istat_code":"045","prov_istat_code_num":45,"prov_acr":"MS","reg_name":"Toscana","reg_istat_code":"09","reg_istat_code_num":9,"opdm_id":"4432","com_catasto_code":"A576","com_istat_code":"045002","com_istat_code_num":45002,"value":89.5085181250714,"_featureIdx":1,"_color":"#39d065"}},{"type":"Feature","geometry":{"type":"Polygon","coordinates":[[[10.019020408163264,44.332571428571434],[10.046938775510203,44.332571428571434],[10.046938775510203,44.342775510204085],[10.019020408163264,44.342775510204085],[10.019020408163264,44.332571428571434]]]},"properties":{"name":"Bagnone","op_id":"4532","minint_elettorale":"2090460020","minint_finloc":"3090460020","prov_name":"Massa-Carrara","prov_istat_code":"045","prov_istat_code_num":45,"prov_acr":"MS","reg_name":"Toscana","reg_istat_code":"09","reg_istat_code_num":9,"opdm_id":"4432","com_catasto_code":"A576","com_istat_code":"045002","com_istat_code_num":45002,"value":89.5085181250714,"_featureIdx":1,"_color":"#39d065"}},{"type":"Feature","geometry":{"type":"Polygon","coordinates":[[[10.046938775510203,44.332571428571434],[10.074857142857141,44.332571428571434],[10.074857142857141,44.342775510204085],[10.046938775510203,44.342775510204085],[10.046938775510203,44.332571428571434]]]},"properties":{"name":"Bagnone","op_id":"4532","minint_elettorale":"2090460020","minint_finloc":"3090460020","prov_name":"Massa-Carrara","prov_istat_code":"045","prov_istat_code_num":45,"prov_acr":"MS","reg_name":"Toscana","reg_istat_code":"09","reg_istat_code_num":9,"opdm_id":"4432","com_catasto_code":"A576","com_istat_code":"045002","com_istat_code_num":45002,"value":89.5085181250714,"_featureIdx":1,"_color":"#39d065"}},{"type":"Feature","geometry":{"type":"Polygon","coordinates":[[[10.074857142857143,44.332571428571434],[10.102775510204081,44.332571428571434],[10.102775510204081,44.342775510204085],[10.074857142857143,44.342775510204085],[10.074857142857143,44.332571428571434]]]},"properties":{"name":"Licciana Nardi","minint_elettorale":"2090460090","minint_finloc":"3090460090","op_id":"4539","prov_name":"Massa-Carrara","prov_istat_code":"045","prov_istat_code_num":45,"prov_acr":"MS","reg_name":"Toscana","reg_istat_code":"09","reg_istat_code_num":9,"opdm_id":"4439","com_catasto_code":"E574","com_istat_code":"045009","com_istat_code_num":45009,"value":75.02613607798992,"_featureIdx":7,"_color":"#3f39d0"}},{"type":"Feature","geometry":{"type":"Polygon","coordinates":[[[10.102775510204081,44.332571428571434],[10.13069387755102,44.332571428571434],[10.13069387755102,44.342775510204085],[10.102775510204081,44.342775510204085],[10.102775510204081,44.332571428571434]]]},"properties":{"name":"Comano","op_id":"4535","minint_elettorale":"2090460050","minint_finloc":"3090460050","prov_name":"Massa-Carrara","prov_istat_code":"045","prov_istat_code_num":45,"prov_acr":"MS","reg_name":"Toscana","reg_istat_code":"09","reg_istat_code_num":9,"opdm_id":"4435","com_catasto_code":"C914","com_istat_code":"045005","com_istat_code_num":45005,"value":74.31536299577955,"_featureIdx":3,"_color":"#d0be39"}},{"type":"Feature","geometry":{"type":"Polygon","coordinates":[[[10.13069387755102,44.332571428571434],[10.158612244897958,44.332571428571434],[10.158612244897958,44.342775510204085],[10.13069387755102,44.342775510204085],[10.13069387755102,44.332571428571434]]]},"properties":{"name":"Comano","op_id":"4535","minint_elettorale":"2090460050","minint_finloc":"3090460050","prov_name":"Massa-Carrara","prov_istat_code":"045","prov_istat_code_num":45,"prov_acr":"MS","reg_name":"Toscana","reg_istat_code":"09","reg_istat_code_num":9,"opdm_id":"4435","com_catasto_code":"C914","com_istat_code":"045005","com_istat_code_num":45005,"value":74.31536299577955,"_featureIdx":3,"_color":"#d0be39"}},{"type":"Feature","geometry":{"type":"Polygon","coordinates":[[[9.711918367346938,44.342775510204085],[9.739836734693876,44.342775510204085],[9.739836734693876,44.352979591836736],[9.711918367346938,44.352979591836736],[9.711918367346938,44.342775510204085]]]},"properties":{"name":"Zeri","minint_elettorale":"2090460170","op_id":"4547","minint_finloc":"3090460170","prov_name":"Massa-Carrara","prov_istat_code":"045","prov_istat_code_num":45,"prov_acr":"MS","reg_name":"Toscana","reg_istat_code":"09","reg_istat_code_num":9,"opdm_id":"4447","com_catasto_code":"M169","com_istat_code":"045017","com_istat_code_num":45017,"value":30.003159501209954,"_featureIdx":12,"_color":"#3984d0"}},{"type":"Feature","geometry":{"type":"Polygon","coordinates":[[[9.739836734693878,44.342775510204085],[9.767755102040816,44.342775510204085],[9.767755102040816,44.352979591836736],[9.739836734693878,44.352979591836736],[9.739836734693878,44.342775510204085]]]},"properties":{"name":"Zeri","minint_elettorale":"2090460170","op_id":"4547","minint_finloc":"3090460170","prov_name":"Massa-Carrara","prov_istat_code":"045","prov_istat_code_num":45,"prov_acr":"MS","reg_name":"Toscana","reg_istat_code":"09","reg_istat_code_num":9,"opdm_id":"4447","com_catasto_code":"M169","com_istat_code":"045017","com_istat_code_num":45017,"value":30.003159501209954,"_featureIdx":12,"_color":"#3984d0"}},{"type":"Feature","geometry":{"type":"Polygon","coordinates":[[[9.767755102040816,44.342775510204085],[9.795673469387754,44.342775510204085],[9.795673469387754,44.352979591836736],[9.767755102040816,44.352979591836736],[9.767755102040816,44.342775510204085]]]},"properties":{"name":"Zeri","minint_elettorale":"2090460170","op_id":"4547","minint_finloc":"3090460170","prov_name":"Massa-Carrara","prov_istat_code":"045","prov_istat_code_num":45,"prov_acr":"MS","reg_name":"Toscana","reg_istat_code":"09","reg_istat_code_num":9,"opdm_id":"4447","com_catasto_code":"M169","com_istat_code":"045017","com_istat_code_num":45017,"value":30.003159501209954,"_featureIdx":12,"_color":"#3984d0"}},{"type":"Feature","geometry":{"type":"Polygon","coordinates":[[[9.795673469387754,44.342775510204085],[9.823591836734693,44.342775510204085],[9.823591836734693,44.352979591836736],[9.795673469387754,44.352979591836736],[9.795673469387754,44.342775510204085]]]},"properties":{"name":"Zeri","minint_elettorale":"2090460170","op_id":"4547","minint_finloc":"3090460170","prov_name":"Massa-Carrara","prov_istat_code":"045","prov_istat_code_num":45,"prov_acr":"MS","reg_name":"Toscana","reg_istat_code":"09","reg_istat_code_num":9,"opdm_id":"4447","com_catasto_code":"M169","com_istat_code":"045017","com_istat_code_num":45017,"value":30.003159501209954,"_featureIdx":12,"_color":"#3984d0"}},{"type":"Feature","geometry":{"type":"Polygon","coordinates":[[[9.90734693877551,44.342775510204085],[9.935265306122448,44.342775510204085],[9.935265306122448,44.352979591836736],[9.90734693877551,44.352979591836736],[9.90734693877551,44.342775510204085]]]},"properties":{"name":"Filattiera","op_id":"4536","minint_finloc":"3090460060","minint_elettorale":"2090460060","prov_name":"Massa-Carrara","prov_istat_code":"045","prov_istat_code_num":45,"prov_acr":"MS","reg_name":"Toscana","reg_istat_code":"09","reg_istat_code_num":9,"opdm_id":"4436","com_catasto_code":"D590","com_istat_code":"045006","com_istat_code_num":45006,"value":35.08134216743127,"_featureIdx":4,"_color":"#39b7d0"}},{"type":"Feature","geometry":{"type":"Polygon","coordinates":[[[9.935265306122448,44.342775510204085],[9.963183673469386,44.342775510204085],[9.963183673469386,44.352979591836736],[9.935265306122448,44.352979591836736],[9.935265306122448,44.342775510204085]]]},"properties":{"name":"Filattiera","op_id":"4536","minint_finloc":"3090460060","minint_elettorale":"2090460060","prov_name":"Massa-Carrara","prov_istat_code":"045","prov_istat_code_num":45,"prov_acr":"MS","reg_name":"Toscana","reg_istat_code":"09","reg_istat_code_num":9,"opdm_id":"4436","com_catasto_code":"D590","com_istat_code":"045006","com_istat_code_num":45006,"value":35.08134216743127,"_featureIdx":4,"_color":"#39b7d0"}},{"type":"Feature","geometry":{"type":"Polygon","coordinates":[[[9.963183673469388,44.342775510204085],[9.991102040816326,44.342775510204085],[9.991102040816326,44.352979591836736],[9.963183673469388,44.352979591836736],[9.963183673469388,44.342775510204085]]]},"properties":{"name":"Bagnone","op_id":"4532","minint_elettorale":"2090460020","minint_finloc":"3090460020","prov_name":"Massa-Carrara","prov_istat_code":"045","prov_istat_code_num":45,"prov_acr":"MS","reg_name":"Toscana","reg_istat_code":"09","reg_istat_code_num":9,"opdm_id":"4432","com_catasto_code":"A576","com_istat_code":"045002","com_istat_code_num":45002,"value":89.5085181250714,"_featureIdx":1,"_color":"#39d065"}},{"type":"Feature","geometry":{"type":"Polygon","coordinates":[[[9.991102040816326,44.342775510204085],[10.019020408163264,44.342775510204085],[10.019020408163264,44.352979591836736],[9.991102040816326,44.352979591836736],[9.991102040816326,44.342775510204085]]]},"properties":{"name":"Bagnone","op_id":"4532","minint_elettorale":"2090460020","minint_finloc":"3090460020","prov_name":"Massa-Carrara","prov_istat_code":"045","prov_istat_code_num":45,"prov_acr":"MS","reg_name":"Toscana","reg_istat_code":"09","reg_istat_code_num":9,"opdm_id":"4432","com_catasto_code":"A576","com_istat_code":"045002","com_istat_code_num":45002,"value":89.5085181250714,"_featureIdx":1,"_color":"#39d065"}},{"type":"Feature","geometry":{"type":"Polygon","coordinates":[[[10.019020408163264,44.342775510204085],[10.046938775510203,44.342775510204085],[10.046938775510203,44.352979591836736],[10.019020408163264,44.352979591836736],[10.019020408163264,44.342775510204085]]]},"properties":{"name":"Bagnone","op_id":"4532","minint_elettorale":"2090460020","minint_finloc":"3090460020","prov_name":"Massa-Carrara","prov_istat_code":"045","prov_istat_code_num":45,"prov_acr":"MS","reg_name":"Toscana","reg_istat_code":"09","reg_istat_code_num":9,"opdm_id":"4432","com_catasto_code":"A576","com_istat_code":"045002","com_istat_code_num":45002,"value":89.5085181250714,"_featureIdx":1,"_color":"#39d065"}},{"type":"Feature","geometry":{"type":"Polygon","coordinates":[[[10.046938775510203,44.342775510204085],[10.074857142857141,44.342775510204085],[10.074857142857141,44.352979591836736],[10.046938775510203,44.352979591836736],[10.046938775510203,44.342775510204085]]]},"properties":{"name":"Bagnone","op_id":"4532","minint_elettorale":"2090460020","minint_finloc":"3090460020","prov_name":"Massa-Carrara","prov_istat_code":"045","prov_istat_code_num":45,"prov_acr":"MS","reg_name":"Toscana","reg_istat_code":"09","reg_istat_code_num":9,"opdm_id":"4432","com_catasto_code":"A576","com_istat_code":"045002","com_istat_code_num":45002,"value":89.5085181250714,"_featureIdx":1,"_color":"#39d065"}},{"type":"Feature","geometry":{"type":"Polygon","coordinates":[[[10.074857142857143,44.342775510204085],[10.102775510204081,44.342775510204085],[10.102775510204081,44.352979591836736],[10.074857142857143,44.352979591836736],[10.074857142857143,44.342775510204085]]]},"properties":{"name":"Licciana Nardi","minint_elettorale":"2090460090","minint_finloc":"3090460090","op_id":"4539","prov_name":"Massa-Carrara","prov_istat_code":"045","prov_istat_code_num":45,"prov_acr":"MS","reg_name":"Toscana","reg_istat_code":"09","reg_istat_code_num":9,"opdm_id":"4439","com_catasto_code":"E574","com_istat_code":"045009","com_istat_code_num":45009,"value":75.02613607798992,"_featureIdx":7,"_color":"#3f39d0"}},{"type":"Feature","geometry":{"type":"Polygon","coordinates":[[[10.102775510204081,44.342775510204085],[10.13069387755102,44.342775510204085],[10.13069387755102,44.352979591836736],[10.102775510204081,44.352979591836736],[10.102775510204081,44.342775510204085]]]},"properties":{"name":"Comano","op_id":"4535","minint_elettorale":"2090460050","minint_finloc":"3090460050","prov_name":"Massa-Carrara","prov_istat_code":"045","prov_istat_code_num":45,"prov_acr":"MS","reg_name":"Toscana","reg_istat_code":"09","reg_istat_code_num":9,"opdm_id":"4435","com_catasto_code":"C914","com_istat_code":"045005","com_istat_code_num":45005,"value":74.31536299577955,"_featureIdx":3,"_color":"#d0be39"}},{"type":"Feature","geometry":{"type":"Polygon","coordinates":[[[10.13069387755102,44.342775510204085],[10.158612244897958,44.342775510204085],[10.158612244897958,44.352979591836736],[10.13069387755102,44.352979591836736],[10.13069387755102,44.342775510204085]]]},"properties":{"name":"Comano","op_id":"4535","minint_elettorale":"2090460050","minint_finloc":"3090460050","prov_name":"Massa-Carrara","prov_istat_code":"045","prov_istat_code_num":45,"prov_acr":"MS","reg_name":"Toscana","reg_istat_code":"09","reg_istat_code_num":9,"opdm_id":"4435","com_catasto_code":"C914","com_istat_code":"045005","com_istat_code_num":45005,"value":74.31536299577955,"_featureIdx":3,"_color":"#d0be39"}},{"type":"Feature","geometry":{"type":"Polygon","coordinates":[[[9.711918367346938,44.352979591836736],[9.739836734693876,44.352979591836736],[9.739836734693876,44.363183673469386],[9.711918367346938,44.363183673469386],[9.711918367346938,44.352979591836736]]]},"properties":{"name":"Zeri","minint_elettorale":"2090460170","op_id":"4547","minint_finloc":"3090460170","prov_name":"Massa-Carrara","prov_istat_code":"045","prov_istat_code_num":45,"prov_acr":"MS","reg_name":"Toscana","reg_istat_code":"09","reg_istat_code_num":9,"opdm_id":"4447","com_catasto_code":"M169","com_istat_code":"045017","com_istat_code_num":45017,"value":30.003159501209954,"_featureIdx":12,"_color":"#3984d0"}},{"type":"Feature","geometry":{"type":"Polygon","coordinates":[[[9.739836734693878,44.352979591836736],[9.767755102040816,44.352979591836736],[9.767755102040816,44.363183673469386],[9.739836734693878,44.363183673469386],[9.739836734693878,44.352979591836736]]]},"properties":{"name":"Zeri","minint_elettorale":"2090460170","op_id":"4547","minint_finloc":"3090460170","prov_name":"Massa-Carrara","prov_istat_code":"045","prov_istat_code_num":45,"prov_acr":"MS","reg_name":"Toscana","reg_istat_code":"09","reg_istat_code_num":9,"opdm_id":"4447","com_catasto_code":"M169","com_istat_code":"045017","com_istat_code_num":45017,"value":30.003159501209954,"_featureIdx":12,"_color":"#3984d0"}},{"type":"Feature","geometry":{"type":"Polygon","coordinates":[[[9.767755102040816,44.352979591836736],[9.795673469387754,44.352979591836736],[9.795673469387754,44.363183673469386],[9.767755102040816,44.363183673469386],[9.767755102040816,44.352979591836736]]]},"properties":{"name":"Zeri","minint_elettorale":"2090460170","op_id":"4547","minint_finloc":"3090460170","prov_name":"Massa-Carrara","prov_istat_code":"045","prov_istat_code_num":45,"prov_acr":"MS","reg_name":"Toscana","reg_istat_code":"09","reg_istat_code_num":9,"opdm_id":"4447","com_catasto_code":"M169","com_istat_code":"045017","com_istat_code_num":45017,"value":30.003159501209954,"_featureIdx":12,"_color":"#3984d0"}},{"type":"Feature","geometry":{"type":"Polygon","coordinates":[[[9.795673469387754,44.352979591836736],[9.823591836734693,44.352979591836736],[9.823591836734693,44.363183673469386],[9.795673469387754,44.363183673469386],[9.795673469387754,44.352979591836736]]]},"properties":{"name":"Zeri","minint_elettorale":"2090460170","op_id":"4547","minint_finloc":"3090460170","prov_name":"Massa-Carrara","prov_istat_code":"045","prov_istat_code_num":45,"prov_acr":"MS","reg_name":"Toscana","reg_istat_code":"09","reg_istat_code_num":9,"opdm_id":"4447","com_catasto_code":"M169","com_istat_code":"045017","com_istat_code_num":45017,"value":30.003159501209954,"_featureIdx":12,"_color":"#3984d0"}},{"type":"Feature","geometry":{"type":"Polygon","coordinates":[[[9.90734693877551,44.352979591836736],[9.935265306122448,44.352979591836736],[9.935265306122448,44.363183673469386],[9.90734693877551,44.363183673469386],[9.90734693877551,44.352979591836736]]]},"properties":{"name":"Filattiera","op_id":"4536","minint_finloc":"3090460060","minint_elettorale":"2090460060","prov_name":"Massa-Carrara","prov_istat_code":"045","prov_istat_code_num":45,"prov_acr":"MS","reg_name":"Toscana","reg_istat_code":"09","reg_istat_code_num":9,"opdm_id":"4436","com_catasto_code":"D590","com_istat_code":"045006","com_istat_code_num":45006,"value":35.08134216743127,"_featureIdx":4,"_color":"#39b7d0"}},{"type":"Feature","geometry":{"type":"Polygon","coordinates":[[[9.935265306122448,44.352979591836736],[9.963183673469386,44.352979591836736],[9.963183673469386,44.363183673469386],[9.935265306122448,44.363183673469386],[9.935265306122448,44.352979591836736]]]},"properties":{"name":"Filattiera","op_id":"4536","minint_finloc":"3090460060","minint_elettorale":"2090460060","prov_name":"Massa-Carrara","prov_istat_code":"045","prov_istat_code_num":45,"prov_acr":"MS","reg_name":"Toscana","reg_istat_code":"09","reg_istat_code_num":9,"opdm_id":"4436","com_catasto_code":"D590","com_istat_code":"045006","com_istat_code_num":45006,"value":35.08134216743127,"_featureIdx":4,"_color":"#39b7d0"}},{"type":"Feature","geometry":{"type":"Polygon","coordinates":[[[9.963183673469388,44.352979591836736],[9.991102040816326,44.352979591836736],[9.991102040816326,44.363183673469386],[9.963183673469388,44.363183673469386],[9.963183673469388,44.352979591836736]]]},"properties":{"name":"Bagnone","op_id":"4532","minint_elettorale":"2090460020","minint_finloc":"3090460020","prov_name":"Massa-Carrara","prov_istat_code":"045","prov_istat_code_num":45,"prov_acr":"MS","reg_name":"Toscana","reg_istat_code":"09","reg_istat_code_num":9,"opdm_id":"4432","com_catasto_code":"A576","com_istat_code":"045002","com_istat_code_num":45002,"value":89.5085181250714,"_featureIdx":1,"_color":"#39d065"}},{"type":"Feature","geometry":{"type":"Polygon","coordinates":[[[9.991102040816326,44.352979591836736],[10.019020408163264,44.352979591836736],[10.019020408163264,44.363183673469386],[9.991102040816326,44.363183673469386],[9.991102040816326,44.352979591836736]]]},"properties":{"name":"Bagnone","op_id":"4532","minint_elettorale":"2090460020","minint_finloc":"3090460020","prov_name":"Massa-Carrara","prov_istat_code":"045","prov_istat_code_num":45,"prov_acr":"MS","reg_name":"Toscana","reg_istat_code":"09","reg_istat_code_num":9,"opdm_id":"4432","com_catasto_code":"A576","com_istat_code":"045002","com_istat_code_num":45002,"value":89.5085181250714,"_featureIdx":1,"_color":"#39d065"}},{"type":"Feature","geometry":{"type":"Polygon","coordinates":[[[10.019020408163264,44.352979591836736],[10.046938775510203,44.352979591836736],[10.046938775510203,44.363183673469386],[10.019020408163264,44.363183673469386],[10.019020408163264,44.352979591836736]]]},"properties":{"name":"Bagnone","op_id":"4532","minint_elettorale":"2090460020","minint_finloc":"3090460020","prov_name":"Massa-Carrara","prov_istat_code":"045","prov_istat_code_num":45,"prov_acr":"MS","reg_name":"Toscana","reg_istat_code":"09","reg_istat_code_num":9,"opdm_id":"4432","com_catasto_code":"A576","com_istat_code":"045002","com_istat_code_num":45002,"value":89.5085181250714,"_featureIdx":1,"_color":"#39d065"}},{"type":"Feature","geometry":{"type":"Polygon","coordinates":[[[10.046938775510203,44.352979591836736],[10.074857142857141,44.352979591836736],[10.074857142857141,44.363183673469386],[10.046938775510203,44.363183673469386],[10.046938775510203,44.352979591836736]]]},"properties":{"name":"Bagnone","op_id":"4532","minint_elettorale":"2090460020","minint_finloc":"3090460020","prov_name":"Massa-Carrara","prov_istat_code":"045","prov_istat_code_num":45,"prov_acr":"MS","reg_name":"Toscana","reg_istat_code":"09","reg_istat_code_num":9,"opdm_id":"4432","com_catasto_code":"A576","com_istat_code":"045002","com_istat_code_num":45002,"value":89.5085181250714,"_featureIdx":1,"_color":"#39d065"}},{"type":"Feature","geometry":{"type":"Polygon","coordinates":[[[9.684,44.36318367346939],[9.711918367346938,44.36318367346939],[9.711918367346938,44.373387755102044],[9.684,44.373387755102044],[9.684,44.36318367346939]]]},"properties":{"name":"Zeri","minint_elettorale":"2090460170","op_id":"4547","minint_finloc":"3090460170","prov_name":"Massa-Carrara","prov_istat_code":"045","prov_istat_code_num":45,"prov_acr":"MS","reg_name":"Toscana","reg_istat_code":"09","reg_istat_code_num":9,"opdm_id":"4447","com_catasto_code":"M169","com_istat_code":"045017","com_istat_code_num":45017,"value":30.003159501209954,"_featureIdx":12,"_color":"#3984d0"}},{"type":"Feature","geometry":{"type":"Polygon","coordinates":[[[9.711918367346938,44.36318367346939],[9.739836734693876,44.36318367346939],[9.739836734693876,44.373387755102044],[9.711918367346938,44.373387755102044],[9.711918367346938,44.36318367346939]]]},"properties":{"name":"Zeri","minint_elettorale":"2090460170","op_id":"4547","minint_finloc":"3090460170","prov_name":"Massa-Carrara","prov_istat_code":"045","prov_istat_code_num":45,"prov_acr":"MS","reg_name":"Toscana","reg_istat_code":"09","reg_istat_code_num":9,"opdm_id":"4447","com_catasto_code":"M169","com_istat_code":"045017","com_istat_code_num":45017,"value":30.003159501209954,"_featureIdx":12,"_color":"#3984d0"}},{"type":"Feature","geometry":{"type":"Polygon","coordinates":[[[9.739836734693878,44.36318367346939],[9.767755102040816,44.36318367346939],[9.767755102040816,44.373387755102044],[9.739836734693878,44.373387755102044],[9.739836734693878,44.36318367346939]]]},"properties":{"name":"Zeri","minint_elettorale":"2090460170","op_id":"4547","minint_finloc":"3090460170","prov_name":"Massa-Carrara","prov_istat_code":"045","prov_istat_code_num":45,"prov_acr":"MS","reg_name":"Toscana","reg_istat_code":"09","reg_istat_code_num":9,"opdm_id":"4447","com_catasto_code":"M169","com_istat_code":"045017","com_istat_code_num":45017,"value":30.003159501209954,"_featureIdx":12,"_color":"#3984d0"}},{"type":"Feature","geometry":{"type":"Polygon","coordinates":[[[9.767755102040816,44.36318367346939],[9.795673469387754,44.36318367346939],[9.795673469387754,44.373387755102044],[9.767755102040816,44.373387755102044],[9.767755102040816,44.36318367346939]]]},"properties":{"name":"Zeri","minint_elettorale":"2090460170","op_id":"4547","minint_finloc":"3090460170","prov_name":"Massa-Carrara","prov_istat_code":"045","prov_istat_code_num":45,"prov_acr":"MS","reg_name":"Toscana","reg_istat_code":"09","reg_istat_code_num":9,"opdm_id":"4447","com_catasto_code":"M169","com_istat_code":"045017","com_istat_code_num":45017,"value":30.003159501209954,"_featureIdx":12,"_color":"#3984d0"}},{"type":"Feature","geometry":{"type":"Polygon","coordinates":[[[9.795673469387754,44.36318367346939],[9.823591836734693,44.36318367346939],[9.823591836734693,44.373387755102044],[9.795673469387754,44.373387755102044],[9.795673469387754,44.36318367346939]]]},"properties":{"name":"Zeri","minint_elettorale":"2090460170","op_id":"4547","minint_finloc":"3090460170","prov_name":"Massa-Carrara","prov_istat_code":"045","prov_istat_code_num":45,"prov_acr":"MS","reg_name":"Toscana","reg_istat_code":"09","reg_istat_code_num":9,"opdm_id":"4447","com_catasto_code":"M169","com_istat_code":"045017","com_istat_code_num":45017,"value":30.003159501209954,"_featureIdx":12,"_color":"#3984d0"}},{"type":"Feature","geometry":{"type":"Polygon","coordinates":[[[9.823591836734693,44.36318367346939],[9.851510204081631,44.36318367346939],[9.851510204081631,44.373387755102044],[9.823591836734693,44.373387755102044],[9.823591836734693,44.36318367346939]]]},"properties":{"name":"Zeri","minint_elettorale":"2090460170","op_id":"4547","minint_finloc":"3090460170","prov_name":"Massa-Carrara","prov_istat_code":"045","prov_istat_code_num":45,"prov_acr":"MS","reg_name":"Toscana","reg_istat_code":"09","reg_istat_code_num":9,"opdm_id":"4447","com_catasto_code":"M169","com_istat_code":"045017","com_istat_code_num":45017,"value":30.003159501209954,"_featureIdx":12,"_color":"#3984d0"}},{"type":"Feature","geometry":{"type":"Polygon","coordinates":[[[9.90734693877551,44.36318367346939],[9.935265306122448,44.36318367346939],[9.935265306122448,44.373387755102044],[9.90734693877551,44.373387755102044],[9.90734693877551,44.36318367346939]]]},"properties":{"name":"Filattiera","op_id":"4536","minint_finloc":"3090460060","minint_elettorale":"2090460060","prov_name":"Massa-Carrara","prov_istat_code":"045","prov_istat_code_num":45,"prov_acr":"MS","reg_name":"Toscana","reg_istat_code":"09","reg_istat_code_num":9,"opdm_id":"4436","com_catasto_code":"D590","com_istat_code":"045006","com_istat_code_num":45006,"value":35.08134216743127,"_featureIdx":4,"_color":"#39b7d0"}},{"type":"Feature","geometry":{"type":"Polygon","coordinates":[[[9.935265306122448,44.36318367346939],[9.963183673469386,44.36318367346939],[9.963183673469386,44.373387755102044],[9.935265306122448,44.373387755102044],[9.935265306122448,44.36318367346939]]]},"properties":{"name":"Filattiera","op_id":"4536","minint_finloc":"3090460060","minint_elettorale":"2090460060","prov_name":"Massa-Carrara","prov_istat_code":"045","prov_istat_code_num":45,"prov_acr":"MS","reg_name":"Toscana","reg_istat_code":"09","reg_istat_code_num":9,"opdm_id":"4436","com_catasto_code":"D590","com_istat_code":"045006","com_istat_code_num":45006,"value":35.08134216743127,"_featureIdx":4,"_color":"#39b7d0"}},{"type":"Feature","geometry":{"type":"Polygon","coordinates":[[[9.963183673469388,44.36318367346939],[9.991102040816326,44.36318367346939],[9.991102040816326,44.373387755102044],[9.963183673469388,44.373387755102044],[9.963183673469388,44.36318367346939]]]},"properties":{"name":"Filattiera","op_id":"4536","minint_finloc":"3090460060","minint_elettorale":"2090460060","prov_name":"Massa-Carrara","prov_istat_code":"045","prov_istat_code_num":45,"prov_acr":"MS","reg_name":"Toscana","reg_istat_code":"09","reg_istat_code_num":9,"opdm_id":"4436","com_catasto_code":"D590","com_istat_code":"045006","com_istat_code_num":45006,"value":35.08134216743127,"_featureIdx":4,"_color":"#39b7d0"}},{"type":"Feature","geometry":{"type":"Polygon","coordinates":[[[9.991102040816326,44.36318367346939],[10.019020408163264,44.36318367346939],[10.019020408163264,44.373387755102044],[9.991102040816326,44.373387755102044],[9.991102040816326,44.36318367346939]]]},"properties":{"name":"Bagnone","op_id":"4532","minint_elettorale":"2090460020","minint_finloc":"3090460020","prov_name":"Massa-Carrara","prov_istat_code":"045","prov_istat_code_num":45,"prov_acr":"MS","reg_name":"Toscana","reg_istat_code":"09","reg_istat_code_num":9,"opdm_id":"4432","com_catasto_code":"A576","com_istat_code":"045002","com_istat_code_num":45002,"value":89.5085181250714,"_featureIdx":1,"_color":"#39d065"}},{"type":"Feature","geometry":{"type":"Polygon","coordinates":[[[10.019020408163264,44.36318367346939],[10.046938775510203,44.36318367346939],[10.046938775510203,44.373387755102044],[10.019020408163264,44.373387755102044],[10.019020408163264,44.36318367346939]]]},"properties":{"name":"Bagnone","op_id":"4532","minint_elettorale":"2090460020","minint_finloc":"3090460020","prov_name":"Massa-Carrara","prov_istat_code":"045","prov_istat_code_num":45,"prov_acr":"MS","reg_name":"Toscana","reg_istat_code":"09","reg_istat_code_num":9,"opdm_id":"4432","com_catasto_code":"A576","com_istat_code":"045002","com_istat_code_num":45002,"value":89.5085181250714,"_featureIdx":1,"_color":"#39d065"}},{"type":"Feature","geometry":{"type":"Polygon","coordinates":[[[9.684,44.373387755102044],[9.711918367346938,44.373387755102044],[9.711918367346938,44.383591836734695],[9.684,44.383591836734695],[9.684,44.373387755102044]]]},"properties":{"name":"Zeri","minint_elettorale":"2090460170","op_id":"4547","minint_finloc":"3090460170","prov_name":"Massa-Carrara","prov_istat_code":"045","prov_istat_code_num":45,"prov_acr":"MS","reg_name":"Toscana","reg_istat_code":"09","reg_istat_code_num":9,"opdm_id":"4447","com_catasto_code":"M169","com_istat_code":"045017","com_istat_code_num":45017,"value":30.003159501209954,"_featureIdx":12,"_color":"#3984d0"}},{"type":"Feature","geometry":{"type":"Polygon","coordinates":[[[9.711918367346938,44.373387755102044],[9.739836734693876,44.373387755102044],[9.739836734693876,44.383591836734695],[9.711918367346938,44.383591836734695],[9.711918367346938,44.373387755102044]]]},"properties":{"name":"Zeri","minint_elettorale":"2090460170","op_id":"4547","minint_finloc":"3090460170","prov_name":"Massa-Carrara","prov_istat_code":"045","prov_istat_code_num":45,"prov_acr":"MS","reg_name":"Toscana","reg_istat_code":"09","reg_istat_code_num":9,"opdm_id":"4447","com_catasto_code":"M169","com_istat_code":"045017","com_istat_code_num":45017,"value":30.003159501209954,"_featureIdx":12,"_color":"#3984d0"}},{"type":"Feature","geometry":{"type":"Polygon","coordinates":[[[9.739836734693878,44.373387755102044],[9.767755102040816,44.373387755102044],[9.767755102040816,44.383591836734695],[9.739836734693878,44.383591836734695],[9.739836734693878,44.373387755102044]]]},"properties":{"name":"Zeri","minint_elettorale":"2090460170","op_id":"4547","minint_finloc":"3090460170","prov_name":"Massa-Carrara","prov_istat_code":"045","prov_istat_code_num":45,"prov_acr":"MS","reg_name":"Toscana","reg_istat_code":"09","reg_istat_code_num":9,"opdm_id":"4447","com_catasto_code":"M169","com_istat_code":"045017","com_istat_code_num":45017,"value":30.003159501209954,"_featureIdx":12,"_color":"#3984d0"}},{"type":"Feature","geometry":{"type":"Polygon","coordinates":[[[9.767755102040816,44.373387755102044],[9.795673469387754,44.373387755102044],[9.795673469387754,44.383591836734695],[9.767755102040816,44.383591836734695],[9.767755102040816,44.373387755102044]]]},"properties":{"name":"Zeri","minint_elettorale":"2090460170","op_id":"4547","minint_finloc":"3090460170","prov_name":"Massa-Carrara","prov_istat_code":"045","prov_istat_code_num":45,"prov_acr":"MS","reg_name":"Toscana","reg_istat_code":"09","reg_istat_code_num":9,"opdm_id":"4447","com_catasto_code":"M169","com_istat_code":"045017","com_istat_code_num":45017,"value":30.003159501209954,"_featureIdx":12,"_color":"#3984d0"}},{"type":"Feature","geometry":{"type":"Polygon","coordinates":[[[9.90734693877551,44.373387755102044],[9.935265306122448,44.373387755102044],[9.935265306122448,44.383591836734695],[9.90734693877551,44.383591836734695],[9.90734693877551,44.373387755102044]]]},"properties":{"name":"Filattiera","op_id":"4536","minint_finloc":"3090460060","minint_elettorale":"2090460060","prov_name":"Massa-Carrara","prov_istat_code":"045","prov_istat_code_num":45,"prov_acr":"MS","reg_name":"Toscana","reg_istat_code":"09","reg_istat_code_num":9,"opdm_id":"4436","com_catasto_code":"D590","com_istat_code":"045006","com_istat_code_num":45006,"value":35.08134216743127,"_featureIdx":4,"_color":"#39b7d0"}},{"type":"Feature","geometry":{"type":"Polygon","coordinates":[[[9.935265306122448,44.373387755102044],[9.963183673469386,44.373387755102044],[9.963183673469386,44.383591836734695],[9.935265306122448,44.383591836734695],[9.935265306122448,44.373387755102044]]]},"properties":{"name":"Filattiera","op_id":"4536","minint_finloc":"3090460060","minint_elettorale":"2090460060","prov_name":"Massa-Carrara","prov_istat_code":"045","prov_istat_code_num":45,"prov_acr":"MS","reg_name":"Toscana","reg_istat_code":"09","reg_istat_code_num":9,"opdm_id":"4436","com_catasto_code":"D590","com_istat_code":"045006","com_istat_code_num":45006,"value":35.08134216743127,"_featureIdx":4,"_color":"#39b7d0"}},{"type":"Feature","geometry":{"type":"Polygon","coordinates":[[[9.963183673469388,44.373387755102044],[9.991102040816326,44.373387755102044],[9.991102040816326,44.383591836734695],[9.963183673469388,44.383591836734695],[9.963183673469388,44.373387755102044]]]},"properties":{"name":"Filattiera","op_id":"4536","minint_finloc":"3090460060","minint_elettorale":"2090460060","prov_name":"Massa-Carrara","prov_istat_code":"045","prov_istat_code_num":45,"prov_acr":"MS","reg_name":"Toscana","reg_istat_code":"09","reg_istat_code_num":9,"opdm_id":"4436","com_catasto_code":"D590","com_istat_code":"045006","com_istat_code_num":45006,"value":35.08134216743127,"_featureIdx":4,"_color":"#39b7d0"}},{"type":"Feature","geometry":{"type":"Polygon","coordinates":[[[9.991102040816326,44.373387755102044],[10.019020408163264,44.373387755102044],[10.019020408163264,44.383591836734695],[9.991102040816326,44.383591836734695],[9.991102040816326,44.373387755102044]]]},"properties":{"name":"Bagnone","op_id":"4532","minint_elettorale":"2090460020","minint_finloc":"3090460020","prov_name":"Massa-Carrara","prov_istat_code":"045","prov_istat_code_num":45,"prov_acr":"MS","reg_name":"Toscana","reg_istat_code":"09","reg_istat_code_num":9,"opdm_id":"4432","com_catasto_code":"A576","com_istat_code":"045002","com_istat_code_num":45002,"value":89.5085181250714,"_featureIdx":1,"_color":"#39d065"}},{"type":"Feature","geometry":{"type":"Polygon","coordinates":[[[10.019020408163264,44.373387755102044],[10.046938775510203,44.373387755102044],[10.046938775510203,44.383591836734695],[10.019020408163264,44.383591836734695],[10.019020408163264,44.373387755102044]]]},"properties":{"name":"Bagnone","op_id":"4532","minint_elettorale":"2090460020","minint_finloc":"3090460020","prov_name":"Massa-Carrara","prov_istat_code":"045","prov_istat_code_num":45,"prov_acr":"MS","reg_name":"Toscana","reg_istat_code":"09","reg_istat_code_num":9,"opdm_id":"4432","com_catasto_code":"A576","com_istat_code":"045002","com_istat_code_num":45002,"value":89.5085181250714,"_featureIdx":1,"_color":"#39d065"}},{"type":"Feature","geometry":{"type":"Polygon","coordinates":[[[9.739836734693878,44.383591836734695],[9.767755102040816,44.383591836734695],[9.767755102040816,44.393795918367346],[9.739836734693878,44.393795918367346],[9.739836734693878,44.383591836734695]]]},"properties":{"name":"Zeri","minint_elettorale":"2090460170","op_id":"4547","minint_finloc":"3090460170","prov_name":"Massa-Carrara","prov_istat_code":"045","prov_istat_code_num":45,"prov_acr":"MS","reg_name":"Toscana","reg_istat_code":"09","reg_istat_code_num":9,"opdm_id":"4447","com_catasto_code":"M169","com_istat_code":"045017","com_istat_code_num":45017,"value":30.003159501209954,"_featureIdx":12,"_color":"#3984d0"}},{"type":"Feature","geometry":{"type":"Polygon","coordinates":[[[9.90734693877551,44.383591836734695],[9.935265306122448,44.383591836734695],[9.935265306122448,44.393795918367346],[9.90734693877551,44.393795918367346],[9.90734693877551,44.383591836734695]]]},"properties":{"name":"Filattiera","op_id":"4536","minint_finloc":"3090460060","minint_elettorale":"2090460060","prov_name":"Massa-Carrara","prov_istat_code":"045","prov_istat_code_num":45,"prov_acr":"MS","reg_name":"Toscana","reg_istat_code":"09","reg_istat_code_num":9,"opdm_id":"4436","com_catasto_code":"D590","com_istat_code":"045006","com_istat_code_num":45006,"value":35.08134216743127,"_featureIdx":4,"_color":"#39b7d0"}},{"type":"Feature","geometry":{"type":"Polygon","coordinates":[[[9.935265306122448,44.383591836734695],[9.963183673469386,44.383591836734695],[9.963183673469386,44.393795918367346],[9.935265306122448,44.393795918367346],[9.935265306122448,44.383591836734695]]]},"properties":{"name":"Filattiera","op_id":"4536","minint_finloc":"3090460060","minint_elettorale":"2090460060","prov_name":"Massa-Carrara","prov_istat_code":"045","prov_istat_code_num":45,"prov_acr":"MS","reg_name":"Toscana","reg_istat_code":"09","reg_istat_code_num":9,"opdm_id":"4436","com_catasto_code":"D590","com_istat_code":"045006","com_istat_code_num":45006,"value":35.08134216743127,"_featureIdx":4,"_color":"#39b7d0"}},{"type":"Feature","geometry":{"type":"Polygon","coordinates":[[[9.963183673469388,44.383591836734695],[9.991102040816326,44.383591836734695],[9.991102040816326,44.393795918367346],[9.963183673469388,44.393795918367346],[9.963183673469388,44.383591836734695]]]},"properties":{"name":"Filattiera","op_id":"4536","minint_finloc":"3090460060","minint_elettorale":"2090460060","prov_name":"Massa-Carrara","prov_istat_code":"045","prov_istat_code_num":45,"prov_acr":"MS","reg_name":"Toscana","reg_istat_code":"09","reg_istat_code_num":9,"opdm_id":"4436","com_catasto_code":"D590","com_istat_code":"045006","com_istat_code_num":45006,"value":35.08134216743127,"_featureIdx":4,"_color":"#39b7d0"}},{"type":"Feature","geometry":{"type":"Polygon","coordinates":[[[9.935265306122448,44.39379591836735],[9.963183673469386,44.39379591836735],[9.963183673469386,44.404],[9.935265306122448,44.404],[9.935265306122448,44.39379591836735]]]},"properties":{"name":"Filattiera","op_id":"4536","minint_finloc":"3090460060","minint_elettorale":"2090460060","prov_name":"Massa-Carrara","prov_istat_code":"045","prov_istat_code_num":45,"prov_acr":"MS","reg_name":"Toscana","reg_istat_code":"09","reg_istat_code_num":9,"opdm_id":"4436","com_catasto_code":"D590","com_istat_code":"045006","com_istat_code_num":45006,"value":35.08134216743127,"_featureIdx":4,"_color":"#39b7d0"}},{"type":"Feature","geometry":{"type":"Polygon","coordinates":[[[9.963183673469388,44.39379591836735],[9.991102040816326,44.39379591836735],[9.991102040816326,44.404],[9.963183673469388,44.404],[9.963183673469388,44.39379591836735]]]},"properties":{"name":"Filattiera","op_id":"4536","minint_finloc":"3090460060","minint_elettorale":"2090460060","prov_name":"Massa-Carrara","prov_istat_code":"045","prov_istat_code_num":45,"prov_acr":"MS","reg_name":"Toscana","reg_istat_code":"09","reg_istat_code_num":9,"opdm_id":"4436","com_catasto_code":"D590","com_istat_code":"045006","com_istat_code_num":45006,"value":35.08134216743127,"_featureIdx":4,"_color":"#39b7d0"}}]}