{"type":"FeatureCollection","features":[{"type":"Feature","geometry":{"type":"Polygon","coordinates":[[[10.405804189990064,43.89813112741947],[10.429774314703355,43.89813112741947],[10.429774314703355,43.91409158197374],[10.405804189990064,43.91409158197374],[10.405804189990064,43.89813112741947]]]},"properties":{"name":"Pescaglia","minint_elettorale":"2090430220","minint_finloc":"3090430220","op_id":"4569","prov_name":"Lucca","prov_istat_code":"046","prov_istat_code_num":46,"prov_acr":"LU","reg_name":"Toscana","reg_istat_code":"09","reg_istat_code_num":9,"opdm_id":"4467","com_catasto_code":"G480","com_istat_code":"046022","com_istat_code_num":46022,"_featureIdx":36,"_color":"#8539d0"}},{"type":"Feature","geometry":{"type":"Polygon","coordinates":[[[10.405804189990064,43.914091581973736],[10.429774314703355,43.914091581973736],[10.429774314703355,43.93005203652801],[10.405804189990064,43.93005203652801],[10.405804189990064,43.914091581973736]]]},"properties":{"name":"Pescaglia","minint_elettorale":"2090430220","minint_finloc":"3090430220","op_id":"4569","prov_name":"Lucca","prov_istat_code":"046","prov_istat_code_num":46,"prov_acr":"LU","reg_name":"Toscana","reg_istat_code":"09","reg_istat_code_num":9,"opdm_id":"4467","com_catasto_code":"G480","com_istat_code":"046022","com_istat_code_num":46022,"_featureIdx":36,"_color":"#8539d0"}},{"type":"Feature","geometry":{"type":"Polygon","coordinates":[[[10.429774314703355,43.914091581973736],[10.453744439416646,43.914091581973736],[10.453744439416646,43.93005203652801],[10.429774314703355,43.93005203652801],[10.429774314703355,43.914091581973736]]]},"properties":{"name":"Pescaglia","minint_elettorale":"2090430220","minint_finloc":"3090430220","op_id":"4569","prov_name":"Lucca","prov_istat_code":"046","prov_istat_code_num":46,"prov_acr":"LU","reg_name":"Toscana","reg_istat_code":"09","reg_istat_code_num":9,"opdm_id":"4467","com_catasto_code":"G480","com_istat_code":"046022","com_istat_code_num":46022,"_featureIdx":36,"_color":"#8539d0"}},{"type":"Feature","geometry":{"type":"Polygon","coordinates":[[[10.381834065276776,43.93005203652801],[10.405804189990066,43.93005203652801],[10.405804189990066,43.946012491082286],[10.381834065276776,43.946012491082286],[10.381834065276776,43.93005203652801]]]},"properties":{"name":"Pescaglia","minint_elettorale":"2090430220","minint_finloc":"3090430220","op_id":"4569","prov_name":"Lucca","prov_istat_code":"046","prov_istat_code_num":46,"prov_acr":"LU","reg_name":"Toscana","reg_istat_code":"09","reg_istat_code_num":9,"opdm_id":"4467","com_catasto_code":"G480","com_istat_code":"046022","com_istat_code_num":46022,"_featureIdx":36,"_color":"#8539d0"}},{"type":"Feature","geometry":{"type":"Polygon","coordinates":[[[10.405804189990064,43.93005203652801],[10.429774314703355,43.93005203652801],[10.429774314703355,43.946012491082286],[10.405804189990064,43.946012491082286],[10.405804189990064,43.93005203652801]]]},"properties":{"name":"Pescaglia","minint_elettorale":"2090430220","minint_finloc":"3090430220","op_id":"4569","prov_name":"Lucca","prov_istat_code":"046","prov_istat_code_num":46,"prov_acr":"LU","reg_name":"Toscana","reg_istat_code":"09","reg_istat_code_num":9,"opdm_id":"4467","com_catasto_code":"G480","com_istat_code":"046022","com_istat_code_num":46022,"_featureIdx":36,"_color":"#8539d0"}},{"type":"Feature","geometry":{"type":"Polygon","coordinates":[[[10.429774314703355,43.93005203652801],[10.453744439416646,43.93005203652801],[10.453744439416646,43.946012491082286],[10.429774314703355,43.946012491082286],[10.429774314703355,43.93005203652801]]]},"properties":{"name":"Pescaglia","minint_elettorale":"2090430220","minint_finloc":"3090430220","op_id":"4569","prov_name":"Lucca","prov_istat_code":"046","prov_istat_code_num":46,"prov_acr":"LU","reg_name":"Toscana","reg_istat_code":"09","reg_istat_code_num":9,"opdm_id":"4467","com_catasto_code":"G480","com_istat_code":"046022","com_istat_code_num":46022,"_featureIdx":36,"_color":"#8539d0"}},{"type":"Feature","geometry":{"type":"Polygon","coordinates":[[[10.453744439416646,43.93005203652801],[10.477714564129936,43.93005203652801],[10.477714564129936,43.946012491082286],[10.453744439416646,43.946012491082286],[10.453744439416646,43.93005203652801]]]},"properties":{"name":"Borgo a Mozzano","minint_finloc":"3090430040","minint_elettorale":"2090430040","op_id":"4551","prov_name":"Lucca","prov_istat_code":"046","prov_istat_code_num":46,"prov_acr":"LU","reg_name":"Toscana","reg_istat_code":"09","reg_istat_code_num":9,"opdm_id":"4451","com_catasto_code":"B007","com_istat_code":"046004","com_istat_code_num":46004,"_featureIdx":20,"_color":"#3952d0"}},{"type":"Feature","geometry":{"type":"Polygon","coordinates":[[[10.477714564129936,43.93005203652801],[10.501684688843227,43.93005203652801],[10.501684688843227,43.946012491082286],[10.477714564129936,43.946012491082286],[10.477714564129936,43.93005203652801]]]},"properties":{"name":"Borgo a Mozzano","minint_finloc":"3090430040","minint_elettorale":"2090430040","op_id":"4551","prov_name":"Lucca","prov_istat_code":"046","prov_istat_code_num":46,"prov_acr":"LU","reg_name":"Toscana","reg_istat_code":"09","reg_istat_code_num":9,"opdm_id":"4451","com_catasto_code":"B007","com_istat_code":"046004","com_istat_code_num":46004,"_featureIdx":20,"_color":"#3952d0"}},{"type":"Feature","geometry":{"type":"Polygon","coordinates":[[[10.357863940563485,43.946012491082286],[10.381834065276776,43.946012491082286],[10.381834065276776,43.96197294563656],[10.357863940563485,43.96197294563656],[10.357863940563485,43.946012491082286]]]},"properties":{"name":"Pescaglia","minint_elettorale":"2090430220","minint_finloc":"3090430220","op_id":"4569","prov_name":"Lucca","prov_istat_code":"046","prov_istat_code_num":46,"prov_acr":"LU","reg_name":"Toscana","reg_istat_code":"09","reg_istat_code_num":9,"opdm_id":"4467","com_catasto_code":"G480","com_istat_code":"046022","com_istat_code_num":46022,"_featureIdx":36,"_color":"#8539d0"}},{"type":"Feature","geometry":{"type":"Polygon","coordinates":[[[10.381834065276776,43.946012491082286],[10.405804189990066,43.946012491082286],[10.405804189990066,43.96197294563656],[10.381834065276776,43.96197294563656],[10.381834065276776,43.946012491082286]]]},"properties":{"name":"Pescaglia","minint_elettorale":"2090430220","minint_finloc":"3090430220","op_id":"4569","prov_name":"Lucca","prov_istat_code":"046","prov_istat_code_num":46,"prov_acr":"LU","reg_name":"Toscana","reg_istat_code":"09","reg_istat_code_num":9,"opdm_id":"4467","com_catasto_code":"G480","com_istat_code":"046022","com_istat_code_num":46022,"_featureIdx":36,"_color":"#8539d0"}},{"type":"Feature","geometry":{"type":"Polygon","coordinates":[[[10.405804189990064,43.946012491082286],[10.429774314703355,43.946012491082286],[10.429774314703355,43.96197294563656],[10.405804189990064,43.96197294563656],[10.405804189990064,43.946012491082286]]]},"properties":{"name":"Pescaglia","minint_elettorale":"2090430220","minint_finloc":"3090430220","op_id":"4569","prov_name":"Lucca","prov_istat_code":"046","prov_istat_code_num":46,"prov_acr":"LU","reg_name":"Toscana","reg_istat_code":"09","reg_istat_code_num":9,"opdm_id":"4467","com_catasto_code":"G480","com_istat_code":"046022","com_istat_code_num":46022,"_featureIdx":36,"_color":"#8539d0"}},{"type":"Feature","geometry":{"type":"Polygon","coordinates":[[[10.429774314703355,43.946012491082286],[10.453744439416646,43.946012491082286],[10.453744439416646,43.96197294563656],[10.429774314703355,43.96197294563656],[10.429774314703355,43.946012491082286]]]},"properties":{"name":"Pescaglia","minint_elettorale":"2090430220","minint_finloc":"3090430220","op_id":"4569","prov_name":"Lucca","prov_istat_code":"046","prov_istat_code_num":46,"prov_acr":"LU","reg_name":"Toscana","reg_istat_code":"09","reg_istat_code_num":9,"opdm_id":"4467","com_catasto_code":"G480","com_istat_code":"046022","com_istat_code_num":46022,"_featureIdx":36,"_color":"#8539d0"}},{"type":"Feature","geometry":{"type":"Polygon","coordinates":[[[10.453744439416646,43.946012491082286],[10.477714564129936,43.946012491082286],[10.477714564129936,43.96197294563656],[10.453744439416646,43.96197294563656],[10.453744439416646,43.946012491082286]]]},"properties":{"name":"Borgo a Mozzano","minint_finloc":"3090430040","minint_elettorale":"2090430040","op_id":"4551","prov_name":"Lucca","prov_istat_code":"046","prov_istat_code_num":46,"prov_acr":"LU","reg_name":"Toscana","reg_istat_code":"09","reg_istat_code_num":9,"opdm_id":"4451","com_catasto_code":"B007","com_istat_code":"046004","com_istat_code_num":46004,"_featureIdx":20,"_color":"#3952d0"}},{"type":"Feature","geometry":{"type":"Polygon","coordinates":[[[10.477714564129936,43.946012491082286],[10.501684688843227,43.946012491082286],[10.501684688843227,43.96197294563656],[10.477714564129936,43.96197294563656],[10.477714564129936,43.946012491082286]]]},"properties":{"name":"Borgo a Mozzano","minint_finloc":"3090430040","minint_elettorale":"2090430040","op_id":"4551","prov_name":"Lucca","prov_istat_code":"046","prov_istat_code_num":46,"prov_acr":"LU","reg_name":"Toscana","reg_istat_code":"09","reg_istat_code_num":9,"opdm_id":"4451","com_catasto_code":"B007","com_istat_code":"046004","com_istat_code_num":46004,"_featureIdx":20,"_color":"#3952d0"}},{"type":"Feature","geometry":{"type":"Polygon","coordinates":[[[10.525654813556516,43.946012491082286],[10.549624938269806,43.946012491082286],[10.549624938269806,43.96197294563656],[10.525654813556516,43.96197294563656],[10.525654813556516,43.946012491082286]]]},"properties":{"name":"Borgo a Mozzano","minint_finloc":"3090430040","minint_elettorale":"2090430040","op_id":"4551","prov_name":"Lucca","prov_istat_code":"046","prov_istat_code_num":46,"prov_acr":"LU","reg_name":"Toscana","reg_istat_code":"09","reg_istat_code_num":9,"opdm_id":"4451","com_catasto_code":"B007","com_istat_code":"046004","com_istat_code_num":46004,"_featureIdx":20,"_color":"#3952d0"}},{"type":"Feature","geometry":{"type":"Polygon","coordinates":[[[10.549624938269806,43.946012491082286],[10.573595062983097,43.946012491082286],[10.573595062983097,43.96197294563656],[10.549624938269806,43.96197294563656],[10.549624938269806,43.946012491082286]]]},"properties":{"name":"Borgo a Mozzano","minint_finloc":"3090430040","minint_elettorale":"2090430040","op_id":"4551","prov_name":"Lucca","prov_istat_code":"046","prov_istat_code_num":46,"prov_acr":"LU","reg_name":"Toscana","reg_istat_code":"09","reg_istat_code_num":9,"opdm_id":"4451","com_catasto_code":"B007","com_istat_code":"046004","com_istat_code_num":46004,"_featureIdx":20,"_color":"#3952d0"}},{"type":"Feature","geometry":{"type":"Polygon","coordinates":[[[10.573595062983097,43.946012491082286],[10.597565187696388,43.946012491082286],[10.597565187696388,43.96197294563656],[10.573595062983097,43.96197294563656],[10.573595062983097,43.946012491082286]]]},"properties":{"name":"Borgo a Mozzano","minint_finloc":"3090430040","minint_elettorale":"2090430040","op_id":"4551","prov_name":"Lucca","prov_istat_code":"046","prov_istat_code_num":46,"prov_acr":"LU","reg_name":"Toscana","reg_istat_code":"09","reg_istat_code_num":9,"opdm_id":"4451","com_catasto_code":"B007","com_istat_code":"046004","com_istat_code_num":46004,"_featureIdx":20,"_color":"#3952d0"}},{"type":"Feature","geometry":{"type":"Polygon","coordinates":[[[10.357863940563485,43.96197294563655],[10.381834065276776,43.96197294563655],[10.381834065276776,43.97793340019083],[10.357863940563485,43.97793340019083],[10.357863940563485,43.96197294563655]]]},"properties":{"name":"Pescaglia","minint_elettorale":"2090430220","minint_finloc":"3090430220","op_id":"4569","prov_name":"Lucca","prov_istat_code":"046","prov_istat_code_num":46,"prov_acr":"LU","reg_name":"Toscana","reg_istat_code":"09","reg_istat_code_num":9,"opdm_id":"4467","com_catasto_code":"G480","com_istat_code":"046022","com_istat_code_num":46022,"_featureIdx":36,"_color":"#8539d0"}},{"type":"Feature","geometry":{"type":"Polygon","coordinates":[[[10.381834065276776,43.96197294563655],[10.405804189990066,43.96197294563655],[10.405804189990066,43.97793340019083],[10.381834065276776,43.97793340019083],[10.381834065276776,43.96197294563655]]]},"properties":{"name":"Pescaglia","minint_elettorale":"2090430220","minint_finloc":"3090430220","op_id":"4569","prov_name":"Lucca","prov_istat_code":"046","prov_istat_code_num":46,"prov_acr":"LU","reg_name":"Toscana","reg_istat_code":"09","reg_istat_code_num":9,"opdm_id":"4467","com_catasto_code":"G480","com_istat_code":"046022","com_istat_code_num":46022,"_featureIdx":36,"_color":"#8539d0"}},{"type":"Feature","geometry":{"type":"Polygon","coordinates":[[[10.405804189990064,43.96197294563655],[10.429774314703355,43.96197294563655],[10.429774314703355,43.97793340019083],[10.405804189990064,43.97793340019083],[10.405804189990064,43.96197294563655]]]},"properties":{"name":"Pescaglia","minint_elettorale":"2090430220","minint_finloc":"3090430220","op_id":"4569","prov_name":"Lucca","prov_istat_code":"046","prov_istat_code_num":46,"prov_acr":"LU","reg_name":"Toscana","reg_istat_code":"09","reg_istat_code_num":9,"opdm_id":"4467","com_catasto_code":"G480","com_istat_code":"046022","com_istat_code_num":46022,"_featureIdx":36,"_color":"#8539d0"}},{"type":"Feature","geometry":{"type":"Polygon","coordinates":[[[10.429774314703355,43.96197294563655],[10.453744439416646,43.96197294563655],[10.453744439416646,43.97793340019083],[10.429774314703355,43.97793340019083],[10.429774314703355,43.96197294563655]]]},"properties":{"name":"Pescaglia","minint_elettorale":"2090430220","minint_finloc":"3090430220","op_id":"4569","prov_name":"Lucca","prov_istat_code":"046","prov_istat_code_num":46,"prov_acr":"LU","reg_name":"Toscana","reg_istat_code":"09","reg_istat_code_num":9,"opdm_id":"4467","com_catasto_code":"G480","com_istat_code":"046022","com_istat_code_num":46022,"_featureIdx":36,"_color":"#8539d0"}},{"type":"Feature","geometry":{"type":"Polygon","coordinates":[[[10.453744439416646,43.96197294563655],[10.477714564129936,43.96197294563655],[10.477714564129936,43.97793340019083],[10.453744439416646,43.97793340019083],[10.453744439416646,43.96197294563655]]]},"properties":{"name":"Pescaglia","minint_elettorale":"2090430220","minint_finloc":"3090430220","op_id":"4569","prov_name":"Lucca","prov_istat_code":"046","prov_istat_code_num":46,"prov_acr":"LU","reg_name":"Toscana","reg_istat_code":"09","reg_istat_code_num":9,"opdm_id":"4467","com_catasto_code":"G480","com_istat_code":"046022","com_istat_code_num":46022,"_featureIdx":36,"_color":"#8539d0"}},{"type":"Feature","geometry":{"type":"Polygon","coordinates":[[[10.477714564129936,43.96197294563655],[10.501684688843227,43.96197294563655],[10.501684688843227,43.97793340019083],[10.477714564129936,43.97793340019083],[10.477714564129936,43.96197294563655]]]},"properties":{"name":"Borgo a Mozzano","minint_finloc":"3090430040","minint_elettorale":"2090430040","op_id":"4551","prov_name":"Lucca","prov_istat_code":"046","prov_istat_code_num":46,"prov_acr":"LU","reg_name":"Toscana","reg_istat_code":"09","reg_istat_code_num":9,"opdm_id":"4451","com_catasto_code":"B007","com_istat_code":"046004","com_istat_code_num":46004,"_featureIdx":20,"_color":"#3952d0"}},{"type":"Feature","geometry":{"type":"Polygon","coordinates":[[[10.501684688843227,43.96197294563655],[10.525654813556518,43.96197294563655],[10.525654813556518,43.97793340019083],[10.501684688843227,43.97793340019083],[10.501684688843227,43.96197294563655]]]},"properties":{"name":"Borgo a Mozzano","minint_finloc":"3090430040","minint_elettorale":"2090430040","op_id":"4551","prov_name":"Lucca","prov_istat_code":"046","prov_istat_code_num":46,"prov_acr":"LU","reg_name":"Toscana","reg_istat_code":"09","reg_istat_code_num":9,"opdm_id":"4451","com_catasto_code":"B007","com_istat_code":"046004","com_istat_code_num":46004,"_featureIdx":20,"_color":"#3952d0"}},{"type":"Feature","geometry":{"type":"Polygon","coordinates":[[[10.525654813556516,43.96197294563655],[10.549624938269806,43.96197294563655],[10.549624938269806,43.97793340019083],[10.525654813556516,43.97793340019083],[10.525654813556516,43.96197294563655]]]},"properties":{"name":"Borgo a Mozzano","minint_finloc":"3090430040","minint_elettorale":"2090430040","op_id":"4551","prov_name":"Lucca","prov_istat_code":"046","prov_istat_code_num":46,"prov_acr":"LU","reg_name":"Toscana","reg_istat_code":"09","reg_istat_code_num":9,"opdm_id":"4451","com_catasto_code":"B007","com_istat_code":"046004","com_istat_code_num":46004,"_featureIdx":20,"_color":"#3952d0"}},{"type":"Feature","geometry":{"type":"Polygon","coordinates":[[[10.549624938269806,43.96197294563655],[10.573595062983097,43.96197294563655],[10.573595062983097,43.97793340019083],[10.549624938269806,43.97793340019083],[10.549624938269806,43.96197294563655]]]},"properties":{"name":"Borgo a Mozzano","minint_finloc":"3090430040","minint_elettorale":"2090430040","op_id":"4551","prov_name":"Lucca","prov_istat_code":"046","prov_istat_code_num":46,"prov_acr":"LU","reg_name":"Toscana","reg_istat_code":"09","reg_istat_code_num":9,"opdm_id":"4451","com_catasto_code":"B007","com_istat_code":"046004","com_istat_code_num":46004,"_featureIdx":20,"_color":"#3952d0"}},{"type":"Feature","geometry":{"type":"Polygon","coordinates":[[[10.573595062983097,43.96197294563655],[10.597565187696388,43.96197294563655],[10.597565187696388,43.97793340019083],[10.573595062983097,43.97793340019083],[10.573595062983097,43.96197294563655]]]},"properties":{"name":"Bagni di Lucca","minint_elettorale":"2090430020","minint_finloc":"3090430020","op_id":"4549","prov_name":"Lucca","prov_istat_code":"046","prov_istat_code_num":46,"prov_acr":"LU","reg_name":"Toscana","reg_istat_code":"09","reg_istat_code_num":9,"opdm_id":"4449","com_catasto_code":"A560","com_istat_code":"046002","com_istat_code_num":46002,"_featureIdx":18,"_color":"#d039aa"}},{"type":"Feature","geometry":{"type":"Polygon","coordinates":[[[10.597565187696388,43.96197294563655],[10.621535312409678,43.96197294563655],[10.621535312409678,43.97793340019083],[10.597565187696388,43.97793340019083],[10.597565187696388,43.96197294563655]]]},"properties":{"name":"Bagni di Lucca","minint_elettorale":"2090430020","minint_finloc":"3090430020","op_id":"4549","prov_name":"Lucca","prov_istat_code":"046","prov_istat_code_num":46,"prov_acr":"LU","reg_name":"Toscana","reg_istat_code":"09","reg_istat_code_num":9,"opdm_id":"4449","com_catasto_code":"A560","com_istat_code":"046002","com_istat_code_num":46002,"_featureIdx":18,"_color":"#d039aa"}},{"type":"Feature","geometry":{"type":"Polygon","coordinates":[[[10.357863940563485,43.97793340019083],[10.381834065276776,43.97793340019083],[10.381834065276776,43.9938938547451],[10.357863940563485,43.9938938547451],[10.357863940563485,43.97793340019083]]]},"properties":{"name":"Pescaglia","minint_elettorale":"2090430220","minint_finloc":"3090430220","op_id":"4569","prov_name":"Lucca","prov_istat_code":"046","prov_istat_code_num":46,"prov_acr":"LU","reg_name":"Toscana","reg_istat_code":"09","reg_istat_code_num":9,"opdm_id":"4467","com_catasto_code":"G480","com_istat_code":"046022","com_istat_code_num":46022,"_featureIdx":36,"_color":"#8539d0"}},{"type":"Feature","geometry":{"type":"Polygon","coordinates":[[[10.381834065276776,43.97793340019083],[10.405804189990066,43.97793340019083],[10.405804189990066,43.9938938547451],[10.381834065276776,43.9938938547451],[10.381834065276776,43.97793340019083]]]},"properties":{"name":"Pescaglia","minint_elettorale":"2090430220","minint_finloc":"3090430220","op_id":"4569","prov_name":"Lucca","prov_istat_code":"046","prov_istat_code_num":46,"prov_acr":"LU","reg_name":"Toscana","reg_istat_code":"09","reg_istat_code_num":9,"opdm_id":"4467","com_catasto_code":"G480","com_istat_code":"046022","com_istat_code_num":46022,"_featureIdx":36,"_color":"#8539d0"}},{"type":"Feature","geometry":{"type":"Polygon","coordinates":[[[10.405804189990064,43.97793340019083],[10.429774314703355,43.97793340019083],[10.429774314703355,43.9938938547451],[10.405804189990064,43.9938938547451],[10.405804189990064,43.97793340019083]]]},"properties":{"name":"Pescaglia","minint_elettorale":"2090430220","minint_finloc":"3090430220","op_id":"4569","prov_name":"Lucca","prov_istat_code":"046","prov_istat_code_num":46,"prov_acr":"LU","reg_name":"Toscana","reg_istat_code":"09","reg_istat_code_num":9,"opdm_id":"4467","com_catasto_code":"G480","com_istat_code":"046022","com_istat_code_num":46022,"_featureIdx":36,"_color":"#8539d0"}},{"type":"Feature","geometry":{"type":"Polygon","coordinates":[[[10.429774314703355,43.97793340019083],[10.453744439416646,43.97793340019083],[10.453744439416646,43.9938938547451],[10.429774314703355,43.9938938547451],[10.429774314703355,43.97793340019083]]]},"properties":{"name":"Pescaglia","minint_elettorale":"2090430220","minint_finloc":"3090430220","op_id":"4569","prov_name":"Lucca","prov_istat_code":"046","prov_istat_code_num":46,"prov_acr":"LU","reg_name":"Toscana","reg_istat_code":"09","reg_istat_code_num":9,"opdm_id":"4467","com_catasto_code":"G480","com_istat_code":"046022","com_istat_code_num":46022,"_featureIdx":36,"_color":"#8539d0"}},{"type":"Feature","geometry":{"type":"Polygon","coordinates":[[[10.453744439416646,43.97793340019083],[10.477714564129936,43.97793340019083],[10.477714564129936,43.9938938547451],[10.453744439416646,43.9938938547451],[10.453744439416646,43.97793340019083]]]},"properties":{"name":"Pescaglia","minint_elettorale":"2090430220","minint_finloc":"3090430220","op_id":"4569","prov_name":"Lucca","prov_istat_code":"046","prov_istat_code_num":46,"prov_acr":"LU","reg_name":"Toscana","reg_istat_code":"09","reg_istat_code_num":9,"opdm_id":"4467","com_catasto_code":"G480","com_istat_code":"046022","com_istat_code_num":46022,"_featureIdx":36,"_color":"#8539d0"}},{"type":"Feature","geometry":{"type":"Polygon","coordinates":[[[10.477714564129936,43.97793340019083],[10.501684688843227,43.97793340019083],[10.501684688843227,43.9938938547451],[10.477714564129936,43.9938938547451],[10.477714564129936,43.97793340019083]]]},"properties":{"name":"Pescaglia","minint_elettorale":"2090430220","minint_finloc":"3090430220","op_id":"4569","prov_name":"Lucca","prov_istat_code":"046","prov_istat_code_num":46,"prov_acr":"LU","reg_name":"Toscana","reg_istat_code":"09","reg_istat_code_num":9,"opdm_id":"4467","com_catasto_code":"G480","com_istat_code":"046022","com_istat_code_num":46022,"_featureIdx":36,"_color":"#8539d0"}},{"type":"Feature","geometry":{"type":"Polygon","coordinates":[[[10.501684688843227,43.97793340019083],[10.525654813556518,43.97793340019083],[10.525654813556518,43.9938938547451],[10.501684688843227,43.9938938547451],[10.501684688843227,43.97793340019083]]]},"properties":{"name":"Borgo a Mozzano","minint_finloc":"3090430040","minint_elettorale":"2090430040","op_id":"4551","prov_name":"Lucca","prov_istat_code":"046","prov_istat_code_num":46,"prov_acr":"LU","reg_name":"Toscana","reg_istat_code":"09","reg_istat_code_num":9,"opdm_id":"4451","com_catasto_code":"B007","com_istat_code":"046004","com_istat_code_num":46004,"_featureIdx":20,"_color":"#3952d0"}},{"type":"Feature","geometry":{"type":"Polygon","coordinates":[[[10.525654813556516,43.97793340019083],[10.549624938269806,43.97793340019083],[10.549624938269806,43.9938938547451],[10.525654813556516,43.9938938547451],[10.525654813556516,43.97793340019083]]]},"properties":{"name":"Borgo a Mozzano","minint_finloc":"3090430040","minint_elettorale":"2090430040","op_id":"4551","prov_name":"Lucca","prov_istat_code":"046","prov_istat_code_num":46,"prov_acr":"LU","reg_name":"Toscana","reg_istat_code":"09","reg_istat_code_num":9,"opdm_id":"4451","com_catasto_code":"B007","com_istat_code":"046004","com_istat_code_num":46004,"_featureIdx":20,"_color":"#3952d0"}},{"type":"Feature","geometry":{"type":"Polygon","coordinates":[[[10.549624938269806,43.97793340019083],[10.573595062983097,43.97793340019083],[10.573595062983097,43.9938938547451],[10.549624938269806,43.9938938547451],[10.549624938269806,43.97793340019083]]]},"properties":{"name":"Borgo a Mozzano","minint_finloc":"3090430040","minint_elettorale":"2090430040","op_id":"4551","prov_name":"Lucca","prov_istat_code":"046","prov_istat_code_num":46,"prov_acr":"LU","reg_name":"Toscana","reg_istat_code":"09","reg_istat_code_num":9,"opdm_id":"4451","com_catasto_code":"B007","com_istat_code":"046004","com_istat_code_num":46004,"_featureIdx":20,"_color":"#3952d0"}},{"type":"Feature","geometry":{"type":"Polygon","coordinates":[[[10.573595062983097,43.97793340019083],[10.597565187696388,43.97793340019083],[10.597565187696388,43.9938938547451],[10.573595062983097,43.9938938547451],[10.573595062983097,43.97793340019083]]]},"properties":{"name":"Bagni di Lucca","minint_elettorale":"2090430020","minint_finloc":"3090430020","op_id":"4549","prov_name":"Lucca","prov_istat_code":"046","prov_istat_code_num":46,"prov_acr":"LU","reg_name":"Toscana","reg_istat_code":"09","reg_istat_code_num":9,"opdm_id":"4449","com_catasto_code":"A560","com_istat_code":"046002","com_istat_code_num":46002,"_featureIdx":18,"_color":"#d039aa"}},{"type":"Feature","geometry":{"type":"Polygon","coordinates":[[[10.597565187696388,43.97793340019083],[10.621535312409678,43.97793340019083],[10.621535312409678,43.9938938547451],[10.597565187696388,43.9938938547451],[10.597565187696388,43.97793340019083]]]},"properties":{"name":"Bagni di Lucca","minint_elettorale":"2090430020","minint_finloc":"3090430020","op_id":"4549","prov_name":"Lucca","prov_istat_code":"046","prov_istat_code_num":46,"prov_acr":"LU","reg_name":"Toscana","reg_istat_code":"09","reg_istat_code_num":9,"opdm_id":"4449","com_catasto_code":"A560","com_istat_code":"046002","com_istat_code_num":46002,"_featureIdx":18,"_color":"#d039aa"}},{"type":"Feature","geometry":{"type":"Polygon","coordinates":[[[10.621535312409678,43.97793340019083],[10.645505437122969,43.97793340019083],[10.645505437122969,43.9938938547451],[10.621535312409678,43.9938938547451],[10.621535312409678,43.97793340019083]]]},"properties":{"name":"Bagni di Lucca","minint_elettorale":"2090430020","minint_finloc":"3090430020","op_id":"4549","prov_name":"Lucca","prov_istat_code":"046","prov_istat_code_num":46,"prov_acr":"LU","reg_name":"Toscana","reg_istat_code":"09","reg_istat_code_num":9,"opdm_id":"4449","com_catasto_code":"A560","com_istat_code":"046002","com_istat_code_num":46002,"_featureIdx":18,"_color":"#d039aa"}},{"type":"Feature","geometry":{"type":"Polygon","coordinates":[[[10.645505437122967,43.97793340019083],[10.669475561836258,43.97793340019083],[10.669475561836258,43.9938938547451],[10.645505437122967,43.9938938547451],[10.645505437122967,43.97793340019083]]]},"properties":{"name":"Bagni di Lucca","minint_elettorale":"2090430020","minint_finloc":"3090430020","op_id":"4549","prov_name":"Lucca","prov_istat_code":"046","prov_istat_code_num":46,"prov_acr":"LU","reg_name":"Toscana","reg_istat_code":"09","reg_istat_code_num":9,"opdm_id":"4449","com_catasto_code":"A560","com_istat_code":"046002","com_istat_code_num":46002,"_featureIdx":18,"_color":"#d039aa"}},{"type":"Feature","geometry":{"type":"Polygon","coordinates":[[[10.717415811262839,43.97793340019083],[10.74138593597613,43.97793340019083],[10.74138593597613,43.9938938547451],[10.717415811262839,43.9938938547451],[10.717415811262839,43.97793340019083]]]},"properties":{"name":"San Marcello Piteglio","minint_elettorale":"2090630185","op_id":"8305","prov_name":"Pistoia","prov_istat_code":"047","prov_istat_code_num":47,"prov_acr":"PT","reg_name":"Toscana","reg_istat_code":"09","reg_istat_code_num":9,"opdm_id":"4500","com_catasto_code":"M377","com_istat_code":"047024","com_istat_code_num":47024,"_featureIdx":69,"_color":"#39d04d"}},{"type":"Feature","geometry":{"type":"Polygon","coordinates":[[[10.74138593597613,43.97793340019083],[10.76535606068942,43.97793340019083],[10.76535606068942,43.9938938547451],[10.74138593597613,43.9938938547451],[10.74138593597613,43.97793340019083]]]},"properties":{"name":"San Marcello Piteglio","minint_elettorale":"2090630185","op_id":"8305","prov_name":"Pistoia","prov_istat_code":"047","prov_istat_code_num":47,"prov_acr":"PT","reg_name":"Toscana","reg_istat_code":"09","reg_istat_code_num":9,"opdm_id":"4500","com_catasto_code":"M377","com_istat_code":"047024","com_istat_code_num":47024,"_featureIdx":69,"_color":"#39d04d"}},{"type":"Feature","geometry":{"type":"Polygon","coordinates":[[[10.76535606068942,43.97793340019083],[10.789326185402711,43.97793340019083],[10.789326185402711,43.9938938547451],[10.76535606068942,43.9938938547451],[10.76535606068942,43.97793340019083]]]},"properties":{"name":"San Marcello Piteglio","minint_elettorale":"2090630185","op_id":"8305","prov_name":"Pistoia","prov_istat_code":"047","prov_istat_code_num":47,"prov_acr":"PT","reg_name":"Toscana","reg_istat_code":"09","reg_istat_code_num":9,"opdm_id":"4500","com_catasto_code":"M377","com_istat_code":"047024","com_istat_code_num":47024,"_featureIdx":69,"_color":"#39d04d"}},{"type":"Feature","geometry":{"type":"Polygon","coordinates":[[[10.381834065276776,43.9938938547451],[10.405804189990066,43.9938938547451],[10.405804189990066,44.00985430929938],[10.381834065276776,44.00985430929938],[10.381834065276776,43.9938938547451]]]},"properties":{"name":"Fabbriche di Vergemoli","minint_elettorale":"2090430125","op_id":"8268","minint_finloc":"3090430125","prov_name":"Lucca","prov_istat_code":"046","prov_istat_code_num":46,"prov_acr":"LU","reg_name":"Toscana","reg_istat_code":"09","reg_istat_code_num":9,"opdm_id":"4479","com_catasto_code":"M319","com_istat_code":"046036","com_istat_code_num":46036,"_featureIdx":48,"_color":"#39d03a"}},{"type":"Feature","geometry":{"type":"Polygon","coordinates":[[[10.405804189990064,43.9938938547451],[10.429774314703355,43.9938938547451],[10.429774314703355,44.00985430929938],[10.405804189990064,44.00985430929938],[10.405804189990064,43.9938938547451]]]},"properties":{"name":"Fabbriche di Vergemoli","minint_elettorale":"2090430125","op_id":"8268","minint_finloc":"3090430125","prov_name":"Lucca","prov_istat_code":"046","prov_istat_code_num":46,"prov_acr":"LU","reg_name":"Toscana","reg_istat_code":"09","reg_istat_code_num":9,"opdm_id":"4479","com_catasto_code":"M319","com_istat_code":"046036","com_istat_code_num":46036,"_featureIdx":48,"_color":"#39d03a"}},{"type":"Feature","geometry":{"type":"Polygon","coordinates":[[[10.429774314703355,43.9938938547451],[10.453744439416646,43.9938938547451],[10.453744439416646,44.00985430929938],[10.429774314703355,44.00985430929938],[10.429774314703355,43.9938938547451]]]},"properties":{"name":"Fabbriche di Vergemoli","minint_elettorale":"2090430125","op_id":"8268","minint_finloc":"3090430125","prov_name":"Lucca","prov_istat_code":"046","prov_istat_code_num":46,"prov_acr":"LU","reg_name":"Toscana","reg_istat_code":"09","reg_istat_code_num":9,"opdm_id":"4479","com_catasto_code":"M319","com_istat_code":"046036","com_istat_code_num":46036,"_featureIdx":48,"_color":"#39d03a"}},{"type":"Feature","geometry":{"type":"Polygon","coordinates":[[[10.453744439416646,43.9938938547451],[10.477714564129936,43.9938938547451],[10.477714564129936,44.00985430929938],[10.453744439416646,44.00985430929938],[10.453744439416646,43.9938938547451]]]},"properties":{"name":"Borgo a Mozzano","minint_finloc":"3090430040","minint_elettorale":"2090430040","op_id":"4551","prov_name":"Lucca","prov_istat_code":"046","prov_istat_code_num":46,"prov_acr":"LU","reg_name":"Toscana","reg_istat_code":"09","reg_istat_code_num":9,"opdm_id":"4451","com_catasto_code":"B007","com_istat_code":"046004","com_istat_code_num":46004,"_featureIdx":20,"_color":"#3952d0"}},{"type":"Feature","geometry":{"type":"Polygon","coordinates":[[[10.477714564129936,43.9938938547451],[10.501684688843227,43.9938938547451],[10.501684688843227,44.00985430929938],[10.477714564129936,44.00985430929938],[10.477714564129936,43.9938938547451]]]},"properties":{"name":"Borgo a Mozzano","minint_finloc":"3090430040","minint_elettorale":"2090430040","op_id":"4551","prov_name":"Lucca","prov_istat_code":"046","prov_istat_code_num":46,"prov_acr":"LU","reg_name":"Toscana","reg_istat_code":"09","reg_istat_code_num":9,"opdm_id":"4451","com_catasto_code":"B007","com_istat_code":"046004","com_istat_code_num":46004,"_featureIdx":20,"_color":"#3952d0"}},{"type":"Feature","geometry":{"type":"Polygon","coordinates":[[[10.501684688843227,43.9938938547451],[10.525654813556518,43.9938938547451],[10.525654813556518,44.00985430929938],[10.501684688843227,44.00985430929938],[10.501684688843227,43.9938938547451]]]},"properties":{"name":"Borgo a Mozzano","minint_finloc":"3090430040","minint_elettorale":"2090430040","op_id":"4551","prov_name":"Lucca","prov_istat_code":"046","prov_istat_code_num":46,"prov_acr":"LU","reg_name":"Toscana","reg_istat_code":"09","reg_istat_code_num":9,"opdm_id":"4451","com_catasto_code":"B007","com_istat_code":"046004","com_istat_code_num":46004,"_featureIdx":20,"_color":"#3952d0"}},{"type":"Feature","geometry":{"type":"Polygon","coordinates":[[[10.525654813556516,43.9938938547451],[10.549624938269806,43.9938938547451],[10.549624938269806,44.00985430929938],[10.525654813556516,44.00985430929938],[10.525654813556516,43.9938938547451]]]},"properties":{"name":"Borgo a Mozzano","minint_finloc":"3090430040","minint_elettorale":"2090430040","op_id":"4551","prov_name":"Lucca","prov_istat_code":"046","prov_istat_code_num":46,"prov_acr":"LU","reg_name":"Toscana","reg_istat_code":"09","reg_istat_code_num":9,"opdm_id":"4451","com_catasto_code":"B007","com_istat_code":"046004","com_istat_code_num":46004,"_featureIdx":20,"_color":"#3952d0"}},{"type":"Feature","geometry":{"type":"Polygon","coordinates":[[[10.549624938269806,43.9938938547451],[10.573595062983097,43.9938938547451],[10.573595062983097,44.00985430929938],[10.549624938269806,44.00985430929938],[10.549624938269806,43.9938938547451]]]},"properties":{"name":"Borgo a Mozzano","minint_finloc":"3090430040","minint_elettorale":"2090430040","op_id":"4551","prov_name":"Lucca","prov_istat_code":"046","prov_istat_code_num":46,"prov_acr":"LU","reg_name":"Toscana","reg_istat_code":"09","reg_istat_code_num":9,"opdm_id":"4451","com_catasto_code":"B007","com_istat_code":"046004","com_istat_code_num":46004,"_featureIdx":20,"_color":"#3952d0"}},{"type":"Feature","geometry":{"type":"Polygon","coordinates":[[[10.573595062983097,43.9938938547451],[10.597565187696388,43.9938938547451],[10.597565187696388,44.00985430929938],[10.573595062983097,44.00985430929938],[10.573595062983097,43.9938938547451]]]},"properties":{"name":"Bagni di Lucca","minint_elettorale":"2090430020","minint_finloc":"3090430020","op_id":"4549","prov_name":"Lucca","prov_istat_code":"046","prov_istat_code_num":46,"prov_acr":"LU","reg_name":"Toscana","reg_istat_code":"09","reg_istat_code_num":9,"opdm_id":"4449","com_catasto_code":"A560","com_istat_code":"046002","com_istat_code_num":46002,"_featureIdx":18,"_color":"#d039aa"}},{"type":"Feature","geometry":{"type":"Polygon","coordinates":[[[10.597565187696388,43.9938938547451],[10.621535312409678,43.9938938547451],[10.621535312409678,44.00985430929938],[10.597565187696388,44.00985430929938],[10.597565187696388,43.9938938547451]]]},"properties":{"name":"Bagni di Lucca","minint_elettorale":"2090430020","minint_finloc":"3090430020","op_id":"4549","prov_name":"Lucca","prov_istat_code":"046","prov_istat_code_num":46,"prov_acr":"LU","reg_name":"Toscana","reg_istat_code":"09","reg_istat_code_num":9,"opdm_id":"4449","com_catasto_code":"A560","com_istat_code":"046002","com_istat_code_num":46002,"_featureIdx":18,"_color":"#d039aa"}},{"type":"Feature","geometry":{"type":"Polygon","coordinates":[[[10.621535312409678,43.9938938547451],[10.645505437122969,43.9938938547451],[10.645505437122969,44.00985430929938],[10.621535312409678,44.00985430929938],[10.621535312409678,43.9938938547451]]]},"properties":{"name":"Bagni di Lucca","minint_elettorale":"2090430020","minint_finloc":"3090430020","op_id":"4549","prov_name":"Lucca","prov_istat_code":"046","prov_istat_code_num":46,"prov_acr":"LU","reg_name":"Toscana","reg_istat_code":"09","reg_istat_code_num":9,"opdm_id":"4449","com_catasto_code":"A560","com_istat_code":"046002","com_istat_code_num":46002,"_featureIdx":18,"_color":"#d039aa"}},{"type":"Feature","geometry":{"type":"Polygon","coordinates":[[[10.645505437122967,43.9938938547451],[10.669475561836258,43.9938938547451],[10.669475561836258,44.00985430929938],[10.645505437122967,44.00985430929938],[10.645505437122967,43.9938938547451]]]},"properties":{"name":"Bagni di Lucca","minint_elettorale":"2090430020","minint_finloc":"3090430020","op_id":"4549","prov_name":"Lucca","prov_istat_code":"046","prov_istat_code_num":46,"prov_acr":"LU","reg_name":"Toscana","reg_istat_code":"09","reg_istat_code_num":9,"opdm_id":"4449","com_catasto_code":"A560","com_istat_code":"046002","com_istat_code_num":46002,"_featureIdx":18,"_color":"#d039aa"}},{"type":"Feature","geometry":{"type":"Polygon","coordinates":[[[10.669475561836258,43.9938938547451],[10.693445686549548,43.9938938547451],[10.693445686549548,44.00985430929938],[10.669475561836258,44.00985430929938],[10.669475561836258,43.9938938547451]]]},"properties":{"name":"Bagni di Lucca","minint_elettorale":"2090430020","minint_finloc":"3090430020","op_id":"4549","prov_name":"Lucca","prov_istat_code":"046","prov_istat_code_num":46,"prov_acr":"LU","reg_name":"Toscana","reg_istat_code":"09","reg_istat_code_num":9,"opdm_id":"4449","com_catasto_code":"A560","com_istat_code":"046002","com_istat_code_num":46002,"_featureIdx":18,"_color":"#d039aa"}},{"type":"Feature","geometry":{"type":"Polygon","coordinates":[[[10.74138593597613,43.9938938547451],[10.76535606068942,43.9938938547451],[10.76535606068942,44.00985430929938],[10.74138593597613,44.00985430929938],[10.74138593597613,43.9938938547451]]]},"properties":{"name":"San Marcello Piteglio","minint_elettorale":"2090630185","op_id":"8305","prov_name":"Pistoia","prov_istat_code":"047","prov_istat_code_num":47,"prov_acr":"PT","reg_name":"Toscana","reg_istat_code":"09","reg_istat_code_num":9,"opdm_id":"4500","com_catasto_code":"M377","com_istat_code":"047024","com_istat_code_num":47024,"_featureIdx":69,"_color":"#39d04d"}},{"type":"Feature","geometry":{"type":"Polygon","coordinates":[[[10.76535606068942,43.9938938547451],[10.789326185402711,43.9938938547451],[10.789326185402711,44.00985430929938],[10.76535606068942,44.00985430929938],[10.76535606068942,43.9938938547451]]]},"properties":{"name":"San Marcello Piteglio","minint_elettorale":"2090630185","op_id":"8305","prov_name":"Pistoia","prov_istat_code":"047","prov_istat_code_num":47,"prov_acr":"PT","reg_name":"Toscana","reg_istat_code":"09","reg_istat_code_num":9,"opdm_id":"4500","com_catasto_code":"M377","com_istat_code":"047024","com_istat_code_num":47024,"_featureIdx":69,"_color":"#39d04d"}},{"type":"Feature","geometry":{"type":"Polygon","coordinates":[[[10.78932618540271,43.9938938547451],[10.813296310116,43.9938938547451],[10.813296310116,44.00985430929938],[10.78932618540271,44.00985430929938],[10.78932618540271,43.9938938547451]]]},"properties":{"name":"San Marcello Piteglio","minint_elettorale":"2090630185","op_id":"8305","prov_name":"Pistoia","prov_istat_code":"047","prov_istat_code_num":47,"prov_acr":"PT","reg_name":"Toscana","reg_istat_code":"09","reg_istat_code_num":9,"opdm_id":"4500","com_catasto_code":"M377","com_istat_code":"047024","com_istat_code_num":47024,"_featureIdx":69,"_color":"#39d04d"}},{"type":"Feature","geometry":{"type":"Polygon","coordinates":[[[10.357863940563485,44.00985430929937],[10.381834065276776,44.00985430929937],[10.381834065276776,44.025814763853646],[10.357863940563485,44.025814763853646],[10.357863940563485,44.00985430929937]]]},"properties":{"name":"Fabbriche di Vergemoli","minint_elettorale":"2090430125","op_id":"8268","minint_finloc":"3090430125","prov_name":"Lucca","prov_istat_code":"046","prov_istat_code_num":46,"prov_acr":"LU","reg_name":"Toscana","reg_istat_code":"09","reg_istat_code_num":9,"opdm_id":"4479","com_catasto_code":"M319","com_istat_code":"046036","com_istat_code_num":46036,"_featureIdx":48,"_color":"#39d03a"}},{"type":"Feature","geometry":{"type":"Polygon","coordinates":[[[10.381834065276776,44.00985430929937],[10.405804189990066,44.00985430929937],[10.405804189990066,44.025814763853646],[10.381834065276776,44.025814763853646],[10.381834065276776,44.00985430929937]]]},"properties":{"name":"Fabbriche di Vergemoli","minint_elettorale":"2090430125","op_id":"8268","minint_finloc":"3090430125","prov_name":"Lucca","prov_istat_code":"046","prov_istat_code_num":46,"prov_acr":"LU","reg_name":"Toscana","reg_istat_code":"09","reg_istat_code_num":9,"opdm_id":"4479","com_catasto_code":"M319","com_istat_code":"046036","com_istat_code_num":46036,"_featureIdx":48,"_color":"#39d03a"}},{"type":"Feature","geometry":{"type":"Polygon","coordinates":[[[10.405804189990064,44.00985430929937],[10.429774314703355,44.00985430929937],[10.429774314703355,44.025814763853646],[10.405804189990064,44.025814763853646],[10.405804189990064,44.00985430929937]]]},"properties":{"name":"Fabbriche di Vergemoli","minint_elettorale":"2090430125","op_id":"8268","minint_finloc":"3090430125","prov_name":"Lucca","prov_istat_code":"046","prov_istat_code_num":46,"prov_acr":"LU","reg_name":"Toscana","reg_istat_code":"09","reg_istat_code_num":9,"opdm_id":"4479","com_catasto_code":"M319","com_istat_code":"046036","com_istat_code_num":46036,"_featureIdx":48,"_color":"#39d03a"}},{"type":"Feature","geometry":{"type":"Polygon","coordinates":[[[10.429774314703355,44.00985430929937],[10.453744439416646,44.00985430929937],[10.453744439416646,44.025814763853646],[10.429774314703355,44.025814763853646],[10.429774314703355,44.00985430929937]]]},"properties":{"name":"Fabbriche di Vergemoli","minint_elettorale":"2090430125","op_id":"8268","minint_finloc":"3090430125","prov_name":"Lucca","prov_istat_code":"046","prov_istat_code_num":46,"prov_acr":"LU","reg_name":"Toscana","reg_istat_code":"09","reg_istat_code_num":9,"opdm_id":"4479","com_catasto_code":"M319","com_istat_code":"046036","com_istat_code_num":46036,"_featureIdx":48,"_color":"#39d03a"}},{"type":"Feature","geometry":{"type":"Polygon","coordinates":[[[10.453744439416646,44.00985430929937],[10.477714564129936,44.00985430929937],[10.477714564129936,44.025814763853646],[10.453744439416646,44.025814763853646],[10.453744439416646,44.00985430929937]]]},"properties":{"name":"Gallicano","minint_elettorale":"2090430150","op_id":"4562","minint_finloc":"3090430150","prov_name":"Lucca","prov_istat_code":"046","prov_istat_code_num":46,"prov_acr":"LU","reg_name":"Toscana","reg_istat_code":"09","reg_istat_code_num":9,"opdm_id":"4461","com_catasto_code":"D874","com_istat_code":"046015","com_istat_code_num":46015,"_featureIdx":30,"_color":"#39d0ab"}},{"type":"Feature","geometry":{"type":"Polygon","coordinates":[[[10.477714564129936,44.00985430929937],[10.501684688843227,44.00985430929937],[10.501684688843227,44.025814763853646],[10.477714564129936,44.025814763853646],[10.477714564129936,44.00985430929937]]]},"properties":{"name":"Borgo a Mozzano","minint_finloc":"3090430040","minint_elettorale":"2090430040","op_id":"4551","prov_name":"Lucca","prov_istat_code":"046","prov_istat_code_num":46,"prov_acr":"LU","reg_name":"Toscana","reg_istat_code":"09","reg_istat_code_num":9,"opdm_id":"4451","com_catasto_code":"B007","com_istat_code":"046004","com_istat_code_num":46004,"_featureIdx":20,"_color":"#3952d0"}},{"type":"Feature","geometry":{"type":"Polygon","coordinates":[[[10.501684688843227,44.00985430929937],[10.525654813556518,44.00985430929937],[10.525654813556518,44.025814763853646],[10.501684688843227,44.025814763853646],[10.501684688843227,44.00985430929937]]]},"properties":{"name":"Borgo a Mozzano","minint_finloc":"3090430040","minint_elettorale":"2090430040","op_id":"4551","prov_name":"Lucca","prov_istat_code":"046","prov_istat_code_num":46,"prov_acr":"LU","reg_name":"Toscana","reg_istat_code":"09","reg_istat_code_num":9,"opdm_id":"4451","com_catasto_code":"B007","com_istat_code":"046004","com_istat_code_num":46004,"_featureIdx":20,"_color":"#3952d0"}},{"type":"Feature","geometry":{"type":"Polygon","coordinates":[[[10.525654813556516,44.00985430929937],[10.549624938269806,44.00985430929937],[10.549624938269806,44.025814763853646],[10.525654813556516,44.025814763853646],[10.525654813556516,44.00985430929937]]]},"properties":{"name":"Borgo a Mozzano","minint_finloc":"3090430040","minint_elettorale":"2090430040","op_id":"4551","prov_name":"Lucca","prov_istat_code":"046","prov_istat_code_num":46,"prov_acr":"LU","reg_name":"Toscana","reg_istat_code":"09","reg_istat_code_num":9,"opdm_id":"4451","com_catasto_code":"B007","com_istat_code":"046004","com_istat_code_num":46004,"_featureIdx":20,"_color":"#3952d0"}},{"type":"Feature","geometry":{"type":"Polygon","coordinates":[[[10.549624938269806,44.00985430929937],[10.573595062983097,44.00985430929937],[10.573595062983097,44.025814763853646],[10.549624938269806,44.025814763853646],[10.549624938269806,44.00985430929937]]]},"properties":{"name":"Bagni di Lucca","minint_elettorale":"2090430020","minint_finloc":"3090430020","op_id":"4549","prov_name":"Lucca","prov_istat_code":"046","prov_istat_code_num":46,"prov_acr":"LU","reg_name":"Toscana","reg_istat_code":"09","reg_istat_code_num":9,"opdm_id":"4449","com_catasto_code":"A560","com_istat_code":"046002","com_istat_code_num":46002,"_featureIdx":18,"_color":"#d039aa"}},{"type":"Feature","geometry":{"type":"Polygon","coordinates":[[[10.573595062983097,44.00985430929937],[10.597565187696388,44.00985430929937],[10.597565187696388,44.025814763853646],[10.573595062983097,44.025814763853646],[10.573595062983097,44.00985430929937]]]},"properties":{"name":"Bagni di Lucca","minint_elettorale":"2090430020","minint_finloc":"3090430020","op_id":"4549","prov_name":"Lucca","prov_istat_code":"046","prov_istat_code_num":46,"prov_acr":"LU","reg_name":"Toscana","reg_istat_code":"09","reg_istat_code_num":9,"opdm_id":"4449","com_catasto_code":"A560","com_istat_code":"046002","com_istat_code_num":46002,"_featureIdx":18,"_color":"#d039aa"}},{"type":"Feature","geometry":{"type":"Polygon","coordinates":[[[10.597565187696388,44.00985430929937],[10.621535312409678,44.00985430929937],[10.621535312409678,44.025814763853646],[10.597565187696388,44.025814763853646],[10.597565187696388,44.00985430929937]]]},"properties":{"name":"Bagni di Lucca","minint_elettorale":"2090430020","minint_finloc":"3090430020","op_id":"4549","prov_name":"Lucca","prov_istat_code":"046","prov_istat_code_num":46,"prov_acr":"LU","reg_name":"Toscana","reg_istat_code":"09","reg_istat_code_num":9,"opdm_id":"4449","com_catasto_code":"A560","com_istat_code":"046002","com_istat_code_num":46002,"_featureIdx":18,"_color":"#d039aa"}},{"type":"Feature","geometry":{"type":"Polygon","coordinates":[[[10.621535312409678,44.00985430929937],[10.645505437122969,44.00985430929937],[10.645505437122969,44.025814763853646],[10.621535312409678,44.025814763853646],[10.621535312409678,44.00985430929937]]]},"properties":{"name":"Bagni di Lucca","minint_elettorale":"2090430020","minint_finloc":"3090430020","op_id":"4549","prov_name":"Lucca","prov_istat_code":"046","prov_istat_code_num":46,"prov_acr":"LU","reg_name":"Toscana","reg_istat_code":"09","reg_istat_code_num":9,"opdm_id":"4449","com_catasto_code":"A560","com_istat_code":"046002","com_istat_code_num":46002,"_featureIdx":18,"_color":"#d039aa"}},{"type":"Feature","geometry":{"type":"Polygon","coordinates":[[[10.645505437122967,44.00985430929937],[10.669475561836258,44.00985430929937],[10.669475561836258,44.025814763853646],[10.645505437122967,44.025814763853646],[10.645505437122967,44.00985430929937]]]},"properties":{"name":"Bagni di Lucca","minint_elettorale":"2090430020","minint_finloc":"3090430020","op_id":"4549","prov_name":"Lucca","prov_istat_code":"046","prov_istat_code_num":46,"prov_acr":"LU","reg_name":"Toscana","reg_istat_code":"09","reg_istat_code_num":9,"opdm_id":"4449","com_catasto_code":"A560","com_istat_code":"046002","com_istat_code_num":46002,"_featureIdx":18,"_color":"#d039aa"}},{"type":"Feature","geometry":{"type":"Polygon","coordinates":[[[10.669475561836258,44.00985430929937],[10.693445686549548,44.00985430929937],[10.693445686549548,44.025814763853646],[10.669475561836258,44.025814763853646],[10.669475561836258,44.00985430929937]]]},"properties":{"name":"Bagni di Lucca","minint_elettorale":"2090430020","minint_finloc":"3090430020","op_id":"4549","prov_name":"Lucca","prov_istat_code":"046","prov_istat_code_num":46,"prov_acr":"LU","reg_name":"Toscana","reg_istat_code":"09","reg_istat_code_num":9,"opdm_id":"4449","com_catasto_code":"A560","com_istat_code":"046002","com_istat_code_num":46002,"_featureIdx":18,"_color":"#d039aa"}},{"type":"Feature","geometry":{"type":"Polygon","coordinates":[[[10.693445686549548,44.00985430929937],[10.717415811262839,44.00985430929937],[10.717415811262839,44.025814763853646],[10.693445686549548,44.025814763853646],[10.693445686549548,44.00985430929937]]]},"properties":{"name":"Bagni di Lucca","minint_elettorale":"2090430020","minint_finloc":"3090430020","op_id":"4549","prov_name":"Lucca","prov_istat_code":"046","prov_istat_code_num":46,"prov_acr":"LU","reg_name":"Toscana","reg_istat_code":"09","reg_istat_code_num":9,"opdm_id":"4449","com_catasto_code":"A560","com_istat_code":"046002","com_istat_code_num":46002,"_featureIdx":18,"_color":"#d039aa"}},{"type":"Feature","geometry":{"type":"Polygon","coordinates":[[[10.74138593597613,44.00985430929937],[10.76535606068942,44.00985430929937],[10.76535606068942,44.025814763853646],[10.74138593597613,44.025814763853646],[10.74138593597613,44.00985430929937]]]},"properties":{"name":"San Marcello Piteglio","minint_elettorale":"2090630185","op_id":"8305","prov_name":"Pistoia","prov_istat_code":"047","prov_istat_code_num":47,"prov_acr":"PT","reg_name":"Toscana","reg_istat_code":"09","reg_istat_code_num":9,"opdm_id":"4500","com_catasto_code":"M377","com_istat_code":"047024","com_istat_code_num":47024,"_featureIdx":69,"_color":"#39d04d"}},{"type":"Feature","geometry":{"type":"Polygon","coordinates":[[[10.76535606068942,44.00985430929937],[10.789326185402711,44.00985430929937],[10.789326185402711,44.025814763853646],[10.76535606068942,44.025814763853646],[10.76535606068942,44.00985430929937]]]},"properties":{"name":"San Marcello Piteglio","minint_elettorale":"2090630185","op_id":"8305","prov_name":"Pistoia","prov_istat_code":"047","prov_istat_code_num":47,"prov_acr":"PT","reg_name":"Toscana","reg_istat_code":"09","reg_istat_code_num":9,"opdm_id":"4500","com_catasto_code":"M377","com_istat_code":"047024","com_istat_code_num":47024,"_featureIdx":69,"_color":"#39d04d"}},{"type":"Feature","geometry":{"type":"Polygon","coordinates":[[[10.78932618540271,44.00985430929937],[10.813296310116,44.00985430929937],[10.813296310116,44.025814763853646],[10.78932618540271,44.025814763853646],[10.78932618540271,44.00985430929937]]]},"properties":{"name":"San Marcello Piteglio","minint_elettorale":"2090630185","op_id":"8305","prov_name":"Pistoia","prov_istat_code":"047","prov_istat_code_num":47,"prov_acr":"PT","reg_name":"Toscana","reg_istat_code":"09","reg_istat_code_num":9,"opdm_id":"4500","com_catasto_code":"M377","com_istat_code":"047024","com_istat_code_num":47024,"_featureIdx":69,"_color":"#39d04d"}},{"type":"Feature","geometry":{"type":"Polygon","coordinates":[[[10.981087183109032,44.00985430929937],[11.005057307822323,44.00985430929937],[11.005057307822323,44.025814763853646],[10.981087183109032,44.025814763853646],[10.981087183109032,44.00985430929937]]]},"properties":{"name":"Sambuca Pistoiese","minint_finloc":"3090630170","minint_elettorale":"2090630170","op_id":"4601","prov_name":"Pistoia","prov_istat_code":"047","prov_istat_code_num":47,"prov_acr":"PT","reg_name":"Toscana","reg_istat_code":"09","reg_istat_code_num":9,"opdm_id":"4495","com_catasto_code":"H744","com_istat_code":"047018","com_istat_code_num":47018,"_featureIdx":64,"_color":"#39d09f"}},{"type":"Feature","geometry":{"type":"Polygon","coordinates":[[[11.005057307822323,44.00985430929937],[11.029027432535614,44.00985430929937],[11.029027432535614,44.025814763853646],[11.005057307822323,44.025814763853646],[11.005057307822323,44.00985430929937]]]},"properties":{"name":"Sambuca Pistoiese","minint_finloc":"3090630170","minint_elettorale":"2090630170","op_id":"4601","prov_name":"Pistoia","prov_istat_code":"047","prov_istat_code_num":47,"prov_acr":"PT","reg_name":"Toscana","reg_istat_code":"09","reg_istat_code_num":9,"opdm_id":"4495","com_catasto_code":"H744","com_istat_code":"047018","com_istat_code_num":47018,"_featureIdx":64,"_color":"#39d09f"}},{"type":"Feature","geometry":{"type":"Polygon","coordinates":[[[10.333893815850194,44.025814763853646],[10.357863940563485,44.025814763853646],[10.357863940563485,44.04177521840792],[10.333893815850194,44.04177521840792],[10.333893815850194,44.025814763853646]]]},"properties":{"name":"Fabbriche di Vergemoli","minint_elettorale":"2090430125","op_id":"8268","minint_finloc":"3090430125","prov_name":"Lucca","prov_istat_code":"046","prov_istat_code_num":46,"prov_acr":"LU","reg_name":"Toscana","reg_istat_code":"09","reg_istat_code_num":9,"opdm_id":"4479","com_catasto_code":"M319","com_istat_code":"046036","com_istat_code_num":46036,"_featureIdx":48,"_color":"#39d03a"}},{"type":"Feature","geometry":{"type":"Polygon","coordinates":[[[10.357863940563485,44.025814763853646],[10.381834065276776,44.025814763853646],[10.381834065276776,44.04177521840792],[10.357863940563485,44.04177521840792],[10.357863940563485,44.025814763853646]]]},"properties":{"name":"Fabbriche di Vergemoli","minint_elettorale":"2090430125","op_id":"8268","minint_finloc":"3090430125","prov_name":"Lucca","prov_istat_code":"046","prov_istat_code_num":46,"prov_acr":"LU","reg_name":"Toscana","reg_istat_code":"09","reg_istat_code_num":9,"opdm_id":"4479","com_catasto_code":"M319","com_istat_code":"046036","com_istat_code_num":46036,"_featureIdx":48,"_color":"#39d03a"}},{"type":"Feature","geometry":{"type":"Polygon","coordinates":[[[10.381834065276776,44.025814763853646],[10.405804189990066,44.025814763853646],[10.405804189990066,44.04177521840792],[10.381834065276776,44.04177521840792],[10.381834065276776,44.025814763853646]]]},"properties":{"name":"Gallicano","minint_elettorale":"2090430150","op_id":"4562","minint_finloc":"3090430150","prov_name":"Lucca","prov_istat_code":"046","prov_istat_code_num":46,"prov_acr":"LU","reg_name":"Toscana","reg_istat_code":"09","reg_istat_code_num":9,"opdm_id":"4461","com_catasto_code":"D874","com_istat_code":"046015","com_istat_code_num":46015,"_featureIdx":30,"_color":"#39d0ab"}},{"type":"Feature","geometry":{"type":"Polygon","coordinates":[[[10.405804189990064,44.025814763853646],[10.429774314703355,44.025814763853646],[10.429774314703355,44.04177521840792],[10.405804189990064,44.04177521840792],[10.405804189990064,44.025814763853646]]]},"properties":{"name":"Gallicano","minint_elettorale":"2090430150","op_id":"4562","minint_finloc":"3090430150","prov_name":"Lucca","prov_istat_code":"046","prov_istat_code_num":46,"prov_acr":"LU","reg_name":"Toscana","reg_istat_code":"09","reg_istat_code_num":9,"opdm_id":"4461","com_catasto_code":"D874","com_istat_code":"046015","com_istat_code_num":46015,"_featureIdx":30,"_color":"#39d0ab"}},{"type":"Feature","geometry":{"type":"Polygon","coordinates":[[[10.429774314703355,44.025814763853646],[10.453744439416646,44.025814763853646],[10.453744439416646,44.04177521840792],[10.429774314703355,44.04177521840792],[10.429774314703355,44.025814763853646]]]},"properties":{"name":"Gallicano","minint_elettorale":"2090430150","op_id":"4562","minint_finloc":"3090430150","prov_name":"Lucca","prov_istat_code":"046","prov_istat_code_num":46,"prov_acr":"LU","reg_name":"Toscana","reg_istat_code":"09","reg_istat_code_num":9,"opdm_id":"4461","com_catasto_code":"D874","com_istat_code":"046015","com_istat_code_num":46015,"_featureIdx":30,"_color":"#39d0ab"}},{"type":"Feature","geometry":{"type":"Polygon","coordinates":[[[10.453744439416646,44.025814763853646],[10.477714564129936,44.025814763853646],[10.477714564129936,44.04177521840792],[10.453744439416646,44.04177521840792],[10.453744439416646,44.025814763853646]]]},"properties":{"name":"Gallicano","minint_elettorale":"2090430150","op_id":"4562","minint_finloc":"3090430150","prov_name":"Lucca","prov_istat_code":"046","prov_istat_code_num":46,"prov_acr":"LU","reg_name":"Toscana","reg_istat_code":"09","reg_istat_code_num":9,"opdm_id":"4461","com_catasto_code":"D874","com_istat_code":"046015","com_istat_code_num":46015,"_featureIdx":30,"_color":"#39d0ab"}},{"type":"Feature","geometry":{"type":"Polygon","coordinates":[[[10.477714564129936,44.025814763853646],[10.501684688843227,44.025814763853646],[10.501684688843227,44.04177521840792],[10.477714564129936,44.04177521840792],[10.477714564129936,44.025814763853646]]]},"properties":{"name":"Gallicano","minint_elettorale":"2090430150","op_id":"4562","minint_finloc":"3090430150","prov_name":"Lucca","prov_istat_code":"046","prov_istat_code_num":46,"prov_acr":"LU","reg_name":"Toscana","reg_istat_code":"09","reg_istat_code_num":9,"opdm_id":"4461","com_catasto_code":"D874","com_istat_code":"046015","com_istat_code_num":46015,"_featureIdx":30,"_color":"#39d0ab"}},{"type":"Feature","geometry":{"type":"Polygon","coordinates":[[[10.501684688843227,44.025814763853646],[10.525654813556518,44.025814763853646],[10.525654813556518,44.04177521840792],[10.501684688843227,44.04177521840792],[10.501684688843227,44.025814763853646]]]},"properties":{"name":"Coreglia Antelminelli","minint_elettorale":"2090430110","minint_finloc":"3090430110","op_id":"4558","prov_name":"Lucca","prov_istat_code":"046","prov_istat_code_num":46,"prov_acr":"LU","reg_name":"Toscana","reg_istat_code":"09","reg_istat_code_num":9,"opdm_id":"4458","com_catasto_code":"C996","com_istat_code":"046011","com_istat_code_num":46011,"_featureIdx":27,"_color":"#4bd039"}},{"type":"Feature","geometry":{"type":"Polygon","coordinates":[[[10.525654813556516,44.025814763853646],[10.549624938269806,44.025814763853646],[10.549624938269806,44.04177521840792],[10.525654813556516,44.04177521840792],[10.525654813556516,44.025814763853646]]]},"properties":{"name":"Coreglia Antelminelli","minint_elettorale":"2090430110","minint_finloc":"3090430110","op_id":"4558","prov_name":"Lucca","prov_istat_code":"046","prov_istat_code_num":46,"prov_acr":"LU","reg_name":"Toscana","reg_istat_code":"09","reg_istat_code_num":9,"opdm_id":"4458","com_catasto_code":"C996","com_istat_code":"046011","com_istat_code_num":46011,"_featureIdx":27,"_color":"#4bd039"}},{"type":"Feature","geometry":{"type":"Polygon","coordinates":[[[10.549624938269806,44.025814763853646],[10.573595062983097,44.025814763853646],[10.573595062983097,44.04177521840792],[10.549624938269806,44.04177521840792],[10.549624938269806,44.025814763853646]]]},"properties":{"name":"Bagni di Lucca","minint_elettorale":"2090430020","minint_finloc":"3090430020","op_id":"4549","prov_name":"Lucca","prov_istat_code":"046","prov_istat_code_num":46,"prov_acr":"LU","reg_name":"Toscana","reg_istat_code":"09","reg_istat_code_num":9,"opdm_id":"4449","com_catasto_code":"A560","com_istat_code":"046002","com_istat_code_num":46002,"_featureIdx":18,"_color":"#d039aa"}},{"type":"Feature","geometry":{"type":"Polygon","coordinates":[[[10.573595062983097,44.025814763853646],[10.597565187696388,44.025814763853646],[10.597565187696388,44.04177521840792],[10.573595062983097,44.04177521840792],[10.573595062983097,44.025814763853646]]]},"properties":{"name":"Bagni di Lucca","minint_elettorale":"2090430020","minint_finloc":"3090430020","op_id":"4549","prov_name":"Lucca","prov_istat_code":"046","prov_istat_code_num":46,"prov_acr":"LU","reg_name":"Toscana","reg_istat_code":"09","reg_istat_code_num":9,"opdm_id":"4449","com_catasto_code":"A560","com_istat_code":"046002","com_istat_code_num":46002,"_featureIdx":18,"_color":"#d039aa"}},{"type":"Feature","geometry":{"type":"Polygon","coordinates":[[[10.597565187696388,44.025814763853646],[10.621535312409678,44.025814763853646],[10.621535312409678,44.04177521840792],[10.597565187696388,44.04177521840792],[10.597565187696388,44.025814763853646]]]},"properties":{"name":"Bagni di Lucca","minint_elettorale":"2090430020","minint_finloc":"3090430020","op_id":"4549","prov_name":"Lucca","prov_istat_code":"046","prov_istat_code_num":46,"prov_acr":"LU","reg_name":"Toscana","reg_istat_code":"09","reg_istat_code_num":9,"opdm_id":"4449","com_catasto_code":"A560","com_istat_code":"046002","com_istat_code_num":46002,"_featureIdx":18,"_color":"#d039aa"}},{"type":"Feature","geometry":{"type":"Polygon","coordinates":[[[10.621535312409678,44.025814763853646],[10.645505437122969,44.025814763853646],[10.645505437122969,44.04177521840792],[10.621535312409678,44.04177521840792],[10.621535312409678,44.025814763853646]]]},"properties":{"name":"Bagni di Lucca","minint_elettorale":"2090430020","minint_finloc":"3090430020","op_id":"4549","prov_name":"Lucca","prov_istat_code":"046","prov_istat_code_num":46,"prov_acr":"LU","reg_name":"Toscana","reg_istat_code":"09","reg_istat_code_num":9,"opdm_id":"4449","com_catasto_code":"A560","com_istat_code":"046002","com_istat_code_num":46002,"_featureIdx":18,"_color":"#d039aa"}},{"type":"Feature","geometry":{"type":"Polygon","coordinates":[[[10.645505437122967,44.025814763853646],[10.669475561836258,44.025814763853646],[10.669475561836258,44.04177521840792],[10.645505437122967,44.04177521840792],[10.645505437122967,44.025814763853646]]]},"properties":{"name":"Bagni di Lucca","minint_elettorale":"2090430020","minint_finloc":"3090430020","op_id":"4549","prov_name":"Lucca","prov_istat_code":"046","prov_istat_code_num":46,"prov_acr":"LU","reg_name":"Toscana","reg_istat_code":"09","reg_istat_code_num":9,"opdm_id":"4449","com_catasto_code":"A560","com_istat_code":"046002","com_istat_code_num":46002,"_featureIdx":18,"_color":"#d039aa"}},{"type":"Feature","geometry":{"type":"Polygon","coordinates":[[[10.669475561836258,44.025814763853646],[10.693445686549548,44.025814763853646],[10.693445686549548,44.04177521840792],[10.669475561836258,44.04177521840792],[10.669475561836258,44.025814763853646]]]},"properties":{"name":"Bagni di Lucca","minint_elettorale":"2090430020","minint_finloc":"3090430020","op_id":"4549","prov_name":"Lucca","prov_istat_code":"046","prov_istat_code_num":46,"prov_acr":"LU","reg_name":"Toscana","reg_istat_code":"09","reg_istat_code_num":9,"opdm_id":"4449","com_catasto_code":"A560","com_istat_code":"046002","com_istat_code_num":46002,"_featureIdx":18,"_color":"#d039aa"}},{"type":"Feature","geometry":{"type":"Polygon","coordinates":[[[10.693445686549548,44.025814763853646],[10.717415811262839,44.025814763853646],[10.717415811262839,44.04177521840792],[10.693445686549548,44.04177521840792],[10.693445686549548,44.025814763853646]]]},"properties":{"name":"Bagni di Lucca","minint_elettorale":"2090430020","minint_finloc":"3090430020","op_id":"4549","prov_name":"Lucca","prov_istat_code":"046","prov_istat_code_num":46,"prov_acr":"LU","reg_name":"Toscana","reg_istat_code":"09","reg_istat_code_num":9,"opdm_id":"4449","com_catasto_code":"A560","com_istat_code":"046002","com_istat_code_num":46002,"_featureIdx":18,"_color":"#d039aa"}},{"type":"Feature","geometry":{"type":"Polygon","coordinates":[[[10.717415811262839,44.025814763853646],[10.74138593597613,44.025814763853646],[10.74138593597613,44.04177521840792],[10.717415811262839,44.04177521840792],[10.717415811262839,44.025814763853646]]]},"properties":{"name":"Bagni di Lucca","minint_elettorale":"2090430020","minint_finloc":"3090430020","op_id":"4549","prov_name":"Lucca","prov_istat_code":"046","prov_istat_code_num":46,"prov_acr":"LU","reg_name":"Toscana","reg_istat_code":"09","reg_istat_code_num":9,"opdm_id":"4449","com_catasto_code":"A560","com_istat_code":"046002","com_istat_code_num":46002,"_featureIdx":18,"_color":"#d039aa"}},{"type":"Feature","geometry":{"type":"Polygon","coordinates":[[[10.74138593597613,44.025814763853646],[10.76535606068942,44.025814763853646],[10.76535606068942,44.04177521840792],[10.74138593597613,44.04177521840792],[10.74138593597613,44.025814763853646]]]},"properties":{"name":"San Marcello Piteglio","minint_elettorale":"2090630185","op_id":"8305","prov_name":"Pistoia","prov_istat_code":"047","prov_istat_code_num":47,"prov_acr":"PT","reg_name":"Toscana","reg_istat_code":"09","reg_istat_code_num":9,"opdm_id":"4500","com_catasto_code":"M377","com_istat_code":"047024","com_istat_code_num":47024,"_featureIdx":69,"_color":"#39d04d"}},{"type":"Feature","geometry":{"type":"Polygon","coordinates":[[[10.76535606068942,44.025814763853646],[10.789326185402711,44.025814763853646],[10.789326185402711,44.04177521840792],[10.76535606068942,44.04177521840792],[10.76535606068942,44.025814763853646]]]},"properties":{"name":"San Marcello Piteglio","minint_elettorale":"2090630185","op_id":"8305","prov_name":"Pistoia","prov_istat_code":"047","prov_istat_code_num":47,"prov_acr":"PT","reg_name":"Toscana","reg_istat_code":"09","reg_istat_code_num":9,"opdm_id":"4500","com_catasto_code":"M377","com_istat_code":"047024","com_istat_code_num":47024,"_featureIdx":69,"_color":"#39d04d"}},{"type":"Feature","geometry":{"type":"Polygon","coordinates":[[[10.78932618540271,44.025814763853646],[10.813296310116,44.025814763853646],[10.813296310116,44.04177521840792],[10.78932618540271,44.04177521840792],[10.78932618540271,44.025814763853646]]]},"properties":{"name":"San Marcello Piteglio","minint_elettorale":"2090630185","op_id":"8305","prov_name":"Pistoia","prov_istat_code":"047","prov_istat_code_num":47,"prov_acr":"PT","reg_name":"Toscana","reg_istat_code":"09","reg_istat_code_num":9,"opdm_id":"4500","com_catasto_code":"M377","com_istat_code":"047024","com_istat_code_num":47024,"_featureIdx":69,"_color":"#39d04d"}},{"type":"Feature","geometry":{"type":"Polygon","coordinates":[[[10.813296310116,44.025814763853646],[10.83726643482929,44.025814763853646],[10.83726643482929,44.04177521840792],[10.813296310116,44.04177521840792],[10.813296310116,44.025814763853646]]]},"properties":{"name":"San Marcello Piteglio","minint_elettorale":"2090630185","op_id":"8305","prov_name":"Pistoia","prov_istat_code":"047","prov_istat_code_num":47,"prov_acr":"PT","reg_name":"Toscana","reg_istat_code":"09","reg_istat_code_num":9,"opdm_id":"4500","com_catasto_code":"M377","com_istat_code":"047024","com_istat_code_num":47024,"_featureIdx":69,"_color":"#39d04d"}},{"type":"Feature","geometry":{"type":"Polygon","coordinates":[[[10.83726643482929,44.025814763853646],[10.861236559542581,44.025814763853646],[10.861236559542581,44.04177521840792],[10.83726643482929,44.04177521840792],[10.83726643482929,44.025814763853646]]]},"properties":{"name":"San Marcello Piteglio","minint_elettorale":"2090630185","op_id":"8305","prov_name":"Pistoia","prov_istat_code":"047","prov_istat_code_num":47,"prov_acr":"PT","reg_name":"Toscana","reg_istat_code":"09","reg_istat_code_num":9,"opdm_id":"4500","com_catasto_code":"M377","com_istat_code":"047024","com_istat_code_num":47024,"_featureIdx":69,"_color":"#39d04d"}},{"type":"Feature","geometry":{"type":"Polygon","coordinates":[[[10.981087183109032,44.025814763853646],[11.005057307822323,44.025814763853646],[11.005057307822323,44.04177521840792],[10.981087183109032,44.04177521840792],[10.981087183109032,44.025814763853646]]]},"properties":{"name":"Sambuca Pistoiese","minint_finloc":"3090630170","minint_elettorale":"2090630170","op_id":"4601","prov_name":"Pistoia","prov_istat_code":"047","prov_istat_code_num":47,"prov_acr":"PT","reg_name":"Toscana","reg_istat_code":"09","reg_istat_code_num":9,"opdm_id":"4495","com_catasto_code":"H744","com_istat_code":"047018","com_istat_code_num":47018,"_featureIdx":64,"_color":"#39d09f"}},{"type":"Feature","geometry":{"type":"Polygon","coordinates":[[[11.005057307822323,44.025814763853646],[11.029027432535614,44.025814763853646],[11.029027432535614,44.04177521840792],[11.005057307822323,44.04177521840792],[11.005057307822323,44.025814763853646]]]},"properties":{"name":"Sambuca Pistoiese","minint_finloc":"3090630170","minint_elettorale":"2090630170","op_id":"4601","prov_name":"Pistoia","prov_istat_code":"047","prov_istat_code_num":47,"prov_acr":"PT","reg_name":"Toscana","reg_istat_code":"09","reg_istat_code_num":9,"opdm_id":"4495","com_catasto_code":"H744","com_istat_code":"047018","com_istat_code_num":47018,"_featureIdx":64,"_color":"#39d09f"}},{"type":"Feature","geometry":{"type":"Polygon","coordinates":[[[10.309923691136904,44.04177521840791],[10.333893815850194,44.04177521840791],[10.333893815850194,44.05773567296219],[10.309923691136904,44.05773567296219],[10.309923691136904,44.04177521840791]]]},"properties":{"name":"Molazzana","minint_finloc":"3090430200","op_id":"4567","minint_elettorale":"2090430200","prov_name":"Lucca","prov_istat_code":"046","prov_istat_code_num":46,"prov_acr":"LU","reg_name":"Toscana","reg_istat_code":"09","reg_istat_code_num":9,"opdm_id":"4465","com_catasto_code":"F283","com_istat_code":"046020","com_istat_code_num":46020,"_featureIdx":34,"_color":"#d03945"}},{"type":"Feature","geometry":{"type":"Polygon","coordinates":[[[10.333893815850194,44.04177521840791],[10.357863940563485,44.04177521840791],[10.357863940563485,44.05773567296219],[10.333893815850194,44.05773567296219],[10.333893815850194,44.04177521840791]]]},"properties":{"name":"Molazzana","minint_finloc":"3090430200","op_id":"4567","minint_elettorale":"2090430200","prov_name":"Lucca","prov_istat_code":"046","prov_istat_code_num":46,"prov_acr":"LU","reg_name":"Toscana","reg_istat_code":"09","reg_istat_code_num":9,"opdm_id":"4465","com_catasto_code":"F283","com_istat_code":"046020","com_istat_code_num":46020,"_featureIdx":34,"_color":"#d03945"}},{"type":"Feature","geometry":{"type":"Polygon","coordinates":[[[10.357863940563485,44.04177521840791],[10.381834065276776,44.04177521840791],[10.381834065276776,44.05773567296219],[10.357863940563485,44.05773567296219],[10.357863940563485,44.04177521840791]]]},"properties":{"name":"Fabbriche di Vergemoli","minint_elettorale":"2090430125","op_id":"8268","minint_finloc":"3090430125","prov_name":"Lucca","prov_istat_code":"046","prov_istat_code_num":46,"prov_acr":"LU","reg_name":"Toscana","reg_istat_code":"09","reg_istat_code_num":9,"opdm_id":"4479","com_catasto_code":"M319","com_istat_code":"046036","com_istat_code_num":46036,"_featureIdx":48,"_color":"#39d03a"}},{"type":"Feature","geometry":{"type":"Polygon","coordinates":[[[10.381834065276776,44.04177521840791],[10.405804189990066,44.04177521840791],[10.405804189990066,44.05773567296219],[10.381834065276776,44.05773567296219],[10.381834065276776,44.04177521840791]]]},"properties":{"name":"Gallicano","minint_elettorale":"2090430150","op_id":"4562","minint_finloc":"3090430150","prov_name":"Lucca","prov_istat_code":"046","prov_istat_code_num":46,"prov_acr":"LU","reg_name":"Toscana","reg_istat_code":"09","reg_istat_code_num":9,"opdm_id":"4461","com_catasto_code":"D874","com_istat_code":"046015","com_istat_code_num":46015,"_featureIdx":30,"_color":"#39d0ab"}},{"type":"Feature","geometry":{"type":"Polygon","coordinates":[[[10.405804189990064,44.04177521840791],[10.429774314703355,44.04177521840791],[10.429774314703355,44.05773567296219],[10.405804189990064,44.05773567296219],[10.405804189990064,44.04177521840791]]]},"properties":{"name":"Gallicano","minint_elettorale":"2090430150","op_id":"4562","minint_finloc":"3090430150","prov_name":"Lucca","prov_istat_code":"046","prov_istat_code_num":46,"prov_acr":"LU","reg_name":"Toscana","reg_istat_code":"09","reg_istat_code_num":9,"opdm_id":"4461","com_catasto_code":"D874","com_istat_code":"046015","com_istat_code_num":46015,"_featureIdx":30,"_color":"#39d0ab"}},{"type":"Feature","geometry":{"type":"Polygon","coordinates":[[[10.429774314703355,44.04177521840791],[10.453744439416646,44.04177521840791],[10.453744439416646,44.05773567296219],[10.429774314703355,44.05773567296219],[10.429774314703355,44.04177521840791]]]},"properties":{"name":"Gallicano","minint_elettorale":"2090430150","op_id":"4562","minint_finloc":"3090430150","prov_name":"Lucca","prov_istat_code":"046","prov_istat_code_num":46,"prov_acr":"LU","reg_name":"Toscana","reg_istat_code":"09","reg_istat_code_num":9,"opdm_id":"4461","com_catasto_code":"D874","com_istat_code":"046015","com_istat_code_num":46015,"_featureIdx":30,"_color":"#39d0ab"}},{"type":"Feature","geometry":{"type":"Polygon","coordinates":[[[10.453744439416646,44.04177521840791],[10.477714564129936,44.04177521840791],[10.477714564129936,44.05773567296219],[10.453744439416646,44.05773567296219],[10.453744439416646,44.04177521840791]]]},"properties":{"name":"Barga","minint_finloc":"3090430030","minint_elettorale":"2090430030","op_id":"4550","prov_name":"Lucca","prov_istat_code":"046","prov_istat_code_num":46,"prov_acr":"LU","reg_name":"Toscana","reg_istat_code":"09","reg_istat_code_num":9,"opdm_id":"4450","com_catasto_code":"A657","com_istat_code":"046003","com_istat_code_num":46003,"_featureIdx":19,"_color":"#7ed039"}},{"type":"Feature","geometry":{"type":"Polygon","coordinates":[[[10.477714564129936,44.04177521840791],[10.501684688843227,44.04177521840791],[10.501684688843227,44.05773567296219],[10.477714564129936,44.05773567296219],[10.477714564129936,44.04177521840791]]]},"properties":{"name":"Barga","minint_finloc":"3090430030","minint_elettorale":"2090430030","op_id":"4550","prov_name":"Lucca","prov_istat_code":"046","prov_istat_code_num":46,"prov_acr":"LU","reg_name":"Toscana","reg_istat_code":"09","reg_istat_code_num":9,"opdm_id":"4450","com_catasto_code":"A657","com_istat_code":"046003","com_istat_code_num":46003,"_featureIdx":19,"_color":"#7ed039"}},{"type":"Feature","geometry":{"type":"Polygon","coordinates":[[[10.501684688843227,44.04177521840791],[10.525654813556518,44.04177521840791],[10.525654813556518,44.05773567296219],[10.501684688843227,44.05773567296219],[10.501684688843227,44.04177521840791]]]},"properties":{"name":"Coreglia Antelminelli","minint_elettorale":"2090430110","minint_finloc":"3090430110","op_id":"4558","prov_name":"Lucca","prov_istat_code":"046","prov_istat_code_num":46,"prov_acr":"LU","reg_name":"Toscana","reg_istat_code":"09","reg_istat_code_num":9,"opdm_id":"4458","com_catasto_code":"C996","com_istat_code":"046011","com_istat_code_num":46011,"_featureIdx":27,"_color":"#4bd039"}},{"type":"Feature","geometry":{"type":"Polygon","coordinates":[[[10.525654813556516,44.04177521840791],[10.549624938269806,44.04177521840791],[10.549624938269806,44.05773567296219],[10.525654813556516,44.05773567296219],[10.525654813556516,44.04177521840791]]]},"properties":{"name":"Coreglia Antelminelli","minint_elettorale":"2090430110","minint_finloc":"3090430110","op_id":"4558","prov_name":"Lucca","prov_istat_code":"046","prov_istat_code_num":46,"prov_acr":"LU","reg_name":"Toscana","reg_istat_code":"09","reg_istat_code_num":9,"opdm_id":"4458","com_catasto_code":"C996","com_istat_code":"046011","com_istat_code_num":46011,"_featureIdx":27,"_color":"#4bd039"}},{"type":"Feature","geometry":{"type":"Polygon","coordinates":[[[10.549624938269806,44.04177521840791],[10.573595062983097,44.04177521840791],[10.573595062983097,44.05773567296219],[10.549624938269806,44.05773567296219],[10.549624938269806,44.04177521840791]]]},"properties":{"name":"Coreglia Antelminelli","minint_elettorale":"2090430110","minint_finloc":"3090430110","op_id":"4558","prov_name":"Lucca","prov_istat_code":"046","prov_istat_code_num":46,"prov_acr":"LU","reg_name":"Toscana","reg_istat_code":"09","reg_istat_code_num":9,"opdm_id":"4458","com_catasto_code":"C996","com_istat_code":"046011","com_istat_code_num":46011,"_featureIdx":27,"_color":"#4bd039"}},{"type":"Feature","geometry":{"type":"Polygon","coordinates":[[[10.573595062983097,44.04177521840791],[10.597565187696388,44.04177521840791],[10.597565187696388,44.05773567296219],[10.573595062983097,44.05773567296219],[10.573595062983097,44.04177521840791]]]},"properties":{"name":"Bagni di Lucca","minint_elettorale":"2090430020","minint_finloc":"3090430020","op_id":"4549","prov_name":"Lucca","prov_istat_code":"046","prov_istat_code_num":46,"prov_acr":"LU","reg_name":"Toscana","reg_istat_code":"09","reg_istat_code_num":9,"opdm_id":"4449","com_catasto_code":"A560","com_istat_code":"046002","com_istat_code_num":46002,"_featureIdx":18,"_color":"#d039aa"}},{"type":"Feature","geometry":{"type":"Polygon","coordinates":[[[10.597565187696388,44.04177521840791],[10.621535312409678,44.04177521840791],[10.621535312409678,44.05773567296219],[10.597565187696388,44.05773567296219],[10.597565187696388,44.04177521840791]]]},"properties":{"name":"Bagni di Lucca","minint_elettorale":"2090430020","minint_finloc":"3090430020","op_id":"4549","prov_name":"Lucca","prov_istat_code":"046","prov_istat_code_num":46,"prov_acr":"LU","reg_name":"Toscana","reg_istat_code":"09","reg_istat_code_num":9,"opdm_id":"4449","com_catasto_code":"A560","com_istat_code":"046002","com_istat_code_num":46002,"_featureIdx":18,"_color":"#d039aa"}},{"type":"Feature","geometry":{"type":"Polygon","coordinates":[[[10.621535312409678,44.04177521840791],[10.645505437122969,44.04177521840791],[10.645505437122969,44.05773567296219],[10.621535312409678,44.05773567296219],[10.621535312409678,44.04177521840791]]]},"properties":{"name":"Bagni di Lucca","minint_elettorale":"2090430020","minint_finloc":"3090430020","op_id":"4549","prov_name":"Lucca","prov_istat_code":"046","prov_istat_code_num":46,"prov_acr":"LU","reg_name":"Toscana","reg_istat_code":"09","reg_istat_code_num":9,"opdm_id":"4449","com_catasto_code":"A560","com_istat_code":"046002","com_istat_code_num":46002,"_featureIdx":18,"_color":"#d039aa"}},{"type":"Feature","geometry":{"type":"Polygon","coordinates":[[[10.645505437122967,44.04177521840791],[10.669475561836258,44.04177521840791],[10.669475561836258,44.05773567296219],[10.645505437122967,44.05773567296219],[10.645505437122967,44.04177521840791]]]},"properties":{"name":"Bagni di Lucca","minint_elettorale":"2090430020","minint_finloc":"3090430020","op_id":"4549","prov_name":"Lucca","prov_istat_code":"046","prov_istat_code_num":46,"prov_acr":"LU","reg_name":"Toscana","reg_istat_code":"09","reg_istat_code_num":9,"opdm_id":"4449","com_catasto_code":"A560","com_istat_code":"046002","com_istat_code_num":46002,"_featureIdx":18,"_color":"#d039aa"}},{"type":"Feature","geometry":{"type":"Polygon","coordinates":[[[10.669475561836258,44.04177521840791],[10.693445686549548,44.04177521840791],[10.693445686549548,44.05773567296219],[10.669475561836258,44.05773567296219],[10.669475561836258,44.04177521840791]]]},"properties":{"name":"Bagni di Lucca","minint_elettorale":"2090430020","minint_finloc":"3090430020","op_id":"4549","prov_name":"Lucca","prov_istat_code":"046","prov_istat_code_num":46,"prov_acr":"LU","reg_name":"Toscana","reg_istat_code":"09","reg_istat_code_num":9,"opdm_id":"4449","com_catasto_code":"A560","com_istat_code":"046002","com_istat_code_num":46002,"_featureIdx":18,"_color":"#d039aa"}},{"type":"Feature","geometry":{"type":"Polygon","coordinates":[[[10.693445686549548,44.04177521840791],[10.717415811262839,44.04177521840791],[10.717415811262839,44.05773567296219],[10.693445686549548,44.05773567296219],[10.693445686549548,44.04177521840791]]]},"properties":{"name":"Bagni di Lucca","minint_elettorale":"2090430020","minint_finloc":"3090430020","op_id":"4549","prov_name":"Lucca","prov_istat_code":"046","prov_istat_code_num":46,"prov_acr":"LU","reg_name":"Toscana","reg_istat_code":"09","reg_istat_code_num":9,"opdm_id":"4449","com_catasto_code":"A560","com_istat_code":"046002","com_istat_code_num":46002,"_featureIdx":18,"_color":"#d039aa"}},{"type":"Feature","geometry":{"type":"Polygon","coordinates":[[[10.717415811262839,44.04177521840791],[10.74138593597613,44.04177521840791],[10.74138593597613,44.05773567296219],[10.717415811262839,44.05773567296219],[10.717415811262839,44.04177521840791]]]},"properties":{"name":"San Marcello Piteglio","minint_elettorale":"2090630185","op_id":"8305","prov_name":"Pistoia","prov_istat_code":"047","prov_istat_code_num":47,"prov_acr":"PT","reg_name":"Toscana","reg_istat_code":"09","reg_istat_code_num":9,"opdm_id":"4500","com_catasto_code":"M377","com_istat_code":"047024","com_istat_code_num":47024,"_featureIdx":69,"_color":"#39d04d"}},{"type":"Feature","geometry":{"type":"Polygon","coordinates":[[[10.74138593597613,44.04177521840791],[10.76535606068942,44.04177521840791],[10.76535606068942,44.05773567296219],[10.74138593597613,44.05773567296219],[10.74138593597613,44.04177521840791]]]},"properties":{"name":"San Marcello Piteglio","minint_elettorale":"2090630185","op_id":"8305","prov_name":"Pistoia","prov_istat_code":"047","prov_istat_code_num":47,"prov_acr":"PT","reg_name":"Toscana","reg_istat_code":"09","reg_istat_code_num":9,"opdm_id":"4500","com_catasto_code":"M377","com_istat_code":"047024","com_istat_code_num":47024,"_featureIdx":69,"_color":"#39d04d"}},{"type":"Feature","geometry":{"type":"Polygon","coordinates":[[[10.76535606068942,44.04177521840791],[10.789326185402711,44.04177521840791],[10.789326185402711,44.05773567296219],[10.76535606068942,44.05773567296219],[10.76535606068942,44.04177521840791]]]},"properties":{"name":"San Marcello Piteglio","minint_elettorale":"2090630185","op_id":"8305","prov_name":"Pistoia","prov_istat_code":"047","prov_istat_code_num":47,"prov_acr":"PT","reg_name":"Toscana","reg_istat_code":"09","reg_istat_code_num":9,"opdm_id":"4500","com_catasto_code":"M377","com_istat_code":"047024","com_istat_code_num":47024,"_featureIdx":69,"_color":"#39d04d"}},{"type":"Feature","geometry":{"type":"Polygon","coordinates":[[[10.78932618540271,44.04177521840791],[10.813296310116,44.04177521840791],[10.813296310116,44.05773567296219],[10.78932618540271,44.05773567296219],[10.78932618540271,44.04177521840791]]]},"properties":{"name":"San Marcello Piteglio","minint_elettorale":"2090630185","op_id":"8305","prov_name":"Pistoia","prov_istat_code":"047","prov_istat_code_num":47,"prov_acr":"PT","reg_name":"Toscana","reg_istat_code":"09","reg_istat_code_num":9,"opdm_id":"4500","com_catasto_code":"M377","com_istat_code":"047024","com_istat_code_num":47024,"_featureIdx":69,"_color":"#39d04d"}},{"type":"Feature","geometry":{"type":"Polygon","coordinates":[[[10.813296310116,44.04177521840791],[10.83726643482929,44.04177521840791],[10.83726643482929,44.05773567296219],[10.813296310116,44.05773567296219],[10.813296310116,44.04177521840791]]]},"properties":{"name":"San Marcello Piteglio","minint_elettorale":"2090630185","op_id":"8305","prov_name":"Pistoia","prov_istat_code":"047","prov_istat_code_num":47,"prov_acr":"PT","reg_name":"Toscana","reg_istat_code":"09","reg_istat_code_num":9,"opdm_id":"4500","com_catasto_code":"M377","com_istat_code":"047024","com_istat_code_num":47024,"_featureIdx":69,"_color":"#39d04d"}},{"type":"Feature","geometry":{"type":"Polygon","coordinates":[[[10.83726643482929,44.04177521840791],[10.861236559542581,44.04177521840791],[10.861236559542581,44.05773567296219],[10.83726643482929,44.05773567296219],[10.83726643482929,44.04177521840791]]]},"properties":{"name":"San Marcello Piteglio","minint_elettorale":"2090630185","op_id":"8305","prov_name":"Pistoia","prov_istat_code":"047","prov_istat_code_num":47,"prov_acr":"PT","reg_name":"Toscana","reg_istat_code":"09","reg_istat_code_num":9,"opdm_id":"4500","com_catasto_code":"M377","com_istat_code":"047024","com_istat_code_num":47024,"_featureIdx":69,"_color":"#39d04d"}},{"type":"Feature","geometry":{"type":"Polygon","coordinates":[[[10.861236559542581,44.04177521840791],[10.885206684255872,44.04177521840791],[10.885206684255872,44.05773567296219],[10.861236559542581,44.05773567296219],[10.861236559542581,44.04177521840791]]]},"properties":{"name":"San Marcello Piteglio","minint_elettorale":"2090630185","op_id":"8305","prov_name":"Pistoia","prov_istat_code":"047","prov_istat_code_num":47,"prov_acr":"PT","reg_name":"Toscana","reg_istat_code":"09","reg_istat_code_num":9,"opdm_id":"4500","com_catasto_code":"M377","com_istat_code":"047024","com_istat_code_num":47024,"_featureIdx":69,"_color":"#39d04d"}},{"type":"Feature","geometry":{"type":"Polygon","coordinates":[[[10.981087183109032,44.04177521840791],[11.005057307822323,44.04177521840791],[11.005057307822323,44.05773567296219],[10.981087183109032,44.05773567296219],[10.981087183109032,44.04177521840791]]]},"properties":{"name":"Sambuca Pistoiese","minint_finloc":"3090630170","minint_elettorale":"2090630170","op_id":"4601","prov_name":"Pistoia","prov_istat_code":"047","prov_istat_code_num":47,"prov_acr":"PT","reg_name":"Toscana","reg_istat_code":"09","reg_istat_code_num":9,"opdm_id":"4495","com_catasto_code":"H744","com_istat_code":"047018","com_istat_code_num":47018,"_featureIdx":64,"_color":"#39d09f"}},{"type":"Feature","geometry":{"type":"Polygon","coordinates":[[[11.005057307822323,44.04177521840791],[11.029027432535614,44.04177521840791],[11.029027432535614,44.05773567296219],[11.005057307822323,44.05773567296219],[11.005057307822323,44.04177521840791]]]},"properties":{"name":"Sambuca Pistoiese","minint_finloc":"3090630170","minint_elettorale":"2090630170","op_id":"4601","prov_name":"Pistoia","prov_istat_code":"047","prov_istat_code_num":47,"prov_acr":"PT","reg_name":"Toscana","reg_istat_code":"09","reg_istat_code_num":9,"opdm_id":"4495","com_catasto_code":"H744","com_istat_code":"047018","com_istat_code_num":47018,"_featureIdx":64,"_color":"#39d09f"}},{"type":"Feature","geometry":{"type":"Polygon","coordinates":[[[11.029027432535614,44.04177521840791],[11.052997557248904,44.04177521840791],[11.052997557248904,44.05773567296219],[11.029027432535614,44.05773567296219],[11.029027432535614,44.04177521840791]]]},"properties":{"name":"Sambuca Pistoiese","minint_finloc":"3090630170","minint_elettorale":"2090630170","op_id":"4601","prov_name":"Pistoia","prov_istat_code":"047","prov_istat_code_num":47,"prov_acr":"PT","reg_name":"Toscana","reg_istat_code":"09","reg_istat_code_num":9,"opdm_id":"4495","com_catasto_code":"H744","com_istat_code":"047018","com_istat_code_num":47018,"_featureIdx":64,"_color":"#39d09f"}},{"type":"Feature","geometry":{"type":"Polygon","coordinates":[[[10.285953566423613,44.05773567296219],[10.309923691136904,44.05773567296219],[10.309923691136904,44.07369612751646],[10.285953566423613,44.07369612751646],[10.285953566423613,44.05773567296219]]]},"properties":{"name":"Careggine","minint_elettorale":"2090430080","minint_finloc":"3090430080","op_id":"4555","prov_name":"Lucca","prov_istat_code":"046","prov_istat_code_num":46,"prov_acr":"LU","reg_name":"Toscana","reg_istat_code":"09","reg_istat_code_num":9,"opdm_id":"4455","com_catasto_code":"B760","com_istat_code":"046008","com_istat_code_num":46008,"_featureIdx":24,"_color":"#d0d039"}},{"type":"Feature","geometry":{"type":"Polygon","coordinates":[[[10.333893815850194,44.05773567296219],[10.357863940563485,44.05773567296219],[10.357863940563485,44.07369612751646],[10.333893815850194,44.07369612751646],[10.333893815850194,44.05773567296219]]]},"properties":{"name":"Molazzana","minint_finloc":"3090430200","op_id":"4567","minint_elettorale":"2090430200","prov_name":"Lucca","prov_istat_code":"046","prov_istat_code_num":46,"prov_acr":"LU","reg_name":"Toscana","reg_istat_code":"09","reg_istat_code_num":9,"opdm_id":"4465","com_catasto_code":"F283","com_istat_code":"046020","com_istat_code_num":46020,"_featureIdx":34,"_color":"#d03945"}},{"type":"Feature","geometry":{"type":"Polygon","coordinates":[[[10.357863940563485,44.05773567296219],[10.381834065276776,44.05773567296219],[10.381834065276776,44.07369612751646],[10.357863940563485,44.07369612751646],[10.357863940563485,44.05773567296219]]]},"properties":{"name":"Molazzana","minint_finloc":"3090430200","op_id":"4567","minint_elettorale":"2090430200","prov_name":"Lucca","prov_istat_code":"046","prov_istat_code_num":46,"prov_acr":"LU","reg_name":"Toscana","reg_istat_code":"09","reg_istat_code_num":9,"opdm_id":"4465","com_catasto_code":"F283","com_istat_code":"046020","com_istat_code_num":46020,"_featureIdx":34,"_color":"#d03945"}},{"type":"Feature","geometry":{"type":"Polygon","coordinates":[[[10.381834065276776,44.05773567296219],[10.405804189990066,44.05773567296219],[10.405804189990066,44.07369612751646],[10.381834065276776,44.07369612751646],[10.381834065276776,44.05773567296219]]]},"properties":{"name":"Molazzana","minint_finloc":"3090430200","op_id":"4567","minint_elettorale":"2090430200","prov_name":"Lucca","prov_istat_code":"046","prov_istat_code_num":46,"prov_acr":"LU","reg_name":"Toscana","reg_istat_code":"09","reg_istat_code_num":9,"opdm_id":"4465","com_catasto_code":"F283","com_istat_code":"046020","com_istat_code_num":46020,"_featureIdx":34,"_color":"#d03945"}},{"type":"Feature","geometry":{"type":"Polygon","coordinates":[[[10.405804189990064,44.05773567296219],[10.429774314703355,44.05773567296219],[10.429774314703355,44.07369612751646],[10.405804189990064,44.07369612751646],[10.405804189990064,44.05773567296219]]]},"properties":{"name":"Molazzana","minint_finloc":"3090430200","op_id":"4567","minint_elettorale":"2090430200","prov_name":"Lucca","prov_istat_code":"046","prov_istat_code_num":46,"prov_acr":"LU","reg_name":"Toscana","reg_istat_code":"09","reg_istat_code_num":9,"opdm_id":"4465","com_catasto_code":"F283","com_istat_code":"046020","com_istat_code_num":46020,"_featureIdx":34,"_color":"#d03945"}},{"type":"Feature","geometry":{"type":"Polygon","coordinates":[[[10.429774314703355,44.05773567296219],[10.453744439416646,44.05773567296219],[10.453744439416646,44.07369612751646],[10.429774314703355,44.07369612751646],[10.429774314703355,44.05773567296219]]]},"properties":{"name":"Gallicano","minint_elettorale":"2090430150","op_id":"4562","minint_finloc":"3090430150","prov_name":"Lucca","prov_istat_code":"046","prov_istat_code_num":46,"prov_acr":"LU","reg_name":"Toscana","reg_istat_code":"09","reg_istat_code_num":9,"opdm_id":"4461","com_catasto_code":"D874","com_istat_code":"046015","com_istat_code_num":46015,"_featureIdx":30,"_color":"#39d0ab"}},{"type":"Feature","geometry":{"type":"Polygon","coordinates":[[[10.453744439416646,44.05773567296219],[10.477714564129936,44.05773567296219],[10.477714564129936,44.07369612751646],[10.453744439416646,44.07369612751646],[10.453744439416646,44.05773567296219]]]},"properties":{"name":"Barga","minint_finloc":"3090430030","minint_elettorale":"2090430030","op_id":"4550","prov_name":"Lucca","prov_istat_code":"046","prov_istat_code_num":46,"prov_acr":"LU","reg_name":"Toscana","reg_istat_code":"09","reg_istat_code_num":9,"opdm_id":"4450","com_catasto_code":"A657","com_istat_code":"046003","com_istat_code_num":46003,"_featureIdx":19,"_color":"#7ed039"}},{"type":"Feature","geometry":{"type":"Polygon","coordinates":[[[10.477714564129936,44.05773567296219],[10.501684688843227,44.05773567296219],[10.501684688843227,44.07369612751646],[10.477714564129936,44.07369612751646],[10.477714564129936,44.05773567296219]]]},"properties":{"name":"Barga","minint_finloc":"3090430030","minint_elettorale":"2090430030","op_id":"4550","prov_name":"Lucca","prov_istat_code":"046","prov_istat_code_num":46,"prov_acr":"LU","reg_name":"Toscana","reg_istat_code":"09","reg_istat_code_num":9,"opdm_id":"4450","com_catasto_code":"A657","com_istat_code":"046003","com_istat_code_num":46003,"_featureIdx":19,"_color":"#7ed039"}},{"type":"Feature","geometry":{"type":"Polygon","coordinates":[[[10.501684688843227,44.05773567296219],[10.525654813556518,44.05773567296219],[10.525654813556518,44.07369612751646],[10.501684688843227,44.07369612751646],[10.501684688843227,44.05773567296219]]]},"properties":{"name":"Barga","minint_finloc":"3090430030","minint_elettorale":"2090430030","op_id":"4550","prov_name":"Lucca","prov_istat_code":"046","prov_istat_code_num":46,"prov_acr":"LU","reg_name":"Toscana","reg_istat_code":"09","reg_istat_code_num":9,"opdm_id":"4450","com_catasto_code":"A657","com_istat_code":"046003","com_istat_code_num":46003,"_featureIdx":19,"_color":"#7ed039"}},{"type":"Feature","geometry":{"type":"Polygon","coordinates":[[[10.525654813556516,44.05773567296219],[10.549624938269806,44.05773567296219],[10.549624938269806,44.07369612751646],[10.525654813556516,44.07369612751646],[10.525654813556516,44.05773567296219]]]},"properties":{"name":"Coreglia Antelminelli","minint_elettorale":"2090430110","minint_finloc":"3090430110","op_id":"4558","prov_name":"Lucca","prov_istat_code":"046","prov_istat_code_num":46,"prov_acr":"LU","reg_name":"Toscana","reg_istat_code":"09","reg_istat_code_num":9,"opdm_id":"4458","com_catasto_code":"C996","com_istat_code":"046011","com_istat_code_num":46011,"_featureIdx":27,"_color":"#4bd039"}},{"type":"Feature","geometry":{"type":"Polygon","coordinates":[[[10.549624938269806,44.05773567296219],[10.573595062983097,44.05773567296219],[10.573595062983097,44.07369612751646],[10.549624938269806,44.07369612751646],[10.549624938269806,44.05773567296219]]]},"properties":{"name":"Coreglia Antelminelli","minint_elettorale":"2090430110","minint_finloc":"3090430110","op_id":"4558","prov_name":"Lucca","prov_istat_code":"046","prov_istat_code_num":46,"prov_acr":"LU","reg_name":"Toscana","reg_istat_code":"09","reg_istat_code_num":9,"opdm_id":"4458","com_catasto_code":"C996","com_istat_code":"046011","com_istat_code_num":46011,"_featureIdx":27,"_color":"#4bd039"}},{"type":"Feature","geometry":{"type":"Polygon","coordinates":[[[10.573595062983097,44.05773567296219],[10.597565187696388,44.05773567296219],[10.597565187696388,44.07369612751646],[10.573595062983097,44.07369612751646],[10.573595062983097,44.05773567296219]]]},"properties":{"name":"Bagni di Lucca","minint_elettorale":"2090430020","minint_finloc":"3090430020","op_id":"4549","prov_name":"Lucca","prov_istat_code":"046","prov_istat_code_num":46,"prov_acr":"LU","reg_name":"Toscana","reg_istat_code":"09","reg_istat_code_num":9,"opdm_id":"4449","com_catasto_code":"A560","com_istat_code":"046002","com_istat_code_num":46002,"_featureIdx":18,"_color":"#d039aa"}},{"type":"Feature","geometry":{"type":"Polygon","coordinates":[[[10.597565187696388,44.05773567296219],[10.621535312409678,44.05773567296219],[10.621535312409678,44.07369612751646],[10.597565187696388,44.07369612751646],[10.597565187696388,44.05773567296219]]]},"properties":{"name":"Bagni di Lucca","minint_elettorale":"2090430020","minint_finloc":"3090430020","op_id":"4549","prov_name":"Lucca","prov_istat_code":"046","prov_istat_code_num":46,"prov_acr":"LU","reg_name":"Toscana","reg_istat_code":"09","reg_istat_code_num":9,"opdm_id":"4449","com_catasto_code":"A560","com_istat_code":"046002","com_istat_code_num":46002,"_featureIdx":18,"_color":"#d039aa"}},{"type":"Feature","geometry":{"type":"Polygon","coordinates":[[[10.621535312409678,44.05773567296219],[10.645505437122969,44.05773567296219],[10.645505437122969,44.07369612751646],[10.621535312409678,44.07369612751646],[10.621535312409678,44.05773567296219]]]},"properties":{"name":"Bagni di Lucca","minint_elettorale":"2090430020","minint_finloc":"3090430020","op_id":"4549","prov_name":"Lucca","prov_istat_code":"046","prov_istat_code_num":46,"prov_acr":"LU","reg_name":"Toscana","reg_istat_code":"09","reg_istat_code_num":9,"opdm_id":"4449","com_catasto_code":"A560","com_istat_code":"046002","com_istat_code_num":46002,"_featureIdx":18,"_color":"#d039aa"}},{"type":"Feature","geometry":{"type":"Polygon","coordinates":[[[10.645505437122967,44.05773567296219],[10.669475561836258,44.05773567296219],[10.669475561836258,44.07369612751646],[10.645505437122967,44.07369612751646],[10.645505437122967,44.05773567296219]]]},"properties":{"name":"Bagni di Lucca","minint_elettorale":"2090430020","minint_finloc":"3090430020","op_id":"4549","prov_name":"Lucca","prov_istat_code":"046","prov_istat_code_num":46,"prov_acr":"LU","reg_name":"Toscana","reg_istat_code":"09","reg_istat_code_num":9,"opdm_id":"4449","com_catasto_code":"A560","com_istat_code":"046002","com_istat_code_num":46002,"_featureIdx":18,"_color":"#d039aa"}},{"type":"Feature","geometry":{"type":"Polygon","coordinates":[[[10.669475561836258,44.05773567296219],[10.693445686549548,44.05773567296219],[10.693445686549548,44.07369612751646],[10.669475561836258,44.07369612751646],[10.669475561836258,44.05773567296219]]]},"properties":{"name":"Bagni di Lucca","minint_elettorale":"2090430020","minint_finloc":"3090430020","op_id":"4549","prov_name":"Lucca","prov_istat_code":"046","prov_istat_code_num":46,"prov_acr":"LU","reg_name":"Toscana","reg_istat_code":"09","reg_istat_code_num":9,"opdm_id":"4449","com_catasto_code":"A560","com_istat_code":"046002","com_istat_code_num":46002,"_featureIdx":18,"_color":"#d039aa"}},{"type":"Feature","geometry":{"type":"Polygon","coordinates":[[[10.693445686549548,44.05773567296219],[10.717415811262839,44.05773567296219],[10.717415811262839,44.07369612751646],[10.693445686549548,44.07369612751646],[10.693445686549548,44.05773567296219]]]},"properties":{"name":"Bagni di Lucca","minint_elettorale":"2090430020","minint_finloc":"3090430020","op_id":"4549","prov_name":"Lucca","prov_istat_code":"046","prov_istat_code_num":46,"prov_acr":"LU","reg_name":"Toscana","reg_istat_code":"09","reg_istat_code_num":9,"opdm_id":"4449","com_catasto_code":"A560","com_istat_code":"046002","com_istat_code_num":46002,"_featureIdx":18,"_color":"#d039aa"}},{"type":"Feature","geometry":{"type":"Polygon","coordinates":[[[10.717415811262839,44.05773567296219],[10.74138593597613,44.05773567296219],[10.74138593597613,44.07369612751646],[10.717415811262839,44.07369612751646],[10.717415811262839,44.05773567296219]]]},"properties":{"name":"San Marcello Piteglio","minint_elettorale":"2090630185","op_id":"8305","prov_name":"Pistoia","prov_istat_code":"047","prov_istat_code_num":47,"prov_acr":"PT","reg_name":"Toscana","reg_istat_code":"09","reg_istat_code_num":9,"opdm_id":"4500","com_catasto_code":"M377","com_istat_code":"047024","com_istat_code_num":47024,"_featureIdx":69,"_color":"#39d04d"}},{"type":"Feature","geometry":{"type":"Polygon","coordinates":[[[10.74138593597613,44.05773567296219],[10.76535606068942,44.05773567296219],[10.76535606068942,44.07369612751646],[10.74138593597613,44.07369612751646],[10.74138593597613,44.05773567296219]]]},"properties":{"name":"San Marcello Piteglio","minint_elettorale":"2090630185","op_id":"8305","prov_name":"Pistoia","prov_istat_code":"047","prov_istat_code_num":47,"prov_acr":"PT","reg_name":"Toscana","reg_istat_code":"09","reg_istat_code_num":9,"opdm_id":"4500","com_catasto_code":"M377","com_istat_code":"047024","com_istat_code_num":47024,"_featureIdx":69,"_color":"#39d04d"}},{"type":"Feature","geometry":{"type":"Polygon","coordinates":[[[10.76535606068942,44.05773567296219],[10.789326185402711,44.05773567296219],[10.789326185402711,44.07369612751646],[10.76535606068942,44.07369612751646],[10.76535606068942,44.05773567296219]]]},"properties":{"name":"San Marcello Piteglio","minint_elettorale":"2090630185","op_id":"8305","prov_name":"Pistoia","prov_istat_code":"047","prov_istat_code_num":47,"prov_acr":"PT","reg_name":"Toscana","reg_istat_code":"09","reg_istat_code_num":9,"opdm_id":"4500","com_catasto_code":"M377","com_istat_code":"047024","com_istat_code_num":47024,"_featureIdx":69,"_color":"#39d04d"}},{"type":"Feature","geometry":{"type":"Polygon","coordinates":[[[10.78932618540271,44.05773567296219],[10.813296310116,44.05773567296219],[10.813296310116,44.07369612751646],[10.78932618540271,44.07369612751646],[10.78932618540271,44.05773567296219]]]},"properties":{"name":"San Marcello Piteglio","minint_elettorale":"2090630185","op_id":"8305","prov_name":"Pistoia","prov_istat_code":"047","prov_istat_code_num":47,"prov_acr":"PT","reg_name":"Toscana","reg_istat_code":"09","reg_istat_code_num":9,"opdm_id":"4500","com_catasto_code":"M377","com_istat_code":"047024","com_istat_code_num":47024,"_featureIdx":69,"_color":"#39d04d"}},{"type":"Feature","geometry":{"type":"Polygon","coordinates":[[[10.813296310116,44.05773567296219],[10.83726643482929,44.05773567296219],[10.83726643482929,44.07369612751646],[10.813296310116,44.07369612751646],[10.813296310116,44.05773567296219]]]},"properties":{"name":"San Marcello Piteglio","minint_elettorale":"2090630185","op_id":"8305","prov_name":"Pistoia","prov_istat_code":"047","prov_istat_code_num":47,"prov_acr":"PT","reg_name":"Toscana","reg_istat_code":"09","reg_istat_code_num":9,"opdm_id":"4500","com_catasto_code":"M377","com_istat_code":"047024","com_istat_code_num":47024,"_featureIdx":69,"_color":"#39d04d"}},{"type":"Feature","geometry":{"type":"Polygon","coordinates":[[[10.83726643482929,44.05773567296219],[10.861236559542581,44.05773567296219],[10.861236559542581,44.07369612751646],[10.83726643482929,44.07369612751646],[10.83726643482929,44.05773567296219]]]},"properties":{"name":"San Marcello Piteglio","minint_elettorale":"2090630185","op_id":"8305","prov_name":"Pistoia","prov_istat_code":"047","prov_istat_code_num":47,"prov_acr":"PT","reg_name":"Toscana","reg_istat_code":"09","reg_istat_code_num":9,"opdm_id":"4500","com_catasto_code":"M377","com_istat_code":"047024","com_istat_code_num":47024,"_featureIdx":69,"_color":"#39d04d"}},{"type":"Feature","geometry":{"type":"Polygon","coordinates":[[[10.90917680896916,44.05773567296219],[10.933146933682451,44.05773567296219],[10.933146933682451,44.07369612751646],[10.90917680896916,44.07369612751646],[10.90917680896916,44.05773567296219]]]},"properties":{"name":"Sambuca Pistoiese","minint_finloc":"3090630170","minint_elettorale":"2090630170","op_id":"4601","prov_name":"Pistoia","prov_istat_code":"047","prov_istat_code_num":47,"prov_acr":"PT","reg_name":"Toscana","reg_istat_code":"09","reg_istat_code_num":9,"opdm_id":"4495","com_catasto_code":"H744","com_istat_code":"047018","com_istat_code_num":47018,"_featureIdx":64,"_color":"#39d09f"}},{"type":"Feature","geometry":{"type":"Polygon","coordinates":[[[10.933146933682451,44.05773567296219],[10.957117058395742,44.05773567296219],[10.957117058395742,44.07369612751646],[10.933146933682451,44.07369612751646],[10.933146933682451,44.05773567296219]]]},"properties":{"name":"Sambuca Pistoiese","minint_finloc":"3090630170","minint_elettorale":"2090630170","op_id":"4601","prov_name":"Pistoia","prov_istat_code":"047","prov_istat_code_num":47,"prov_acr":"PT","reg_name":"Toscana","reg_istat_code":"09","reg_istat_code_num":9,"opdm_id":"4495","com_catasto_code":"H744","com_istat_code":"047018","com_istat_code_num":47018,"_featureIdx":64,"_color":"#39d09f"}},{"type":"Feature","geometry":{"type":"Polygon","coordinates":[[[10.957117058395742,44.05773567296219],[10.981087183109032,44.05773567296219],[10.981087183109032,44.07369612751646],[10.957117058395742,44.07369612751646],[10.957117058395742,44.05773567296219]]]},"properties":{"name":"Sambuca Pistoiese","minint_finloc":"3090630170","minint_elettorale":"2090630170","op_id":"4601","prov_name":"Pistoia","prov_istat_code":"047","prov_istat_code_num":47,"prov_acr":"PT","reg_name":"Toscana","reg_istat_code":"09","reg_istat_code_num":9,"opdm_id":"4495","com_catasto_code":"H744","com_istat_code":"047018","com_istat_code_num":47018,"_featureIdx":64,"_color":"#39d09f"}},{"type":"Feature","geometry":{"type":"Polygon","coordinates":[[[10.981087183109032,44.05773567296219],[11.005057307822323,44.05773567296219],[11.005057307822323,44.07369612751646],[10.981087183109032,44.07369612751646],[10.981087183109032,44.05773567296219]]]},"properties":{"name":"Sambuca Pistoiese","minint_finloc":"3090630170","minint_elettorale":"2090630170","op_id":"4601","prov_name":"Pistoia","prov_istat_code":"047","prov_istat_code_num":47,"prov_acr":"PT","reg_name":"Toscana","reg_istat_code":"09","reg_istat_code_num":9,"opdm_id":"4495","com_catasto_code":"H744","com_istat_code":"047018","com_istat_code_num":47018,"_featureIdx":64,"_color":"#39d09f"}},{"type":"Feature","geometry":{"type":"Polygon","coordinates":[[[11.005057307822323,44.05773567296219],[11.029027432535614,44.05773567296219],[11.029027432535614,44.07369612751646],[11.005057307822323,44.07369612751646],[11.005057307822323,44.05773567296219]]]},"properties":{"name":"Sambuca Pistoiese","minint_finloc":"3090630170","minint_elettorale":"2090630170","op_id":"4601","prov_name":"Pistoia","prov_istat_code":"047","prov_istat_code_num":47,"prov_acr":"PT","reg_name":"Toscana","reg_istat_code":"09","reg_istat_code_num":9,"opdm_id":"4495","com_catasto_code":"H744","com_istat_code":"047018","com_istat_code_num":47018,"_featureIdx":64,"_color":"#39d09f"}},{"type":"Feature","geometry":{"type":"Polygon","coordinates":[[[11.029027432535614,44.05773567296219],[11.052997557248904,44.05773567296219],[11.052997557248904,44.07369612751646],[11.029027432535614,44.07369612751646],[11.029027432535614,44.05773567296219]]]},"properties":{"name":"Sambuca Pistoiese","minint_finloc":"3090630170","minint_elettorale":"2090630170","op_id":"4601","prov_name":"Pistoia","prov_istat_code":"047","prov_istat_code_num":47,"prov_acr":"PT","reg_name":"Toscana","reg_istat_code":"09","reg_istat_code_num":9,"opdm_id":"4495","com_catasto_code":"H744","com_istat_code":"047018","com_istat_code_num":47018,"_featureIdx":64,"_color":"#39d09f"}},{"type":"Feature","geometry":{"type":"Polygon","coordinates":[[[10.285953566423613,44.07369612751646],[10.309923691136904,44.07369612751646],[10.309923691136904,44.08965658207074],[10.285953566423613,44.08965658207074],[10.285953566423613,44.07369612751646]]]},"properties":{"name":"Careggine","minint_elettorale":"2090430080","minint_finloc":"3090430080","op_id":"4555","prov_name":"Lucca","prov_istat_code":"046","prov_istat_code_num":46,"prov_acr":"LU","reg_name":"Toscana","reg_istat_code":"09","reg_istat_code_num":9,"opdm_id":"4455","com_catasto_code":"B760","com_istat_code":"046008","com_istat_code_num":46008,"_featureIdx":24,"_color":"#d0d039"}},{"type":"Feature","geometry":{"type":"Polygon","coordinates":[[[10.309923691136904,44.07369612751646],[10.333893815850194,44.07369612751646],[10.333893815850194,44.08965658207074],[10.309923691136904,44.08965658207074],[10.309923691136904,44.07369612751646]]]},"properties":{"name":"Careggine","minint_elettorale":"2090430080","minint_finloc":"3090430080","op_id":"4555","prov_name":"Lucca","prov_istat_code":"046","prov_istat_code_num":46,"prov_acr":"LU","reg_name":"Toscana","reg_istat_code":"09","reg_istat_code_num":9,"opdm_id":"4455","com_catasto_code":"B760","com_istat_code":"046008","com_istat_code_num":46008,"_featureIdx":24,"_color":"#d0d039"}},{"type":"Feature","geometry":{"type":"Polygon","coordinates":[[[10.333893815850194,44.07369612751646],[10.357863940563485,44.07369612751646],[10.357863940563485,44.08965658207074],[10.333893815850194,44.08965658207074],[10.333893815850194,44.07369612751646]]]},"properties":{"name":"Castelnuovo di Garfagnana","minint_finloc":"3090430090","op_id":"4556","minint_elettorale":"2090430090","prov_name":"Lucca","prov_istat_code":"046","prov_istat_code_num":46,"prov_acr":"LU","reg_name":"Toscana","reg_istat_code":"09","reg_istat_code_num":9,"opdm_id":"4456","com_catasto_code":"C236","com_istat_code":"046009","com_istat_code_num":46009,"_featureIdx":25,"_color":"#39a4d0"}},{"type":"Feature","geometry":{"type":"Polygon","coordinates":[[[10.357863940563485,44.07369612751646],[10.381834065276776,44.07369612751646],[10.381834065276776,44.08965658207074],[10.357863940563485,44.08965658207074],[10.357863940563485,44.07369612751646]]]},"properties":{"name":"Molazzana","minint_finloc":"3090430200","op_id":"4567","minint_elettorale":"2090430200","prov_name":"Lucca","prov_istat_code":"046","prov_istat_code_num":46,"prov_acr":"LU","reg_name":"Toscana","reg_istat_code":"09","reg_istat_code_num":9,"opdm_id":"4465","com_catasto_code":"F283","com_istat_code":"046020","com_istat_code_num":46020,"_featureIdx":34,"_color":"#d03945"}},{"type":"Feature","geometry":{"type":"Polygon","coordinates":[[[10.381834065276776,44.07369612751646],[10.405804189990066,44.07369612751646],[10.405804189990066,44.08965658207074],[10.381834065276776,44.08965658207074],[10.381834065276776,44.07369612751646]]]},"properties":{"name":"Molazzana","minint_finloc":"3090430200","op_id":"4567","minint_elettorale":"2090430200","prov_name":"Lucca","prov_istat_code":"046","prov_istat_code_num":46,"prov_acr":"LU","reg_name":"Toscana","reg_istat_code":"09","reg_istat_code_num":9,"opdm_id":"4465","com_catasto_code":"F283","com_istat_code":"046020","com_istat_code_num":46020,"_featureIdx":34,"_color":"#d03945"}},{"type":"Feature","geometry":{"type":"Polygon","coordinates":[[[10.405804189990064,44.07369612751646],[10.429774314703355,44.07369612751646],[10.429774314703355,44.08965658207074],[10.405804189990064,44.08965658207074],[10.405804189990064,44.07369612751646]]]},"properties":{"name":"Molazzana","minint_finloc":"3090430200","op_id":"4567","minint_elettorale":"2090430200","prov_name":"Lucca","prov_istat_code":"046","prov_istat_code_num":46,"prov_acr":"LU","reg_name":"Toscana","reg_istat_code":"09","reg_istat_code_num":9,"opdm_id":"4465","com_catasto_code":"F283","com_istat_code":"046020","com_istat_code_num":46020,"_featureIdx":34,"_color":"#d03945"}},{"type":"Feature","geometry":{"type":"Polygon","coordinates":[[[10.429774314703355,44.07369612751646],[10.453744439416646,44.07369612751646],[10.453744439416646,44.08965658207074],[10.429774314703355,44.08965658207074],[10.429774314703355,44.07369612751646]]]},"properties":{"name":"Gallicano","minint_elettorale":"2090430150","op_id":"4562","minint_finloc":"3090430150","prov_name":"Lucca","prov_istat_code":"046","prov_istat_code_num":46,"prov_acr":"LU","reg_name":"Toscana","reg_istat_code":"09","reg_istat_code_num":9,"opdm_id":"4461","com_catasto_code":"D874","com_istat_code":"046015","com_istat_code_num":46015,"_featureIdx":30,"_color":"#39d0ab"}},{"type":"Feature","geometry":{"type":"Polygon","coordinates":[[[10.453744439416646,44.07369612751646],[10.477714564129936,44.07369612751646],[10.477714564129936,44.08965658207074],[10.453744439416646,44.08965658207074],[10.453744439416646,44.07369612751646]]]},"properties":{"name":"Barga","minint_finloc":"3090430030","minint_elettorale":"2090430030","op_id":"4550","prov_name":"Lucca","prov_istat_code":"046","prov_istat_code_num":46,"prov_acr":"LU","reg_name":"Toscana","reg_istat_code":"09","reg_istat_code_num":9,"opdm_id":"4450","com_catasto_code":"A657","com_istat_code":"046003","com_istat_code_num":46003,"_featureIdx":19,"_color":"#7ed039"}},{"type":"Feature","geometry":{"type":"Polygon","coordinates":[[[10.477714564129936,44.07369612751646],[10.501684688843227,44.07369612751646],[10.501684688843227,44.08965658207074],[10.477714564129936,44.08965658207074],[10.477714564129936,44.07369612751646]]]},"properties":{"name":"Barga","minint_finloc":"3090430030","minint_elettorale":"2090430030","op_id":"4550","prov_name":"Lucca","prov_istat_code":"046","prov_istat_code_num":46,"prov_acr":"LU","reg_name":"Toscana","reg_istat_code":"09","reg_istat_code_num":9,"opdm_id":"4450","com_catasto_code":"A657","com_istat_code":"046003","com_istat_code_num":46003,"_featureIdx":19,"_color":"#7ed039"}},{"type":"Feature","geometry":{"type":"Polygon","coordinates":[[[10.501684688843227,44.07369612751646],[10.525654813556518,44.07369612751646],[10.525654813556518,44.08965658207074],[10.501684688843227,44.08965658207074],[10.501684688843227,44.07369612751646]]]},"properties":{"name":"Barga","minint_finloc":"3090430030","minint_elettorale":"2090430030","op_id":"4550","prov_name":"Lucca","prov_istat_code":"046","prov_istat_code_num":46,"prov_acr":"LU","reg_name":"Toscana","reg_istat_code":"09","reg_istat_code_num":9,"opdm_id":"4450","com_catasto_code":"A657","com_istat_code":"046003","com_istat_code_num":46003,"_featureIdx":19,"_color":"#7ed039"}},{"type":"Feature","geometry":{"type":"Polygon","coordinates":[[[10.525654813556516,44.07369612751646],[10.549624938269806,44.07369612751646],[10.549624938269806,44.08965658207074],[10.525654813556516,44.08965658207074],[10.525654813556516,44.07369612751646]]]},"properties":{"name":"Coreglia Antelminelli","minint_elettorale":"2090430110","minint_finloc":"3090430110","op_id":"4558","prov_name":"Lucca","prov_istat_code":"046","prov_istat_code_num":46,"prov_acr":"LU","reg_name":"Toscana","reg_istat_code":"09","reg_istat_code_num":9,"opdm_id":"4458","com_catasto_code":"C996","com_istat_code":"046011","com_istat_code_num":46011,"_featureIdx":27,"_color":"#4bd039"}},{"type":"Feature","geometry":{"type":"Polygon","coordinates":[[[10.549624938269806,44.07369612751646],[10.573595062983097,44.07369612751646],[10.573595062983097,44.08965658207074],[10.549624938269806,44.08965658207074],[10.549624938269806,44.07369612751646]]]},"properties":{"name":"Coreglia Antelminelli","minint_elettorale":"2090430110","minint_finloc":"3090430110","op_id":"4558","prov_name":"Lucca","prov_istat_code":"046","prov_istat_code_num":46,"prov_acr":"LU","reg_name":"Toscana","reg_istat_code":"09","reg_istat_code_num":9,"opdm_id":"4458","com_catasto_code":"C996","com_istat_code":"046011","com_istat_code_num":46011,"_featureIdx":27,"_color":"#4bd039"}},{"type":"Feature","geometry":{"type":"Polygon","coordinates":[[[10.573595062983097,44.07369612751646],[10.597565187696388,44.07369612751646],[10.597565187696388,44.08965658207074],[10.573595062983097,44.08965658207074],[10.573595062983097,44.07369612751646]]]},"properties":{"name":"Coreglia Antelminelli","minint_elettorale":"2090430110","minint_finloc":"3090430110","op_id":"4558","prov_name":"Lucca","prov_istat_code":"046","prov_istat_code_num":46,"prov_acr":"LU","reg_name":"Toscana","reg_istat_code":"09","reg_istat_code_num":9,"opdm_id":"4458","com_catasto_code":"C996","com_istat_code":"046011","com_istat_code_num":46011,"_featureIdx":27,"_color":"#4bd039"}},{"type":"Feature","geometry":{"type":"Polygon","coordinates":[[[10.597565187696388,44.07369612751646],[10.621535312409678,44.07369612751646],[10.621535312409678,44.08965658207074],[10.597565187696388,44.08965658207074],[10.597565187696388,44.07369612751646]]]},"properties":{"name":"Bagni di Lucca","minint_elettorale":"2090430020","minint_finloc":"3090430020","op_id":"4549","prov_name":"Lucca","prov_istat_code":"046","prov_istat_code_num":46,"prov_acr":"LU","reg_name":"Toscana","reg_istat_code":"09","reg_istat_code_num":9,"opdm_id":"4449","com_catasto_code":"A560","com_istat_code":"046002","com_istat_code_num":46002,"_featureIdx":18,"_color":"#d039aa"}},{"type":"Feature","geometry":{"type":"Polygon","coordinates":[[[10.621535312409678,44.07369612751646],[10.645505437122969,44.07369612751646],[10.645505437122969,44.08965658207074],[10.621535312409678,44.08965658207074],[10.621535312409678,44.07369612751646]]]},"properties":{"name":"Bagni di Lucca","minint_elettorale":"2090430020","minint_finloc":"3090430020","op_id":"4549","prov_name":"Lucca","prov_istat_code":"046","prov_istat_code_num":46,"prov_acr":"LU","reg_name":"Toscana","reg_istat_code":"09","reg_istat_code_num":9,"opdm_id":"4449","com_catasto_code":"A560","com_istat_code":"046002","com_istat_code_num":46002,"_featureIdx":18,"_color":"#d039aa"}},{"type":"Feature","geometry":{"type":"Polygon","coordinates":[[[10.645505437122967,44.07369612751646],[10.669475561836258,44.07369612751646],[10.669475561836258,44.08965658207074],[10.645505437122967,44.08965658207074],[10.645505437122967,44.07369612751646]]]},"properties":{"name":"Bagni di Lucca","minint_elettorale":"2090430020","minint_finloc":"3090430020","op_id":"4549","prov_name":"Lucca","prov_istat_code":"046","prov_istat_code_num":46,"prov_acr":"LU","reg_name":"Toscana","reg_istat_code":"09","reg_istat_code_num":9,"opdm_id":"4449","com_catasto_code":"A560","com_istat_code":"046002","com_istat_code_num":46002,"_featureIdx":18,"_color":"#d039aa"}},{"type":"Feature","geometry":{"type":"Polygon","coordinates":[[[10.669475561836258,44.07369612751646],[10.693445686549548,44.07369612751646],[10.693445686549548,44.08965658207074],[10.669475561836258,44.08965658207074],[10.669475561836258,44.07369612751646]]]},"properties":{"name":"Bagni di Lucca","minint_elettorale":"2090430020","minint_finloc":"3090430020","op_id":"4549","prov_name":"Lucca","prov_istat_code":"046","prov_istat_code_num":46,"prov_acr":"LU","reg_name":"Toscana","reg_istat_code":"09","reg_istat_code_num":9,"opdm_id":"4449","com_catasto_code":"A560","com_istat_code":"046002","com_istat_code_num":46002,"_featureIdx":18,"_color":"#d039aa"}},{"type":"Feature","geometry":{"type":"Polygon","coordinates":[[[10.693445686549548,44.07369612751646],[10.717415811262839,44.07369612751646],[10.717415811262839,44.08965658207074],[10.693445686549548,44.08965658207074],[10.693445686549548,44.07369612751646]]]},"properties":{"name":"Bagni di Lucca","minint_elettorale":"2090430020","minint_finloc":"3090430020","op_id":"4549","prov_name":"Lucca","prov_istat_code":"046","prov_istat_code_num":46,"prov_acr":"LU","reg_name":"Toscana","reg_istat_code":"09","reg_istat_code_num":9,"opdm_id":"4449","com_catasto_code":"A560","com_istat_code":"046002","com_istat_code_num":46002,"_featureIdx":18,"_color":"#d039aa"}},{"type":"Feature","geometry":{"type":"Polygon","coordinates":[[[10.717415811262839,44.07369612751646],[10.74138593597613,44.07369612751646],[10.74138593597613,44.08965658207074],[10.717415811262839,44.08965658207074],[10.717415811262839,44.07369612751646]]]},"properties":{"name":"San Marcello Piteglio","minint_elettorale":"2090630185","op_id":"8305","prov_name":"Pistoia","prov_istat_code":"047","prov_istat_code_num":47,"prov_acr":"PT","reg_name":"Toscana","reg_istat_code":"09","reg_istat_code_num":9,"opdm_id":"4500","com_catasto_code":"M377","com_istat_code":"047024","com_istat_code_num":47024,"_featureIdx":69,"_color":"#39d04d"}},{"type":"Feature","geometry":{"type":"Polygon","coordinates":[[[10.74138593597613,44.07369612751646],[10.76535606068942,44.07369612751646],[10.76535606068942,44.08965658207074],[10.74138593597613,44.08965658207074],[10.74138593597613,44.07369612751646]]]},"properties":{"name":"San Marcello Piteglio","minint_elettorale":"2090630185","op_id":"8305","prov_name":"Pistoia","prov_istat_code":"047","prov_istat_code_num":47,"prov_acr":"PT","reg_name":"Toscana","reg_istat_code":"09","reg_istat_code_num":9,"opdm_id":"4500","com_catasto_code":"M377","com_istat_code":"047024","com_istat_code_num":47024,"_featureIdx":69,"_color":"#39d04d"}},{"type":"Feature","geometry":{"type":"Polygon","coordinates":[[[10.76535606068942,44.07369612751646],[10.789326185402711,44.07369612751646],[10.789326185402711,44.08965658207074],[10.76535606068942,44.08965658207074],[10.76535606068942,44.07369612751646]]]},"properties":{"name":"San Marcello Piteglio","minint_elettorale":"2090630185","op_id":"8305","prov_name":"Pistoia","prov_istat_code":"047","prov_istat_code_num":47,"prov_acr":"PT","reg_name":"Toscana","reg_istat_code":"09","reg_istat_code_num":9,"opdm_id":"4500","com_catasto_code":"M377","com_istat_code":"047024","com_istat_code_num":47024,"_featureIdx":69,"_color":"#39d04d"}},{"type":"Feature","geometry":{"type":"Polygon","coordinates":[[[10.78932618540271,44.07369612751646],[10.813296310116,44.07369612751646],[10.813296310116,44.08965658207074],[10.78932618540271,44.08965658207074],[10.78932618540271,44.07369612751646]]]},"properties":{"name":"San Marcello Piteglio","minint_elettorale":"2090630185","op_id":"8305","prov_name":"Pistoia","prov_istat_code":"047","prov_istat_code_num":47,"prov_acr":"PT","reg_name":"Toscana","reg_istat_code":"09","reg_istat_code_num":9,"opdm_id":"4500","com_catasto_code":"M377","com_istat_code":"047024","com_istat_code_num":47024,"_featureIdx":69,"_color":"#39d04d"}},{"type":"Feature","geometry":{"type":"Polygon","coordinates":[[[10.813296310116,44.07369612751646],[10.83726643482929,44.07369612751646],[10.83726643482929,44.08965658207074],[10.813296310116,44.08965658207074],[10.813296310116,44.07369612751646]]]},"properties":{"name":"San Marcello Piteglio","minint_elettorale":"2090630185","op_id":"8305","prov_name":"Pistoia","prov_istat_code":"047","prov_istat_code_num":47,"prov_acr":"PT","reg_name":"Toscana","reg_istat_code":"09","reg_istat_code_num":9,"opdm_id":"4500","com_catasto_code":"M377","com_istat_code":"047024","com_istat_code_num":47024,"_featureIdx":69,"_color":"#39d04d"}},{"type":"Feature","geometry":{"type":"Polygon","coordinates":[[[10.83726643482929,44.07369612751646],[10.861236559542581,44.07369612751646],[10.861236559542581,44.08965658207074],[10.83726643482929,44.08965658207074],[10.83726643482929,44.07369612751646]]]},"properties":{"name":"San Marcello Piteglio","minint_elettorale":"2090630185","op_id":"8305","prov_name":"Pistoia","prov_istat_code":"047","prov_istat_code_num":47,"prov_acr":"PT","reg_name":"Toscana","reg_istat_code":"09","reg_istat_code_num":9,"opdm_id":"4500","com_catasto_code":"M377","com_istat_code":"047024","com_istat_code_num":47024,"_featureIdx":69,"_color":"#39d04d"}},{"type":"Feature","geometry":{"type":"Polygon","coordinates":[[[10.861236559542581,44.07369612751646],[10.885206684255872,44.07369612751646],[10.885206684255872,44.08965658207074],[10.861236559542581,44.08965658207074],[10.861236559542581,44.07369612751646]]]},"properties":{"name":"San Marcello Piteglio","minint_elettorale":"2090630185","op_id":"8305","prov_name":"Pistoia","prov_istat_code":"047","prov_istat_code_num":47,"prov_acr":"PT","reg_name":"Toscana","reg_istat_code":"09","reg_istat_code_num":9,"opdm_id":"4500","com_catasto_code":"M377","com_istat_code":"047024","com_istat_code_num":47024,"_featureIdx":69,"_color":"#39d04d"}},{"type":"Feature","geometry":{"type":"Polygon","coordinates":[[[10.933146933682451,44.07369612751646],[10.957117058395742,44.07369612751646],[10.957117058395742,44.08965658207074],[10.933146933682451,44.08965658207074],[10.933146933682451,44.07369612751646]]]},"properties":{"name":"Sambuca Pistoiese","minint_finloc":"3090630170","minint_elettorale":"2090630170","op_id":"4601","prov_name":"Pistoia","prov_istat_code":"047","prov_istat_code_num":47,"prov_acr":"PT","reg_name":"Toscana","reg_istat_code":"09","reg_istat_code_num":9,"opdm_id":"4495","com_catasto_code":"H744","com_istat_code":"047018","com_istat_code_num":47018,"_featureIdx":64,"_color":"#39d09f"}},{"type":"Feature","geometry":{"type":"Polygon","coordinates":[[[10.957117058395742,44.07369612751646],[10.981087183109032,44.07369612751646],[10.981087183109032,44.08965658207074],[10.957117058395742,44.08965658207074],[10.957117058395742,44.07369612751646]]]},"properties":{"name":"Sambuca Pistoiese","minint_finloc":"3090630170","minint_elettorale":"2090630170","op_id":"4601","prov_name":"Pistoia","prov_istat_code":"047","prov_istat_code_num":47,"prov_acr":"PT","reg_name":"Toscana","reg_istat_code":"09","reg_istat_code_num":9,"opdm_id":"4495","com_catasto_code":"H744","com_istat_code":"047018","com_istat_code_num":47018,"_featureIdx":64,"_color":"#39d09f"}},{"type":"Feature","geometry":{"type":"Polygon","coordinates":[[[10.981087183109032,44.07369612751646],[11.005057307822323,44.07369612751646],[11.005057307822323,44.08965658207074],[10.981087183109032,44.08965658207074],[10.981087183109032,44.07369612751646]]]},"properties":{"name":"Sambuca Pistoiese","minint_finloc":"3090630170","minint_elettorale":"2090630170","op_id":"4601","prov_name":"Pistoia","prov_istat_code":"047","prov_istat_code_num":47,"prov_acr":"PT","reg_name":"Toscana","reg_istat_code":"09","reg_istat_code_num":9,"opdm_id":"4495","com_catasto_code":"H744","com_istat_code":"047018","com_istat_code_num":47018,"_featureIdx":64,"_color":"#39d09f"}},{"type":"Feature","geometry":{"type":"Polygon","coordinates":[[[11.005057307822323,44.07369612751646],[11.029027432535614,44.07369612751646],[11.029027432535614,44.08965658207074],[11.005057307822323,44.08965658207074],[11.005057307822323,44.07369612751646]]]},"properties":{"name":"Sambuca Pistoiese","minint_finloc":"3090630170","minint_elettorale":"2090630170","op_id":"4601","prov_name":"Pistoia","prov_istat_code":"047","prov_istat_code_num":47,"prov_acr":"PT","reg_name":"Toscana","reg_istat_code":"09","reg_istat_code_num":9,"opdm_id":"4495","com_catasto_code":"H744","com_istat_code":"047018","com_istat_code_num":47018,"_featureIdx":64,"_color":"#39d09f"}},{"type":"Feature","geometry":{"type":"Polygon","coordinates":[[[11.029027432535614,44.07369612751646],[11.052997557248904,44.07369612751646],[11.052997557248904,44.08965658207074],[11.029027432535614,44.08965658207074],[11.029027432535614,44.07369612751646]]]},"properties":{"name":"Sambuca Pistoiese","minint_finloc":"3090630170","minint_elettorale":"2090630170","op_id":"4601","prov_name":"Pistoia","prov_istat_code":"047","prov_istat_code_num":47,"prov_acr":"PT","reg_name":"Toscana","reg_istat_code":"09","reg_istat_code_num":9,"opdm_id":"4495","com_catasto_code":"H744","com_istat_code":"047018","com_istat_code_num":47018,"_featureIdx":64,"_color":"#39d09f"}},{"type":"Feature","geometry":{"type":"Polygon","coordinates":[[[9.97434194515084,44.08965658207073],[9.99831206986413,44.08965658207073],[9.99831206986413,44.105617036625006],[9.97434194515084,44.105617036625006],[9.97434194515084,44.08965658207073]]]},"properties":{"name":"Fosdinovo","minint_finloc":"3090460080","op_id":"4538","minint_elettorale":"2090460080","prov_name":"Massa-Carrara","prov_istat_code":"045","prov_istat_code_num":45,"prov_acr":"MS","reg_name":"Toscana","reg_istat_code":"09","reg_istat_code_num":9,"opdm_id":"4438","com_catasto_code":"D735","com_istat_code":"045008","com_istat_code_num":45008,"_featureIdx":7,"_color":"#3f39d0"}},{"type":"Feature","geometry":{"type":"Polygon","coordinates":[[[10.309923691136904,44.08965658207073],[10.333893815850194,44.08965658207073],[10.333893815850194,44.105617036625006],[10.309923691136904,44.105617036625006],[10.309923691136904,44.08965658207073]]]},"properties":{"name":"Careggine","minint_elettorale":"2090430080","minint_finloc":"3090430080","op_id":"4555","prov_name":"Lucca","prov_istat_code":"046","prov_istat_code_num":46,"prov_acr":"LU","reg_name":"Toscana","reg_istat_code":"09","reg_istat_code_num":9,"opdm_id":"4455","com_catasto_code":"B760","com_istat_code":"046008","com_istat_code_num":46008,"_featureIdx":24,"_color":"#d0d039"}},{"type":"Feature","geometry":{"type":"Polygon","coordinates":[[[10.333893815850194,44.08965658207073],[10.357863940563485,44.08965658207073],[10.357863940563485,44.105617036625006],[10.333893815850194,44.105617036625006],[10.333893815850194,44.08965658207073]]]},"properties":{"name":"Castelnuovo di Garfagnana","minint_finloc":"3090430090","op_id":"4556","minint_elettorale":"2090430090","prov_name":"Lucca","prov_istat_code":"046","prov_istat_code_num":46,"prov_acr":"LU","reg_name":"Toscana","reg_istat_code":"09","reg_istat_code_num":9,"opdm_id":"4456","com_catasto_code":"C236","com_istat_code":"046009","com_istat_code_num":46009,"_featureIdx":25,"_color":"#39a4d0"}},{"type":"Feature","geometry":{"type":"Polygon","coordinates":[[[10.357863940563485,44.08965658207073],[10.381834065276776,44.08965658207073],[10.381834065276776,44.105617036625006],[10.357863940563485,44.105617036625006],[10.357863940563485,44.08965658207073]]]},"properties":{"name":"Castelnuovo di Garfagnana","minint_finloc":"3090430090","op_id":"4556","minint_elettorale":"2090430090","prov_name":"Lucca","prov_istat_code":"046","prov_istat_code_num":46,"prov_acr":"LU","reg_name":"Toscana","reg_istat_code":"09","reg_istat_code_num":9,"opdm_id":"4456","com_catasto_code":"C236","com_istat_code":"046009","com_istat_code_num":46009,"_featureIdx":25,"_color":"#39a4d0"}},{"type":"Feature","geometry":{"type":"Polygon","coordinates":[[[10.381834065276776,44.08965658207073],[10.405804189990066,44.08965658207073],[10.405804189990066,44.105617036625006],[10.381834065276776,44.105617036625006],[10.381834065276776,44.08965658207073]]]},"properties":{"name":"Molazzana","minint_finloc":"3090430200","op_id":"4567","minint_elettorale":"2090430200","prov_name":"Lucca","prov_istat_code":"046","prov_istat_code_num":46,"prov_acr":"LU","reg_name":"Toscana","reg_istat_code":"09","reg_istat_code_num":9,"opdm_id":"4465","com_catasto_code":"F283","com_istat_code":"046020","com_istat_code_num":46020,"_featureIdx":34,"_color":"#d03945"}},{"type":"Feature","geometry":{"type":"Polygon","coordinates":[[[10.405804189990064,44.08965658207073],[10.429774314703355,44.08965658207073],[10.429774314703355,44.105617036625006],[10.405804189990064,44.105617036625006],[10.405804189990064,44.08965658207073]]]},"properties":{"name":"Castelnuovo di Garfagnana","minint_finloc":"3090430090","op_id":"4556","minint_elettorale":"2090430090","prov_name":"Lucca","prov_istat_code":"046","prov_istat_code_num":46,"prov_acr":"LU","reg_name":"Toscana","reg_istat_code":"09","reg_istat_code_num":9,"opdm_id":"4456","com_catasto_code":"C236","com_istat_code":"046009","com_istat_code_num":46009,"_featureIdx":25,"_color":"#39a4d0"}},{"type":"Feature","geometry":{"type":"Polygon","coordinates":[[[10.429774314703355,44.08965658207073],[10.453744439416646,44.08965658207073],[10.453744439416646,44.105617036625006],[10.429774314703355,44.105617036625006],[10.429774314703355,44.08965658207073]]]},"properties":{"name":"Gallicano","minint_elettorale":"2090430150","op_id":"4562","minint_finloc":"3090430150","prov_name":"Lucca","prov_istat_code":"046","prov_istat_code_num":46,"prov_acr":"LU","reg_name":"Toscana","reg_istat_code":"09","reg_istat_code_num":9,"opdm_id":"4461","com_catasto_code":"D874","com_istat_code":"046015","com_istat_code_num":46015,"_featureIdx":30,"_color":"#39d0ab"}},{"type":"Feature","geometry":{"type":"Polygon","coordinates":[[[10.453744439416646,44.08965658207073],[10.477714564129936,44.08965658207073],[10.477714564129936,44.105617036625006],[10.453744439416646,44.105617036625006],[10.453744439416646,44.08965658207073]]]},"properties":{"name":"Fosciandora","minint_elettorale":"2090430140","minint_finloc":"3090430140","op_id":"4561","prov_name":"Lucca","prov_istat_code":"046","prov_istat_code_num":46,"prov_acr":"LU","reg_name":"Toscana","reg_istat_code":"09","reg_istat_code_num":9,"opdm_id":"4460","com_catasto_code":"D734","com_istat_code":"046014","com_istat_code_num":46014,"_featureIdx":29,"_color":"#d07f39"}},{"type":"Feature","geometry":{"type":"Polygon","coordinates":[[[10.477714564129936,44.08965658207073],[10.501684688843227,44.08965658207073],[10.501684688843227,44.105617036625006],[10.477714564129936,44.105617036625006],[10.477714564129936,44.08965658207073]]]},"properties":{"name":"Barga","minint_finloc":"3090430030","minint_elettorale":"2090430030","op_id":"4550","prov_name":"Lucca","prov_istat_code":"046","prov_istat_code_num":46,"prov_acr":"LU","reg_name":"Toscana","reg_istat_code":"09","reg_istat_code_num":9,"opdm_id":"4450","com_catasto_code":"A657","com_istat_code":"046003","com_istat_code_num":46003,"_featureIdx":19,"_color":"#7ed039"}},{"type":"Feature","geometry":{"type":"Polygon","coordinates":[[[10.501684688843227,44.08965658207073],[10.525654813556518,44.08965658207073],[10.525654813556518,44.105617036625006],[10.501684688843227,44.105617036625006],[10.501684688843227,44.08965658207073]]]},"properties":{"name":"Barga","minint_finloc":"3090430030","minint_elettorale":"2090430030","op_id":"4550","prov_name":"Lucca","prov_istat_code":"046","prov_istat_code_num":46,"prov_acr":"LU","reg_name":"Toscana","reg_istat_code":"09","reg_istat_code_num":9,"opdm_id":"4450","com_catasto_code":"A657","com_istat_code":"046003","com_istat_code_num":46003,"_featureIdx":19,"_color":"#7ed039"}},{"type":"Feature","geometry":{"type":"Polygon","coordinates":[[[10.525654813556516,44.08965658207073],[10.549624938269806,44.08965658207073],[10.549624938269806,44.105617036625006],[10.525654813556516,44.105617036625006],[10.525654813556516,44.08965658207073]]]},"properties":{"name":"Barga","minint_finloc":"3090430030","minint_elettorale":"2090430030","op_id":"4550","prov_name":"Lucca","prov_istat_code":"046","prov_istat_code_num":46,"prov_acr":"LU","reg_name":"Toscana","reg_istat_code":"09","reg_istat_code_num":9,"opdm_id":"4450","com_catasto_code":"A657","com_istat_code":"046003","com_istat_code_num":46003,"_featureIdx":19,"_color":"#7ed039"}},{"type":"Feature","geometry":{"type":"Polygon","coordinates":[[[10.549624938269806,44.08965658207073],[10.573595062983097,44.08965658207073],[10.573595062983097,44.105617036625006],[10.549624938269806,44.105617036625006],[10.549624938269806,44.08965658207073]]]},"properties":{"name":"Coreglia Antelminelli","minint_elettorale":"2090430110","minint_finloc":"3090430110","op_id":"4558","prov_name":"Lucca","prov_istat_code":"046","prov_istat_code_num":46,"prov_acr":"LU","reg_name":"Toscana","reg_istat_code":"09","reg_istat_code_num":9,"opdm_id":"4458","com_catasto_code":"C996","com_istat_code":"046011","com_istat_code_num":46011,"_featureIdx":27,"_color":"#4bd039"}},{"type":"Feature","geometry":{"type":"Polygon","coordinates":[[[10.573595062983097,44.08965658207073],[10.597565187696388,44.08965658207073],[10.597565187696388,44.105617036625006],[10.573595062983097,44.105617036625006],[10.573595062983097,44.08965658207073]]]},"properties":{"name":"Coreglia Antelminelli","minint_elettorale":"2090430110","minint_finloc":"3090430110","op_id":"4558","prov_name":"Lucca","prov_istat_code":"046","prov_istat_code_num":46,"prov_acr":"LU","reg_name":"Toscana","reg_istat_code":"09","reg_istat_code_num":9,"opdm_id":"4458","com_catasto_code":"C996","com_istat_code":"046011","com_istat_code_num":46011,"_featureIdx":27,"_color":"#4bd039"}},{"type":"Feature","geometry":{"type":"Polygon","coordinates":[[[10.597565187696388,44.08965658207073],[10.621535312409678,44.08965658207073],[10.621535312409678,44.105617036625006],[10.597565187696388,44.105617036625006],[10.597565187696388,44.08965658207073]]]},"properties":{"name":"Bagni di Lucca","minint_elettorale":"2090430020","minint_finloc":"3090430020","op_id":"4549","prov_name":"Lucca","prov_istat_code":"046","prov_istat_code_num":46,"prov_acr":"LU","reg_name":"Toscana","reg_istat_code":"09","reg_istat_code_num":9,"opdm_id":"4449","com_catasto_code":"A560","com_istat_code":"046002","com_istat_code_num":46002,"_featureIdx":18,"_color":"#d039aa"}},{"type":"Feature","geometry":{"type":"Polygon","coordinates":[[[10.621535312409678,44.08965658207073],[10.645505437122969,44.08965658207073],[10.645505437122969,44.105617036625006],[10.621535312409678,44.105617036625006],[10.621535312409678,44.08965658207073]]]},"properties":{"name":"Bagni di Lucca","minint_elettorale":"2090430020","minint_finloc":"3090430020","op_id":"4549","prov_name":"Lucca","prov_istat_code":"046","prov_istat_code_num":46,"prov_acr":"LU","reg_name":"Toscana","reg_istat_code":"09","reg_istat_code_num":9,"opdm_id":"4449","com_catasto_code":"A560","com_istat_code":"046002","com_istat_code_num":46002,"_featureIdx":18,"_color":"#d039aa"}},{"type":"Feature","geometry":{"type":"Polygon","coordinates":[[[10.645505437122967,44.08965658207073],[10.669475561836258,44.08965658207073],[10.669475561836258,44.105617036625006],[10.645505437122967,44.105617036625006],[10.645505437122967,44.08965658207073]]]},"properties":{"name":"Bagni di Lucca","minint_elettorale":"2090430020","minint_finloc":"3090430020","op_id":"4549","prov_name":"Lucca","prov_istat_code":"046","prov_istat_code_num":46,"prov_acr":"LU","reg_name":"Toscana","reg_istat_code":"09","reg_istat_code_num":9,"opdm_id":"4449","com_catasto_code":"A560","com_istat_code":"046002","com_istat_code_num":46002,"_featureIdx":18,"_color":"#d039aa"}},{"type":"Feature","geometry":{"type":"Polygon","coordinates":[[[10.669475561836258,44.08965658207073],[10.693445686549548,44.08965658207073],[10.693445686549548,44.105617036625006],[10.669475561836258,44.105617036625006],[10.669475561836258,44.08965658207073]]]},"properties":{"name":"Bagni di Lucca","minint_elettorale":"2090430020","minint_finloc":"3090430020","op_id":"4549","prov_name":"Lucca","prov_istat_code":"046","prov_istat_code_num":46,"prov_acr":"LU","reg_name":"Toscana","reg_istat_code":"09","reg_istat_code_num":9,"opdm_id":"4449","com_catasto_code":"A560","com_istat_code":"046002","com_istat_code_num":46002,"_featureIdx":18,"_color":"#d039aa"}},{"type":"Feature","geometry":{"type":"Polygon","coordinates":[[[10.693445686549548,44.08965658207073],[10.717415811262839,44.08965658207073],[10.717415811262839,44.105617036625006],[10.693445686549548,44.105617036625006],[10.693445686549548,44.08965658207073]]]},"properties":{"name":"Abetone Cutigliano","minint_elettorale":"2090630012","op_id":"8304","prov_name":"Pistoia","prov_istat_code":"047","prov_istat_code_num":47,"prov_acr":"PT","reg_name":"Toscana","reg_istat_code":"09","reg_istat_code_num":9,"opdm_id":"4499","com_catasto_code":"M376","com_istat_code":"047023","com_istat_code_num":47023,"_featureIdx":68,"_color":"#d03951"}},{"type":"Feature","geometry":{"type":"Polygon","coordinates":[[[10.717415811262839,44.08965658207073],[10.74138593597613,44.08965658207073],[10.74138593597613,44.105617036625006],[10.717415811262839,44.105617036625006],[10.717415811262839,44.08965658207073]]]},"properties":{"name":"Abetone Cutigliano","minint_elettorale":"2090630012","op_id":"8304","prov_name":"Pistoia","prov_istat_code":"047","prov_istat_code_num":47,"prov_acr":"PT","reg_name":"Toscana","reg_istat_code":"09","reg_istat_code_num":9,"opdm_id":"4499","com_catasto_code":"M376","com_istat_code":"047023","com_istat_code_num":47023,"_featureIdx":68,"_color":"#d03951"}},{"type":"Feature","geometry":{"type":"Polygon","coordinates":[[[10.74138593597613,44.08965658207073],[10.76535606068942,44.08965658207073],[10.76535606068942,44.105617036625006],[10.74138593597613,44.105617036625006],[10.74138593597613,44.08965658207073]]]},"properties":{"name":"Abetone Cutigliano","minint_elettorale":"2090630012","op_id":"8304","prov_name":"Pistoia","prov_istat_code":"047","prov_istat_code_num":47,"prov_acr":"PT","reg_name":"Toscana","reg_istat_code":"09","reg_istat_code_num":9,"opdm_id":"4499","com_catasto_code":"M376","com_istat_code":"047023","com_istat_code_num":47023,"_featureIdx":68,"_color":"#d03951"}},{"type":"Feature","geometry":{"type":"Polygon","coordinates":[[[10.76535606068942,44.08965658207073],[10.789326185402711,44.08965658207073],[10.789326185402711,44.105617036625006],[10.76535606068942,44.105617036625006],[10.76535606068942,44.08965658207073]]]},"properties":{"name":"San Marcello Piteglio","minint_elettorale":"2090630185","op_id":"8305","prov_name":"Pistoia","prov_istat_code":"047","prov_istat_code_num":47,"prov_acr":"PT","reg_name":"Toscana","reg_istat_code":"09","reg_istat_code_num":9,"opdm_id":"4500","com_catasto_code":"M377","com_istat_code":"047024","com_istat_code_num":47024,"_featureIdx":69,"_color":"#39d04d"}},{"type":"Feature","geometry":{"type":"Polygon","coordinates":[[[10.78932618540271,44.08965658207073],[10.813296310116,44.08965658207073],[10.813296310116,44.105617036625006],[10.78932618540271,44.105617036625006],[10.78932618540271,44.08965658207073]]]},"properties":{"name":"San Marcello Piteglio","minint_elettorale":"2090630185","op_id":"8305","prov_name":"Pistoia","prov_istat_code":"047","prov_istat_code_num":47,"prov_acr":"PT","reg_name":"Toscana","reg_istat_code":"09","reg_istat_code_num":9,"opdm_id":"4500","com_catasto_code":"M377","com_istat_code":"047024","com_istat_code_num":47024,"_featureIdx":69,"_color":"#39d04d"}},{"type":"Feature","geometry":{"type":"Polygon","coordinates":[[[10.813296310116,44.08965658207073],[10.83726643482929,44.08965658207073],[10.83726643482929,44.105617036625006],[10.813296310116,44.105617036625006],[10.813296310116,44.08965658207073]]]},"properties":{"name":"San Marcello Piteglio","minint_elettorale":"2090630185","op_id":"8305","prov_name":"Pistoia","prov_istat_code":"047","prov_istat_code_num":47,"prov_acr":"PT","reg_name":"Toscana","reg_istat_code":"09","reg_istat_code_num":9,"opdm_id":"4500","com_catasto_code":"M377","com_istat_code":"047024","com_istat_code_num":47024,"_featureIdx":69,"_color":"#39d04d"}},{"type":"Feature","geometry":{"type":"Polygon","coordinates":[[[10.83726643482929,44.08965658207073],[10.861236559542581,44.08965658207073],[10.861236559542581,44.105617036625006],[10.83726643482929,44.105617036625006],[10.83726643482929,44.08965658207073]]]},"properties":{"name":"San Marcello Piteglio","minint_elettorale":"2090630185","op_id":"8305","prov_name":"Pistoia","prov_istat_code":"047","prov_istat_code_num":47,"prov_acr":"PT","reg_name":"Toscana","reg_istat_code":"09","reg_istat_code_num":9,"opdm_id":"4500","com_catasto_code":"M377","com_istat_code":"047024","com_istat_code_num":47024,"_featureIdx":69,"_color":"#39d04d"}},{"type":"Feature","geometry":{"type":"Polygon","coordinates":[[[10.957117058395742,44.08965658207073],[10.981087183109032,44.08965658207073],[10.981087183109032,44.105617036625006],[10.957117058395742,44.105617036625006],[10.957117058395742,44.08965658207073]]]},"properties":{"name":"Sambuca Pistoiese","minint_finloc":"3090630170","minint_elettorale":"2090630170","op_id":"4601","prov_name":"Pistoia","prov_istat_code":"047","prov_istat_code_num":47,"prov_acr":"PT","reg_name":"Toscana","reg_istat_code":"09","reg_istat_code_num":9,"opdm_id":"4495","com_catasto_code":"H744","com_istat_code":"047018","com_istat_code_num":47018,"_featureIdx":64,"_color":"#39d09f"}},{"type":"Feature","geometry":{"type":"Polygon","coordinates":[[[10.981087183109032,44.08965658207073],[11.005057307822323,44.08965658207073],[11.005057307822323,44.105617036625006],[10.981087183109032,44.105617036625006],[10.981087183109032,44.08965658207073]]]},"properties":{"name":"Sambuca Pistoiese","minint_finloc":"3090630170","minint_elettorale":"2090630170","op_id":"4601","prov_name":"Pistoia","prov_istat_code":"047","prov_istat_code_num":47,"prov_acr":"PT","reg_name":"Toscana","reg_istat_code":"09","reg_istat_code_num":9,"opdm_id":"4495","com_catasto_code":"H744","com_istat_code":"047018","com_istat_code_num":47018,"_featureIdx":64,"_color":"#39d09f"}},{"type":"Feature","geometry":{"type":"Polygon","coordinates":[[[10.142132818143871,44.105617036625006],[10.166102942857162,44.105617036625006],[10.166102942857162,44.12157749117928],[10.142132818143871,44.12157749117928],[10.142132818143871,44.105617036625006]]]},"properties":{"name":"Fivizzano","op_id":"4537","minint_elettorale":"2090460070","minint_finloc":"3090460070","prov_name":"Massa-Carrara","prov_istat_code":"045","prov_istat_code_num":45,"prov_acr":"MS","reg_name":"Toscana","reg_istat_code":"09","reg_istat_code_num":9,"opdm_id":"4437","com_catasto_code":"D629","com_istat_code":"045007","com_istat_code_num":45007,"_featureIdx":6,"_color":"#5fd039"}},{"type":"Feature","geometry":{"type":"Polygon","coordinates":[[[10.214043192283743,44.105617036625006],[10.238013316997034,44.105617036625006],[10.238013316997034,44.12157749117928],[10.214043192283743,44.12157749117928],[10.214043192283743,44.105617036625006]]]},"properties":{"name":"Minucciano","minint_finloc":"3090430190","op_id":"4566","minint_elettorale":"2090430190","prov_name":"Lucca","prov_istat_code":"046","prov_istat_code_num":46,"prov_acr":"LU","reg_name":"Toscana","reg_istat_code":"09","reg_istat_code_num":9,"opdm_id":"4464","com_catasto_code":"F225","com_istat_code":"046019","com_istat_code_num":46019,"_featureIdx":33,"_color":"#3971d0"}},{"type":"Feature","geometry":{"type":"Polygon","coordinates":[[[10.309923691136904,44.105617036625006],[10.333893815850194,44.105617036625006],[10.333893815850194,44.12157749117928],[10.309923691136904,44.12157749117928],[10.309923691136904,44.105617036625006]]]},"properties":{"name":"Careggine","minint_elettorale":"2090430080","minint_finloc":"3090430080","op_id":"4555","prov_name":"Lucca","prov_istat_code":"046","prov_istat_code_num":46,"prov_acr":"LU","reg_name":"Toscana","reg_istat_code":"09","reg_istat_code_num":9,"opdm_id":"4455","com_catasto_code":"B760","com_istat_code":"046008","com_istat_code_num":46008,"_featureIdx":24,"_color":"#d0d039"}},{"type":"Feature","geometry":{"type":"Polygon","coordinates":[[[10.333893815850194,44.105617036625006],[10.357863940563485,44.105617036625006],[10.357863940563485,44.12157749117928],[10.333893815850194,44.12157749117928],[10.333893815850194,44.105617036625006]]]},"properties":{"name":"Castelnuovo di Garfagnana","minint_finloc":"3090430090","op_id":"4556","minint_elettorale":"2090430090","prov_name":"Lucca","prov_istat_code":"046","prov_istat_code_num":46,"prov_acr":"LU","reg_name":"Toscana","reg_istat_code":"09","reg_istat_code_num":9,"opdm_id":"4456","com_catasto_code":"C236","com_istat_code":"046009","com_istat_code_num":46009,"_featureIdx":25,"_color":"#39a4d0"}},{"type":"Feature","geometry":{"type":"Polygon","coordinates":[[[10.357863940563485,44.105617036625006],[10.381834065276776,44.105617036625006],[10.381834065276776,44.12157749117928],[10.357863940563485,44.12157749117928],[10.357863940563485,44.105617036625006]]]},"properties":{"name":"Castelnuovo di Garfagnana","minint_finloc":"3090430090","op_id":"4556","minint_elettorale":"2090430090","prov_name":"Lucca","prov_istat_code":"046","prov_istat_code_num":46,"prov_acr":"LU","reg_name":"Toscana","reg_istat_code":"09","reg_istat_code_num":9,"opdm_id":"4456","com_catasto_code":"C236","com_istat_code":"046009","com_istat_code_num":46009,"_featureIdx":25,"_color":"#39a4d0"}},{"type":"Feature","geometry":{"type":"Polygon","coordinates":[[[10.381834065276776,44.105617036625006],[10.405804189990066,44.105617036625006],[10.405804189990066,44.12157749117928],[10.381834065276776,44.12157749117928],[10.381834065276776,44.105617036625006]]]},"properties":{"name":"Castelnuovo di Garfagnana","minint_finloc":"3090430090","op_id":"4556","minint_elettorale":"2090430090","prov_name":"Lucca","prov_istat_code":"046","prov_istat_code_num":46,"prov_acr":"LU","reg_name":"Toscana","reg_istat_code":"09","reg_istat_code_num":9,"opdm_id":"4456","com_catasto_code":"C236","com_istat_code":"046009","com_istat_code_num":46009,"_featureIdx":25,"_color":"#39a4d0"}},{"type":"Feature","geometry":{"type":"Polygon","coordinates":[[[10.405804189990064,44.105617036625006],[10.429774314703355,44.105617036625006],[10.429774314703355,44.12157749117928],[10.405804189990064,44.12157749117928],[10.405804189990064,44.105617036625006]]]},"properties":{"name":"Castelnuovo di Garfagnana","minint_finloc":"3090430090","op_id":"4556","minint_elettorale":"2090430090","prov_name":"Lucca","prov_istat_code":"046","prov_istat_code_num":46,"prov_acr":"LU","reg_name":"Toscana","reg_istat_code":"09","reg_istat_code_num":9,"opdm_id":"4456","com_catasto_code":"C236","com_istat_code":"046009","com_istat_code_num":46009,"_featureIdx":25,"_color":"#39a4d0"}},{"type":"Feature","geometry":{"type":"Polygon","coordinates":[[[10.429774314703355,44.105617036625006],[10.453744439416646,44.105617036625006],[10.453744439416646,44.12157749117928],[10.429774314703355,44.12157749117928],[10.429774314703355,44.105617036625006]]]},"properties":{"name":"Castelnuovo di Garfagnana","minint_finloc":"3090430090","op_id":"4556","minint_elettorale":"2090430090","prov_name":"Lucca","prov_istat_code":"046","prov_istat_code_num":46,"prov_acr":"LU","reg_name":"Toscana","reg_istat_code":"09","reg_istat_code_num":9,"opdm_id":"4456","com_catasto_code":"C236","com_istat_code":"046009","com_istat_code_num":46009,"_featureIdx":25,"_color":"#39a4d0"}},{"type":"Feature","geometry":{"type":"Polygon","coordinates":[[[10.453744439416646,44.105617036625006],[10.477714564129936,44.105617036625006],[10.477714564129936,44.12157749117928],[10.453744439416646,44.12157749117928],[10.453744439416646,44.105617036625006]]]},"properties":{"name":"Fosciandora","minint_elettorale":"2090430140","minint_finloc":"3090430140","op_id":"4561","prov_name":"Lucca","prov_istat_code":"046","prov_istat_code_num":46,"prov_acr":"LU","reg_name":"Toscana","reg_istat_code":"09","reg_istat_code_num":9,"opdm_id":"4460","com_catasto_code":"D734","com_istat_code":"046014","com_istat_code_num":46014,"_featureIdx":29,"_color":"#d07f39"}},{"type":"Feature","geometry":{"type":"Polygon","coordinates":[[[10.477714564129936,44.105617036625006],[10.501684688843227,44.105617036625006],[10.501684688843227,44.12157749117928],[10.477714564129936,44.12157749117928],[10.477714564129936,44.105617036625006]]]},"properties":{"name":"Barga","minint_finloc":"3090430030","minint_elettorale":"2090430030","op_id":"4550","prov_name":"Lucca","prov_istat_code":"046","prov_istat_code_num":46,"prov_acr":"LU","reg_name":"Toscana","reg_istat_code":"09","reg_istat_code_num":9,"opdm_id":"4450","com_catasto_code":"A657","com_istat_code":"046003","com_istat_code_num":46003,"_featureIdx":19,"_color":"#7ed039"}},{"type":"Feature","geometry":{"type":"Polygon","coordinates":[[[10.501684688843227,44.105617036625006],[10.525654813556518,44.105617036625006],[10.525654813556518,44.12157749117928],[10.501684688843227,44.12157749117928],[10.501684688843227,44.105617036625006]]]},"properties":{"name":"Barga","minint_finloc":"3090430030","minint_elettorale":"2090430030","op_id":"4550","prov_name":"Lucca","prov_istat_code":"046","prov_istat_code_num":46,"prov_acr":"LU","reg_name":"Toscana","reg_istat_code":"09","reg_istat_code_num":9,"opdm_id":"4450","com_catasto_code":"A657","com_istat_code":"046003","com_istat_code_num":46003,"_featureIdx":19,"_color":"#7ed039"}},{"type":"Feature","geometry":{"type":"Polygon","coordinates":[[[10.525654813556516,44.105617036625006],[10.549624938269806,44.105617036625006],[10.549624938269806,44.12157749117928],[10.525654813556516,44.12157749117928],[10.525654813556516,44.105617036625006]]]},"properties":{"name":"Barga","minint_finloc":"3090430030","minint_elettorale":"2090430030","op_id":"4550","prov_name":"Lucca","prov_istat_code":"046","prov_istat_code_num":46,"prov_acr":"LU","reg_name":"Toscana","reg_istat_code":"09","reg_istat_code_num":9,"opdm_id":"4450","com_catasto_code":"A657","com_istat_code":"046003","com_istat_code_num":46003,"_featureIdx":19,"_color":"#7ed039"}},{"type":"Feature","geometry":{"type":"Polygon","coordinates":[[[10.549624938269806,44.105617036625006],[10.573595062983097,44.105617036625006],[10.573595062983097,44.12157749117928],[10.549624938269806,44.12157749117928],[10.549624938269806,44.105617036625006]]]},"properties":{"name":"Coreglia Antelminelli","minint_elettorale":"2090430110","minint_finloc":"3090430110","op_id":"4558","prov_name":"Lucca","prov_istat_code":"046","prov_istat_code_num":46,"prov_acr":"LU","reg_name":"Toscana","reg_istat_code":"09","reg_istat_code_num":9,"opdm_id":"4458","com_catasto_code":"C996","com_istat_code":"046011","com_istat_code_num":46011,"_featureIdx":27,"_color":"#4bd039"}},{"type":"Feature","geometry":{"type":"Polygon","coordinates":[[[10.573595062983097,44.105617036625006],[10.597565187696388,44.105617036625006],[10.597565187696388,44.12157749117928],[10.573595062983097,44.12157749117928],[10.573595062983097,44.105617036625006]]]},"properties":{"name":"Coreglia Antelminelli","minint_elettorale":"2090430110","minint_finloc":"3090430110","op_id":"4558","prov_name":"Lucca","prov_istat_code":"046","prov_istat_code_num":46,"prov_acr":"LU","reg_name":"Toscana","reg_istat_code":"09","reg_istat_code_num":9,"opdm_id":"4458","com_catasto_code":"C996","com_istat_code":"046011","com_istat_code_num":46011,"_featureIdx":27,"_color":"#4bd039"}},{"type":"Feature","geometry":{"type":"Polygon","coordinates":[[[10.597565187696388,44.105617036625006],[10.621535312409678,44.105617036625006],[10.621535312409678,44.12157749117928],[10.597565187696388,44.12157749117928],[10.597565187696388,44.105617036625006]]]},"properties":{"name":"Bagni di Lucca","minint_elettorale":"2090430020","minint_finloc":"3090430020","op_id":"4549","prov_name":"Lucca","prov_istat_code":"046","prov_istat_code_num":46,"prov_acr":"LU","reg_name":"Toscana","reg_istat_code":"09","reg_istat_code_num":9,"opdm_id":"4449","com_catasto_code":"A560","com_istat_code":"046002","com_istat_code_num":46002,"_featureIdx":18,"_color":"#d039aa"}},{"type":"Feature","geometry":{"type":"Polygon","coordinates":[[[10.621535312409678,44.105617036625006],[10.645505437122969,44.105617036625006],[10.645505437122969,44.12157749117928],[10.621535312409678,44.12157749117928],[10.621535312409678,44.105617036625006]]]},"properties":{"name":"Abetone Cutigliano","minint_elettorale":"2090630012","op_id":"8304","prov_name":"Pistoia","prov_istat_code":"047","prov_istat_code_num":47,"prov_acr":"PT","reg_name":"Toscana","reg_istat_code":"09","reg_istat_code_num":9,"opdm_id":"4499","com_catasto_code":"M376","com_istat_code":"047023","com_istat_code_num":47023,"_featureIdx":68,"_color":"#d03951"}},{"type":"Feature","geometry":{"type":"Polygon","coordinates":[[[10.645505437122967,44.105617036625006],[10.669475561836258,44.105617036625006],[10.669475561836258,44.12157749117928],[10.645505437122967,44.12157749117928],[10.645505437122967,44.105617036625006]]]},"properties":{"name":"Abetone Cutigliano","minint_elettorale":"2090630012","op_id":"8304","prov_name":"Pistoia","prov_istat_code":"047","prov_istat_code_num":47,"prov_acr":"PT","reg_name":"Toscana","reg_istat_code":"09","reg_istat_code_num":9,"opdm_id":"4499","com_catasto_code":"M376","com_istat_code":"047023","com_istat_code_num":47023,"_featureIdx":68,"_color":"#d03951"}},{"type":"Feature","geometry":{"type":"Polygon","coordinates":[[[10.669475561836258,44.105617036625006],[10.693445686549548,44.105617036625006],[10.693445686549548,44.12157749117928],[10.669475561836258,44.12157749117928],[10.669475561836258,44.105617036625006]]]},"properties":{"name":"Abetone Cutigliano","minint_elettorale":"2090630012","op_id":"8304","prov_name":"Pistoia","prov_istat_code":"047","prov_istat_code_num":47,"prov_acr":"PT","reg_name":"Toscana","reg_istat_code":"09","reg_istat_code_num":9,"opdm_id":"4499","com_catasto_code":"M376","com_istat_code":"047023","com_istat_code_num":47023,"_featureIdx":68,"_color":"#d03951"}},{"type":"Feature","geometry":{"type":"Polygon","coordinates":[[[10.693445686549548,44.105617036625006],[10.717415811262839,44.105617036625006],[10.717415811262839,44.12157749117928],[10.693445686549548,44.12157749117928],[10.693445686549548,44.105617036625006]]]},"properties":{"name":"Abetone Cutigliano","minint_elettorale":"2090630012","op_id":"8304","prov_name":"Pistoia","prov_istat_code":"047","prov_istat_code_num":47,"prov_acr":"PT","reg_name":"Toscana","reg_istat_code":"09","reg_istat_code_num":9,"opdm_id":"4499","com_catasto_code":"M376","com_istat_code":"047023","com_istat_code_num":47023,"_featureIdx":68,"_color":"#d03951"}},{"type":"Feature","geometry":{"type":"Polygon","coordinates":[[[10.717415811262839,44.105617036625006],[10.74138593597613,44.105617036625006],[10.74138593597613,44.12157749117928],[10.717415811262839,44.12157749117928],[10.717415811262839,44.105617036625006]]]},"properties":{"name":"Abetone Cutigliano","minint_elettorale":"2090630012","op_id":"8304","prov_name":"Pistoia","prov_istat_code":"047","prov_istat_code_num":47,"prov_acr":"PT","reg_name":"Toscana","reg_istat_code":"09","reg_istat_code_num":9,"opdm_id":"4499","com_catasto_code":"M376","com_istat_code":"047023","com_istat_code_num":47023,"_featureIdx":68,"_color":"#d03951"}},{"type":"Feature","geometry":{"type":"Polygon","coordinates":[[[10.74138593597613,44.105617036625006],[10.76535606068942,44.105617036625006],[10.76535606068942,44.12157749117928],[10.74138593597613,44.12157749117928],[10.74138593597613,44.105617036625006]]]},"properties":{"name":"Abetone Cutigliano","minint_elettorale":"2090630012","op_id":"8304","prov_name":"Pistoia","prov_istat_code":"047","prov_istat_code_num":47,"prov_acr":"PT","reg_name":"Toscana","reg_istat_code":"09","reg_istat_code_num":9,"opdm_id":"4499","com_catasto_code":"M376","com_istat_code":"047023","com_istat_code_num":47023,"_featureIdx":68,"_color":"#d03951"}},{"type":"Feature","geometry":{"type":"Polygon","coordinates":[[[10.76535606068942,44.105617036625006],[10.789326185402711,44.105617036625006],[10.789326185402711,44.12157749117928],[10.76535606068942,44.12157749117928],[10.76535606068942,44.105617036625006]]]},"properties":{"name":"San Marcello Piteglio","minint_elettorale":"2090630185","op_id":"8305","prov_name":"Pistoia","prov_istat_code":"047","prov_istat_code_num":47,"prov_acr":"PT","reg_name":"Toscana","reg_istat_code":"09","reg_istat_code_num":9,"opdm_id":"4500","com_catasto_code":"M377","com_istat_code":"047024","com_istat_code_num":47024,"_featureIdx":69,"_color":"#39d04d"}},{"type":"Feature","geometry":{"type":"Polygon","coordinates":[[[10.78932618540271,44.105617036625006],[10.813296310116,44.105617036625006],[10.813296310116,44.12157749117928],[10.78932618540271,44.12157749117928],[10.78932618540271,44.105617036625006]]]},"properties":{"name":"San Marcello Piteglio","minint_elettorale":"2090630185","op_id":"8305","prov_name":"Pistoia","prov_istat_code":"047","prov_istat_code_num":47,"prov_acr":"PT","reg_name":"Toscana","reg_istat_code":"09","reg_istat_code_num":9,"opdm_id":"4500","com_catasto_code":"M377","com_istat_code":"047024","com_istat_code_num":47024,"_featureIdx":69,"_color":"#39d04d"}},{"type":"Feature","geometry":{"type":"Polygon","coordinates":[[[10.813296310116,44.105617036625006],[10.83726643482929,44.105617036625006],[10.83726643482929,44.12157749117928],[10.813296310116,44.12157749117928],[10.813296310116,44.105617036625006]]]},"properties":{"name":"San Marcello Piteglio","minint_elettorale":"2090630185","op_id":"8305","prov_name":"Pistoia","prov_istat_code":"047","prov_istat_code_num":47,"prov_acr":"PT","reg_name":"Toscana","reg_istat_code":"09","reg_istat_code_num":9,"opdm_id":"4500","com_catasto_code":"M377","com_istat_code":"047024","com_istat_code_num":47024,"_featureIdx":69,"_color":"#39d04d"}},{"type":"Feature","geometry":{"type":"Polygon","coordinates":[[[10.957117058395742,44.105617036625006],[10.981087183109032,44.105617036625006],[10.981087183109032,44.12157749117928],[10.957117058395742,44.12157749117928],[10.957117058395742,44.105617036625006]]]},"properties":{"name":"Sambuca Pistoiese","minint_finloc":"3090630170","minint_elettorale":"2090630170","op_id":"4601","prov_name":"Pistoia","prov_istat_code":"047","prov_istat_code_num":47,"prov_acr":"PT","reg_name":"Toscana","reg_istat_code":"09","reg_istat_code_num":9,"opdm_id":"4495","com_catasto_code":"H744","com_istat_code":"047018","com_istat_code_num":47018,"_featureIdx":64,"_color":"#39d09f"}},{"type":"Feature","geometry":{"type":"Polygon","coordinates":[[[10.981087183109032,44.105617036625006],[11.005057307822323,44.105617036625006],[11.005057307822323,44.12157749117928],[10.981087183109032,44.12157749117928],[10.981087183109032,44.105617036625006]]]},"properties":{"name":"Sambuca Pistoiese","minint_finloc":"3090630170","minint_elettorale":"2090630170","op_id":"4601","prov_name":"Pistoia","prov_istat_code":"047","prov_istat_code_num":47,"prov_acr":"PT","reg_name":"Toscana","reg_istat_code":"09","reg_istat_code_num":9,"opdm_id":"4495","com_catasto_code":"H744","com_istat_code":"047018","com_istat_code_num":47018,"_featureIdx":64,"_color":"#39d09f"}},{"type":"Feature","geometry":{"type":"Polygon","coordinates":[[[9.97434194515084,44.12157749117927],[9.99831206986413,44.12157749117927],[9.99831206986413,44.13753794573355],[9.97434194515084,44.13753794573355],[9.97434194515084,44.12157749117927]]]},"properties":{"name":"Fosdinovo","minint_finloc":"3090460080","op_id":"4538","minint_elettorale":"2090460080","prov_name":"Massa-Carrara","prov_istat_code":"045","prov_istat_code_num":45,"prov_acr":"MS","reg_name":"Toscana","reg_istat_code":"09","reg_istat_code_num":9,"opdm_id":"4438","com_catasto_code":"D735","com_istat_code":"045008","com_istat_code_num":45008,"_featureIdx":7,"_color":"#3f39d0"}},{"type":"Feature","geometry":{"type":"Polygon","coordinates":[[[9.99831206986413,44.12157749117927],[10.022282194577421,44.12157749117927],[10.022282194577421,44.13753794573355],[9.99831206986413,44.13753794573355],[9.99831206986413,44.12157749117927]]]},"properties":{"name":"Fosdinovo","minint_finloc":"3090460080","op_id":"4538","minint_elettorale":"2090460080","prov_name":"Massa-Carrara","prov_istat_code":"045","prov_istat_code_num":45,"prov_acr":"MS","reg_name":"Toscana","reg_istat_code":"09","reg_istat_code_num":9,"opdm_id":"4438","com_catasto_code":"D735","com_istat_code":"045008","com_istat_code_num":45008,"_featureIdx":7,"_color":"#3f39d0"}},{"type":"Feature","geometry":{"type":"Polygon","coordinates":[[[10.02228219457742,44.12157749117927],[10.04625231929071,44.12157749117927],[10.04625231929071,44.13753794573355],[10.02228219457742,44.13753794573355],[10.02228219457742,44.12157749117927]]]},"properties":{"name":"Fosdinovo","minint_finloc":"3090460080","op_id":"4538","minint_elettorale":"2090460080","prov_name":"Massa-Carrara","prov_istat_code":"045","prov_istat_code_num":45,"prov_acr":"MS","reg_name":"Toscana","reg_istat_code":"09","reg_istat_code_num":9,"opdm_id":"4438","com_catasto_code":"D735","com_istat_code":"045008","com_istat_code_num":45008,"_featureIdx":7,"_color":"#3f39d0"}},{"type":"Feature","geometry":{"type":"Polygon","coordinates":[[[10.070222444004001,44.12157749117927],[10.094192568717292,44.12157749117927],[10.094192568717292,44.13753794573355],[10.070222444004001,44.13753794573355],[10.070222444004001,44.12157749117927]]]},"properties":{"name":"Fosdinovo","minint_finloc":"3090460080","op_id":"4538","minint_elettorale":"2090460080","prov_name":"Massa-Carrara","prov_istat_code":"045","prov_istat_code_num":45,"prov_acr":"MS","reg_name":"Toscana","reg_istat_code":"09","reg_istat_code_num":9,"opdm_id":"4438","com_catasto_code":"D735","com_istat_code":"045008","com_istat_code_num":45008,"_featureIdx":7,"_color":"#3f39d0"}},{"type":"Feature","geometry":{"type":"Polygon","coordinates":[[[10.094192568717292,44.12157749117927],[10.118162693430582,44.12157749117927],[10.118162693430582,44.13753794573355],[10.094192568717292,44.13753794573355],[10.094192568717292,44.12157749117927]]]},"properties":{"name":"Fivizzano","op_id":"4537","minint_elettorale":"2090460070","minint_finloc":"3090460070","prov_name":"Massa-Carrara","prov_istat_code":"045","prov_istat_code_num":45,"prov_acr":"MS","reg_name":"Toscana","reg_istat_code":"09","reg_istat_code_num":9,"opdm_id":"4437","com_catasto_code":"D629","com_istat_code":"045007","com_istat_code_num":45007,"_featureIdx":6,"_color":"#5fd039"}},{"type":"Feature","geometry":{"type":"Polygon","coordinates":[[[10.118162693430582,44.12157749117927],[10.142132818143873,44.12157749117927],[10.142132818143873,44.13753794573355],[10.118162693430582,44.13753794573355],[10.118162693430582,44.12157749117927]]]},"properties":{"name":"Fivizzano","op_id":"4537","minint_elettorale":"2090460070","minint_finloc":"3090460070","prov_name":"Massa-Carrara","prov_istat_code":"045","prov_istat_code_num":45,"prov_acr":"MS","reg_name":"Toscana","reg_istat_code":"09","reg_istat_code_num":9,"opdm_id":"4437","com_catasto_code":"D629","com_istat_code":"045007","com_istat_code_num":45007,"_featureIdx":6,"_color":"#5fd039"}},{"type":"Feature","geometry":{"type":"Polygon","coordinates":[[[10.142132818143871,44.12157749117927],[10.166102942857162,44.12157749117927],[10.166102942857162,44.13753794573355],[10.142132818143871,44.13753794573355],[10.142132818143871,44.12157749117927]]]},"properties":{"name":"Fivizzano","op_id":"4537","minint_elettorale":"2090460070","minint_finloc":"3090460070","prov_name":"Massa-Carrara","prov_istat_code":"045","prov_istat_code_num":45,"prov_acr":"MS","reg_name":"Toscana","reg_istat_code":"09","reg_istat_code_num":9,"opdm_id":"4437","com_catasto_code":"D629","com_istat_code":"045007","com_istat_code_num":45007,"_featureIdx":6,"_color":"#5fd039"}},{"type":"Feature","geometry":{"type":"Polygon","coordinates":[[[10.166102942857162,44.12157749117927],[10.190073067570452,44.12157749117927],[10.190073067570452,44.13753794573355],[10.166102942857162,44.13753794573355],[10.166102942857162,44.12157749117927]]]},"properties":{"name":"Fivizzano","op_id":"4537","minint_elettorale":"2090460070","minint_finloc":"3090460070","prov_name":"Massa-Carrara","prov_istat_code":"045","prov_istat_code_num":45,"prov_acr":"MS","reg_name":"Toscana","reg_istat_code":"09","reg_istat_code_num":9,"opdm_id":"4437","com_catasto_code":"D629","com_istat_code":"045007","com_istat_code_num":45007,"_featureIdx":6,"_color":"#5fd039"}},{"type":"Feature","geometry":{"type":"Polygon","coordinates":[[[10.190073067570452,44.12157749117927],[10.214043192283743,44.12157749117927],[10.214043192283743,44.13753794573355],[10.190073067570452,44.13753794573355],[10.190073067570452,44.12157749117927]]]},"properties":{"name":"Minucciano","minint_finloc":"3090430190","op_id":"4566","minint_elettorale":"2090430190","prov_name":"Lucca","prov_istat_code":"046","prov_istat_code_num":46,"prov_acr":"LU","reg_name":"Toscana","reg_istat_code":"09","reg_istat_code_num":9,"opdm_id":"4464","com_catasto_code":"F225","com_istat_code":"046019","com_istat_code_num":46019,"_featureIdx":33,"_color":"#3971d0"}},{"type":"Feature","geometry":{"type":"Polygon","coordinates":[[[10.214043192283743,44.12157749117927],[10.238013316997034,44.12157749117927],[10.238013316997034,44.13753794573355],[10.214043192283743,44.13753794573355],[10.214043192283743,44.12157749117927]]]},"properties":{"name":"Minucciano","minint_finloc":"3090430190","op_id":"4566","minint_elettorale":"2090430190","prov_name":"Lucca","prov_istat_code":"046","prov_istat_code_num":46,"prov_acr":"LU","reg_name":"Toscana","reg_istat_code":"09","reg_istat_code_num":9,"opdm_id":"4464","com_catasto_code":"F225","com_istat_code":"046019","com_istat_code_num":46019,"_featureIdx":33,"_color":"#3971d0"}},{"type":"Feature","geometry":{"type":"Polygon","coordinates":[[[10.309923691136904,44.12157749117927],[10.333893815850194,44.12157749117927],[10.333893815850194,44.13753794573355],[10.309923691136904,44.13753794573355],[10.309923691136904,44.12157749117927]]]},"properties":{"name":"Careggine","minint_elettorale":"2090430080","minint_finloc":"3090430080","op_id":"4555","prov_name":"Lucca","prov_istat_code":"046","prov_istat_code_num":46,"prov_acr":"LU","reg_name":"Toscana","reg_istat_code":"09","reg_istat_code_num":9,"opdm_id":"4455","com_catasto_code":"B760","com_istat_code":"046008","com_istat_code_num":46008,"_featureIdx":24,"_color":"#d0d039"}},{"type":"Feature","geometry":{"type":"Polygon","coordinates":[[[10.333893815850194,44.12157749117927],[10.357863940563485,44.12157749117927],[10.357863940563485,44.13753794573355],[10.333893815850194,44.13753794573355],[10.333893815850194,44.12157749117927]]]},"properties":{"name":"Camporgiano","op_id":"4553","minint_finloc":"3090430060","minint_elettorale":"2090430060","prov_name":"Lucca","prov_istat_code":"046","prov_istat_code_num":46,"prov_acr":"LU","reg_name":"Toscana","reg_istat_code":"09","reg_istat_code_num":9,"opdm_id":"4453","com_catasto_code":"B557","com_istat_code":"046006","com_istat_code_num":46006,"_featureIdx":22,"_color":"#39d078"}},{"type":"Feature","geometry":{"type":"Polygon","coordinates":[[[10.357863940563485,44.12157749117927],[10.381834065276776,44.12157749117927],[10.381834065276776,44.13753794573355],[10.357863940563485,44.13753794573355],[10.357863940563485,44.12157749117927]]]},"properties":{"name":"Camporgiano","op_id":"4553","minint_finloc":"3090430060","minint_elettorale":"2090430060","prov_name":"Lucca","prov_istat_code":"046","prov_istat_code_num":46,"prov_acr":"LU","reg_name":"Toscana","reg_istat_code":"09","reg_istat_code_num":9,"opdm_id":"4453","com_catasto_code":"B557","com_istat_code":"046006","com_istat_code_num":46006,"_featureIdx":22,"_color":"#39d078"}},{"type":"Feature","geometry":{"type":"Polygon","coordinates":[[[10.381834065276776,44.12157749117927],[10.405804189990066,44.12157749117927],[10.405804189990066,44.13753794573355],[10.381834065276776,44.13753794573355],[10.381834065276776,44.12157749117927]]]},"properties":{"name":"Pieve Fosciana","op_id":"4572","minint_elettorale":"2090430250","minint_finloc":"3090430250","prov_name":"Lucca","prov_istat_code":"046","prov_istat_code_num":46,"prov_acr":"LU","reg_name":"Toscana","reg_istat_code":"09","reg_istat_code_num":9,"opdm_id":"4470","com_catasto_code":"G648","com_istat_code":"046025","com_istat_code_num":46025,"_featureIdx":39,"_color":"#d03997"}},{"type":"Feature","geometry":{"type":"Polygon","coordinates":[[[10.405804189990064,44.12157749117927],[10.429774314703355,44.12157749117927],[10.429774314703355,44.13753794573355],[10.405804189990064,44.13753794573355],[10.405804189990064,44.12157749117927]]]},"properties":{"name":"Pieve Fosciana","op_id":"4572","minint_elettorale":"2090430250","minint_finloc":"3090430250","prov_name":"Lucca","prov_istat_code":"046","prov_istat_code_num":46,"prov_acr":"LU","reg_name":"Toscana","reg_istat_code":"09","reg_istat_code_num":9,"opdm_id":"4470","com_catasto_code":"G648","com_istat_code":"046025","com_istat_code_num":46025,"_featureIdx":39,"_color":"#d03997"}},{"type":"Feature","geometry":{"type":"Polygon","coordinates":[[[10.429774314703355,44.12157749117927],[10.453744439416646,44.12157749117927],[10.453744439416646,44.13753794573355],[10.429774314703355,44.13753794573355],[10.429774314703355,44.12157749117927]]]},"properties":{"name":"Pieve Fosciana","op_id":"4572","minint_elettorale":"2090430250","minint_finloc":"3090430250","prov_name":"Lucca","prov_istat_code":"046","prov_istat_code_num":46,"prov_acr":"LU","reg_name":"Toscana","reg_istat_code":"09","reg_istat_code_num":9,"opdm_id":"4470","com_catasto_code":"G648","com_istat_code":"046025","com_istat_code_num":46025,"_featureIdx":39,"_color":"#d03997"}},{"type":"Feature","geometry":{"type":"Polygon","coordinates":[[[10.453744439416646,44.12157749117927],[10.477714564129936,44.12157749117927],[10.477714564129936,44.13753794573355],[10.453744439416646,44.13753794573355],[10.453744439416646,44.12157749117927]]]},"properties":{"name":"Fosciandora","minint_elettorale":"2090430140","minint_finloc":"3090430140","op_id":"4561","prov_name":"Lucca","prov_istat_code":"046","prov_istat_code_num":46,"prov_acr":"LU","reg_name":"Toscana","reg_istat_code":"09","reg_istat_code_num":9,"opdm_id":"4460","com_catasto_code":"D734","com_istat_code":"046014","com_istat_code_num":46014,"_featureIdx":29,"_color":"#d07f39"}},{"type":"Feature","geometry":{"type":"Polygon","coordinates":[[[10.477714564129936,44.12157749117927],[10.501684688843227,44.12157749117927],[10.501684688843227,44.13753794573355],[10.477714564129936,44.13753794573355],[10.477714564129936,44.12157749117927]]]},"properties":{"name":"Fosciandora","minint_elettorale":"2090430140","minint_finloc":"3090430140","op_id":"4561","prov_name":"Lucca","prov_istat_code":"046","prov_istat_code_num":46,"prov_acr":"LU","reg_name":"Toscana","reg_istat_code":"09","reg_istat_code_num":9,"opdm_id":"4460","com_catasto_code":"D734","com_istat_code":"046014","com_istat_code_num":46014,"_featureIdx":29,"_color":"#d07f39"}},{"type":"Feature","geometry":{"type":"Polygon","coordinates":[[[10.501684688843227,44.12157749117927],[10.525654813556518,44.12157749117927],[10.525654813556518,44.13753794573355],[10.501684688843227,44.13753794573355],[10.501684688843227,44.12157749117927]]]},"properties":{"name":"Barga","minint_finloc":"3090430030","minint_elettorale":"2090430030","op_id":"4550","prov_name":"Lucca","prov_istat_code":"046","prov_istat_code_num":46,"prov_acr":"LU","reg_name":"Toscana","reg_istat_code":"09","reg_istat_code_num":9,"opdm_id":"4450","com_catasto_code":"A657","com_istat_code":"046003","com_istat_code_num":46003,"_featureIdx":19,"_color":"#7ed039"}},{"type":"Feature","geometry":{"type":"Polygon","coordinates":[[[10.525654813556516,44.12157749117927],[10.549624938269806,44.12157749117927],[10.549624938269806,44.13753794573355],[10.525654813556516,44.13753794573355],[10.525654813556516,44.12157749117927]]]},"properties":{"name":"Barga","minint_finloc":"3090430030","minint_elettorale":"2090430030","op_id":"4550","prov_name":"Lucca","prov_istat_code":"046","prov_istat_code_num":46,"prov_acr":"LU","reg_name":"Toscana","reg_istat_code":"09","reg_istat_code_num":9,"opdm_id":"4450","com_catasto_code":"A657","com_istat_code":"046003","com_istat_code_num":46003,"_featureIdx":19,"_color":"#7ed039"}},{"type":"Feature","geometry":{"type":"Polygon","coordinates":[[[10.549624938269806,44.12157749117927],[10.573595062983097,44.12157749117927],[10.573595062983097,44.13753794573355],[10.549624938269806,44.13753794573355],[10.549624938269806,44.12157749117927]]]},"properties":{"name":"Barga","minint_finloc":"3090430030","minint_elettorale":"2090430030","op_id":"4550","prov_name":"Lucca","prov_istat_code":"046","prov_istat_code_num":46,"prov_acr":"LU","reg_name":"Toscana","reg_istat_code":"09","reg_istat_code_num":9,"opdm_id":"4450","com_catasto_code":"A657","com_istat_code":"046003","com_istat_code_num":46003,"_featureIdx":19,"_color":"#7ed039"}},{"type":"Feature","geometry":{"type":"Polygon","coordinates":[[[10.621535312409678,44.12157749117927],[10.645505437122969,44.12157749117927],[10.645505437122969,44.13753794573355],[10.621535312409678,44.13753794573355],[10.621535312409678,44.12157749117927]]]},"properties":{"name":"Abetone Cutigliano","minint_elettorale":"2090630012","op_id":"8304","prov_name":"Pistoia","prov_istat_code":"047","prov_istat_code_num":47,"prov_acr":"PT","reg_name":"Toscana","reg_istat_code":"09","reg_istat_code_num":9,"opdm_id":"4499","com_catasto_code":"M376","com_istat_code":"047023","com_istat_code_num":47023,"_featureIdx":68,"_color":"#d03951"}},{"type":"Feature","geometry":{"type":"Polygon","coordinates":[[[10.645505437122967,44.12157749117927],[10.669475561836258,44.12157749117927],[10.669475561836258,44.13753794573355],[10.645505437122967,44.13753794573355],[10.645505437122967,44.12157749117927]]]},"properties":{"name":"Abetone Cutigliano","minint_elettorale":"2090630012","op_id":"8304","prov_name":"Pistoia","prov_istat_code":"047","prov_istat_code_num":47,"prov_acr":"PT","reg_name":"Toscana","reg_istat_code":"09","reg_istat_code_num":9,"opdm_id":"4499","com_catasto_code":"M376","com_istat_code":"047023","com_istat_code_num":47023,"_featureIdx":68,"_color":"#d03951"}},{"type":"Feature","geometry":{"type":"Polygon","coordinates":[[[10.669475561836258,44.12157749117927],[10.693445686549548,44.12157749117927],[10.693445686549548,44.13753794573355],[10.669475561836258,44.13753794573355],[10.669475561836258,44.12157749117927]]]},"properties":{"name":"Abetone Cutigliano","minint_elettorale":"2090630012","op_id":"8304","prov_name":"Pistoia","prov_istat_code":"047","prov_istat_code_num":47,"prov_acr":"PT","reg_name":"Toscana","reg_istat_code":"09","reg_istat_code_num":9,"opdm_id":"4499","com_catasto_code":"M376","com_istat_code":"047023","com_istat_code_num":47023,"_featureIdx":68,"_color":"#d03951"}},{"type":"Feature","geometry":{"type":"Polygon","coordinates":[[[10.693445686549548,44.12157749117927],[10.717415811262839,44.12157749117927],[10.717415811262839,44.13753794573355],[10.693445686549548,44.13753794573355],[10.693445686549548,44.12157749117927]]]},"properties":{"name":"Abetone Cutigliano","minint_elettorale":"2090630012","op_id":"8304","prov_name":"Pistoia","prov_istat_code":"047","prov_istat_code_num":47,"prov_acr":"PT","reg_name":"Toscana","reg_istat_code":"09","reg_istat_code_num":9,"opdm_id":"4499","com_catasto_code":"M376","com_istat_code":"047023","com_istat_code_num":47023,"_featureIdx":68,"_color":"#d03951"}},{"type":"Feature","geometry":{"type":"Polygon","coordinates":[[[10.717415811262839,44.12157749117927],[10.74138593597613,44.12157749117927],[10.74138593597613,44.13753794573355],[10.717415811262839,44.13753794573355],[10.717415811262839,44.12157749117927]]]},"properties":{"name":"Abetone Cutigliano","minint_elettorale":"2090630012","op_id":"8304","prov_name":"Pistoia","prov_istat_code":"047","prov_istat_code_num":47,"prov_acr":"PT","reg_name":"Toscana","reg_istat_code":"09","reg_istat_code_num":9,"opdm_id":"4499","com_catasto_code":"M376","com_istat_code":"047023","com_istat_code_num":47023,"_featureIdx":68,"_color":"#d03951"}},{"type":"Feature","geometry":{"type":"Polygon","coordinates":[[[10.74138593597613,44.12157749117927],[10.76535606068942,44.12157749117927],[10.76535606068942,44.13753794573355],[10.74138593597613,44.13753794573355],[10.74138593597613,44.12157749117927]]]},"properties":{"name":"Abetone Cutigliano","minint_elettorale":"2090630012","op_id":"8304","prov_name":"Pistoia","prov_istat_code":"047","prov_istat_code_num":47,"prov_acr":"PT","reg_name":"Toscana","reg_istat_code":"09","reg_istat_code_num":9,"opdm_id":"4499","com_catasto_code":"M376","com_istat_code":"047023","com_istat_code_num":47023,"_featureIdx":68,"_color":"#d03951"}},{"type":"Feature","geometry":{"type":"Polygon","coordinates":[[[10.76535606068942,44.12157749117927],[10.789326185402711,44.12157749117927],[10.789326185402711,44.13753794573355],[10.76535606068942,44.13753794573355],[10.76535606068942,44.12157749117927]]]},"properties":{"name":"Abetone Cutigliano","minint_elettorale":"2090630012","op_id":"8304","prov_name":"Pistoia","prov_istat_code":"047","prov_istat_code_num":47,"prov_acr":"PT","reg_name":"Toscana","reg_istat_code":"09","reg_istat_code_num":9,"opdm_id":"4499","com_catasto_code":"M376","com_istat_code":"047023","com_istat_code_num":47023,"_featureIdx":68,"_color":"#d03951"}},{"type":"Feature","geometry":{"type":"Polygon","coordinates":[[[9.97434194515084,44.13753794573355],[9.99831206986413,44.13753794573355],[9.99831206986413,44.15349840028782],[9.97434194515084,44.15349840028782],[9.97434194515084,44.13753794573355]]]},"properties":{"name":"Fosdinovo","minint_finloc":"3090460080","op_id":"4538","minint_elettorale":"2090460080","prov_name":"Massa-Carrara","prov_istat_code":"045","prov_istat_code_num":45,"prov_acr":"MS","reg_name":"Toscana","reg_istat_code":"09","reg_istat_code_num":9,"opdm_id":"4438","com_catasto_code":"D735","com_istat_code":"045008","com_istat_code_num":45008,"_featureIdx":7,"_color":"#3f39d0"}},{"type":"Feature","geometry":{"type":"Polygon","coordinates":[[[9.99831206986413,44.13753794573355],[10.022282194577421,44.13753794573355],[10.022282194577421,44.15349840028782],[9.99831206986413,44.15349840028782],[9.99831206986413,44.13753794573355]]]},"properties":{"name":"Fosdinovo","minint_finloc":"3090460080","op_id":"4538","minint_elettorale":"2090460080","prov_name":"Massa-Carrara","prov_istat_code":"045","prov_istat_code_num":45,"prov_acr":"MS","reg_name":"Toscana","reg_istat_code":"09","reg_istat_code_num":9,"opdm_id":"4438","com_catasto_code":"D735","com_istat_code":"045008","com_istat_code_num":45008,"_featureIdx":7,"_color":"#3f39d0"}},{"type":"Feature","geometry":{"type":"Polygon","coordinates":[[[10.02228219457742,44.13753794573355],[10.04625231929071,44.13753794573355],[10.04625231929071,44.15349840028782],[10.02228219457742,44.15349840028782],[10.02228219457742,44.13753794573355]]]},"properties":{"name":"Fosdinovo","minint_finloc":"3090460080","op_id":"4538","minint_elettorale":"2090460080","prov_name":"Massa-Carrara","prov_istat_code":"045","prov_istat_code_num":45,"prov_acr":"MS","reg_name":"Toscana","reg_istat_code":"09","reg_istat_code_num":9,"opdm_id":"4438","com_catasto_code":"D735","com_istat_code":"045008","com_istat_code_num":45008,"_featureIdx":7,"_color":"#3f39d0"}},{"type":"Feature","geometry":{"type":"Polygon","coordinates":[[[10.04625231929071,44.13753794573355],[10.070222444004001,44.13753794573355],[10.070222444004001,44.15349840028782],[10.04625231929071,44.15349840028782],[10.04625231929071,44.13753794573355]]]},"properties":{"name":"Fosdinovo","minint_finloc":"3090460080","op_id":"4538","minint_elettorale":"2090460080","prov_name":"Massa-Carrara","prov_istat_code":"045","prov_istat_code_num":45,"prov_acr":"MS","reg_name":"Toscana","reg_istat_code":"09","reg_istat_code_num":9,"opdm_id":"4438","com_catasto_code":"D735","com_istat_code":"045008","com_istat_code_num":45008,"_featureIdx":7,"_color":"#3f39d0"}},{"type":"Feature","geometry":{"type":"Polygon","coordinates":[[[10.070222444004001,44.13753794573355],[10.094192568717292,44.13753794573355],[10.094192568717292,44.15349840028782],[10.070222444004001,44.15349840028782],[10.070222444004001,44.13753794573355]]]},"properties":{"name":"Fosdinovo","minint_finloc":"3090460080","op_id":"4538","minint_elettorale":"2090460080","prov_name":"Massa-Carrara","prov_istat_code":"045","prov_istat_code_num":45,"prov_acr":"MS","reg_name":"Toscana","reg_istat_code":"09","reg_istat_code_num":9,"opdm_id":"4438","com_catasto_code":"D735","com_istat_code":"045008","com_istat_code_num":45008,"_featureIdx":7,"_color":"#3f39d0"}},{"type":"Feature","geometry":{"type":"Polygon","coordinates":[[[10.094192568717292,44.13753794573355],[10.118162693430582,44.13753794573355],[10.118162693430582,44.15349840028782],[10.094192568717292,44.15349840028782],[10.094192568717292,44.13753794573355]]]},"properties":{"name":"Fivizzano","op_id":"4537","minint_elettorale":"2090460070","minint_finloc":"3090460070","prov_name":"Massa-Carrara","prov_istat_code":"045","prov_istat_code_num":45,"prov_acr":"MS","reg_name":"Toscana","reg_istat_code":"09","reg_istat_code_num":9,"opdm_id":"4437","com_catasto_code":"D629","com_istat_code":"045007","com_istat_code_num":45007,"_featureIdx":6,"_color":"#5fd039"}},{"type":"Feature","geometry":{"type":"Polygon","coordinates":[[[10.118162693430582,44.13753794573355],[10.142132818143873,44.13753794573355],[10.142132818143873,44.15349840028782],[10.118162693430582,44.15349840028782],[10.118162693430582,44.13753794573355]]]},"properties":{"name":"Fivizzano","op_id":"4537","minint_elettorale":"2090460070","minint_finloc":"3090460070","prov_name":"Massa-Carrara","prov_istat_code":"045","prov_istat_code_num":45,"prov_acr":"MS","reg_name":"Toscana","reg_istat_code":"09","reg_istat_code_num":9,"opdm_id":"4437","com_catasto_code":"D629","com_istat_code":"045007","com_istat_code_num":45007,"_featureIdx":6,"_color":"#5fd039"}},{"type":"Feature","geometry":{"type":"Polygon","coordinates":[[[10.142132818143871,44.13753794573355],[10.166102942857162,44.13753794573355],[10.166102942857162,44.15349840028782],[10.142132818143871,44.15349840028782],[10.142132818143871,44.13753794573355]]]},"properties":{"name":"Fivizzano","op_id":"4537","minint_elettorale":"2090460070","minint_finloc":"3090460070","prov_name":"Massa-Carrara","prov_istat_code":"045","prov_istat_code_num":45,"prov_acr":"MS","reg_name":"Toscana","reg_istat_code":"09","reg_istat_code_num":9,"opdm_id":"4437","com_catasto_code":"D629","com_istat_code":"045007","com_istat_code_num":45007,"_featureIdx":6,"_color":"#5fd039"}},{"type":"Feature","geometry":{"type":"Polygon","coordinates":[[[10.166102942857162,44.13753794573355],[10.190073067570452,44.13753794573355],[10.190073067570452,44.15349840028782],[10.166102942857162,44.15349840028782],[10.166102942857162,44.13753794573355]]]},"properties":{"name":"Fivizzano","op_id":"4537","minint_elettorale":"2090460070","minint_finloc":"3090460070","prov_name":"Massa-Carrara","prov_istat_code":"045","prov_istat_code_num":45,"prov_acr":"MS","reg_name":"Toscana","reg_istat_code":"09","reg_istat_code_num":9,"opdm_id":"4437","com_catasto_code":"D629","com_istat_code":"045007","com_istat_code_num":45007,"_featureIdx":6,"_color":"#5fd039"}},{"type":"Feature","geometry":{"type":"Polygon","coordinates":[[[10.190073067570452,44.13753794573355],[10.214043192283743,44.13753794573355],[10.214043192283743,44.15349840028782],[10.190073067570452,44.15349840028782],[10.190073067570452,44.13753794573355]]]},"properties":{"name":"Minucciano","minint_finloc":"3090430190","op_id":"4566","minint_elettorale":"2090430190","prov_name":"Lucca","prov_istat_code":"046","prov_istat_code_num":46,"prov_acr":"LU","reg_name":"Toscana","reg_istat_code":"09","reg_istat_code_num":9,"opdm_id":"4464","com_catasto_code":"F225","com_istat_code":"046019","com_istat_code_num":46019,"_featureIdx":33,"_color":"#3971d0"}},{"type":"Feature","geometry":{"type":"Polygon","coordinates":[[[10.214043192283743,44.13753794573355],[10.238013316997034,44.13753794573355],[10.238013316997034,44.15349840028782],[10.214043192283743,44.15349840028782],[10.214043192283743,44.13753794573355]]]},"properties":{"name":"Minucciano","minint_finloc":"3090430190","op_id":"4566","minint_elettorale":"2090430190","prov_name":"Lucca","prov_istat_code":"046","prov_istat_code_num":46,"prov_acr":"LU","reg_name":"Toscana","reg_istat_code":"09","reg_istat_code_num":9,"opdm_id":"4464","com_catasto_code":"F225","com_istat_code":"046019","com_istat_code_num":46019,"_featureIdx":33,"_color":"#3971d0"}},{"type":"Feature","geometry":{"type":"Polygon","coordinates":[[[10.238013316997034,44.13753794573355],[10.261983441710324,44.13753794573355],[10.261983441710324,44.15349840028782],[10.238013316997034,44.15349840028782],[10.238013316997034,44.13753794573355]]]},"properties":{"name":"Minucciano","minint_finloc":"3090430190","op_id":"4566","minint_elettorale":"2090430190","prov_name":"Lucca","prov_istat_code":"046","prov_istat_code_num":46,"prov_acr":"LU","reg_name":"Toscana","reg_istat_code":"09","reg_istat_code_num":9,"opdm_id":"4464","com_catasto_code":"F225","com_istat_code":"046019","com_istat_code_num":46019,"_featureIdx":33,"_color":"#3971d0"}},{"type":"Feature","geometry":{"type":"Polygon","coordinates":[[[10.309923691136904,44.13753794573355],[10.333893815850194,44.13753794573355],[10.333893815850194,44.15349840028782],[10.309923691136904,44.15349840028782],[10.309923691136904,44.13753794573355]]]},"properties":{"name":"Camporgiano","op_id":"4553","minint_finloc":"3090430060","minint_elettorale":"2090430060","prov_name":"Lucca","prov_istat_code":"046","prov_istat_code_num":46,"prov_acr":"LU","reg_name":"Toscana","reg_istat_code":"09","reg_istat_code_num":9,"opdm_id":"4453","com_catasto_code":"B557","com_istat_code":"046006","com_istat_code_num":46006,"_featureIdx":22,"_color":"#39d078"}},{"type":"Feature","geometry":{"type":"Polygon","coordinates":[[[10.333893815850194,44.13753794573355],[10.357863940563485,44.13753794573355],[10.357863940563485,44.15349840028782],[10.333893815850194,44.15349840028782],[10.333893815850194,44.13753794573355]]]},"properties":{"name":"Camporgiano","op_id":"4553","minint_finloc":"3090430060","minint_elettorale":"2090430060","prov_name":"Lucca","prov_istat_code":"046","prov_istat_code_num":46,"prov_acr":"LU","reg_name":"Toscana","reg_istat_code":"09","reg_istat_code_num":9,"opdm_id":"4453","com_catasto_code":"B557","com_istat_code":"046006","com_istat_code_num":46006,"_featureIdx":22,"_color":"#39d078"}},{"type":"Feature","geometry":{"type":"Polygon","coordinates":[[[10.357863940563485,44.13753794573355],[10.381834065276776,44.13753794573355],[10.381834065276776,44.15349840028782],[10.357863940563485,44.15349840028782],[10.357863940563485,44.13753794573355]]]},"properties":{"name":"Pieve Fosciana","op_id":"4572","minint_elettorale":"2090430250","minint_finloc":"3090430250","prov_name":"Lucca","prov_istat_code":"046","prov_istat_code_num":46,"prov_acr":"LU","reg_name":"Toscana","reg_istat_code":"09","reg_istat_code_num":9,"opdm_id":"4470","com_catasto_code":"G648","com_istat_code":"046025","com_istat_code_num":46025,"_featureIdx":39,"_color":"#d03997"}},{"type":"Feature","geometry":{"type":"Polygon","coordinates":[[[10.381834065276776,44.13753794573355],[10.405804189990066,44.13753794573355],[10.405804189990066,44.15349840028782],[10.381834065276776,44.15349840028782],[10.381834065276776,44.13753794573355]]]},"properties":{"name":"Castiglione di Garfagnana","minint_finloc":"3090430100","minint_elettorale":"2090430100","op_id":"4557","prov_name":"Lucca","prov_istat_code":"046","prov_istat_code_num":46,"prov_acr":"LU","reg_name":"Toscana","reg_istat_code":"09","reg_istat_code_num":9,"opdm_id":"4457","com_catasto_code":"C303","com_istat_code":"046010","com_istat_code_num":46010,"_featureIdx":26,"_color":"#d03977"}},{"type":"Feature","geometry":{"type":"Polygon","coordinates":[[[10.405804189990064,44.13753794573355],[10.429774314703355,44.13753794573355],[10.429774314703355,44.15349840028782],[10.405804189990064,44.15349840028782],[10.405804189990064,44.13753794573355]]]},"properties":{"name":"Castiglione di Garfagnana","minint_finloc":"3090430100","minint_elettorale":"2090430100","op_id":"4557","prov_name":"Lucca","prov_istat_code":"046","prov_istat_code_num":46,"prov_acr":"LU","reg_name":"Toscana","reg_istat_code":"09","reg_istat_code_num":9,"opdm_id":"4457","com_catasto_code":"C303","com_istat_code":"046010","com_istat_code_num":46010,"_featureIdx":26,"_color":"#d03977"}},{"type":"Feature","geometry":{"type":"Polygon","coordinates":[[[10.429774314703355,44.13753794573355],[10.453744439416646,44.13753794573355],[10.453744439416646,44.15349840028782],[10.429774314703355,44.15349840028782],[10.429774314703355,44.13753794573355]]]},"properties":{"name":"Pieve Fosciana","op_id":"4572","minint_elettorale":"2090430250","minint_finloc":"3090430250","prov_name":"Lucca","prov_istat_code":"046","prov_istat_code_num":46,"prov_acr":"LU","reg_name":"Toscana","reg_istat_code":"09","reg_istat_code_num":9,"opdm_id":"4470","com_catasto_code":"G648","com_istat_code":"046025","com_istat_code_num":46025,"_featureIdx":39,"_color":"#d03997"}},{"type":"Feature","geometry":{"type":"Polygon","coordinates":[[[10.453744439416646,44.13753794573355],[10.477714564129936,44.13753794573355],[10.477714564129936,44.15349840028782],[10.453744439416646,44.15349840028782],[10.453744439416646,44.13753794573355]]]},"properties":{"name":"Pieve Fosciana","op_id":"4572","minint_elettorale":"2090430250","minint_finloc":"3090430250","prov_name":"Lucca","prov_istat_code":"046","prov_istat_code_num":46,"prov_acr":"LU","reg_name":"Toscana","reg_istat_code":"09","reg_istat_code_num":9,"opdm_id":"4470","com_catasto_code":"G648","com_istat_code":"046025","com_istat_code_num":46025,"_featureIdx":39,"_color":"#d03997"}},{"type":"Feature","geometry":{"type":"Polygon","coordinates":[[[10.477714564129936,44.13753794573355],[10.501684688843227,44.13753794573355],[10.501684688843227,44.15349840028782],[10.477714564129936,44.15349840028782],[10.477714564129936,44.13753794573355]]]},"properties":{"name":"Fosciandora","minint_elettorale":"2090430140","minint_finloc":"3090430140","op_id":"4561","prov_name":"Lucca","prov_istat_code":"046","prov_istat_code_num":46,"prov_acr":"LU","reg_name":"Toscana","reg_istat_code":"09","reg_istat_code_num":9,"opdm_id":"4460","com_catasto_code":"D734","com_istat_code":"046014","com_istat_code_num":46014,"_featureIdx":29,"_color":"#d07f39"}},{"type":"Feature","geometry":{"type":"Polygon","coordinates":[[[10.501684688843227,44.13753794573355],[10.525654813556518,44.13753794573355],[10.525654813556518,44.15349840028782],[10.501684688843227,44.15349840028782],[10.501684688843227,44.13753794573355]]]},"properties":{"name":"Barga","minint_finloc":"3090430030","minint_elettorale":"2090430030","op_id":"4550","prov_name":"Lucca","prov_istat_code":"046","prov_istat_code_num":46,"prov_acr":"LU","reg_name":"Toscana","reg_istat_code":"09","reg_istat_code_num":9,"opdm_id":"4450","com_catasto_code":"A657","com_istat_code":"046003","com_istat_code_num":46003,"_featureIdx":19,"_color":"#7ed039"}},{"type":"Feature","geometry":{"type":"Polygon","coordinates":[[[10.525654813556516,44.13753794573355],[10.549624938269806,44.13753794573355],[10.549624938269806,44.15349840028782],[10.525654813556516,44.15349840028782],[10.525654813556516,44.13753794573355]]]},"properties":{"name":"Barga","minint_finloc":"3090430030","minint_elettorale":"2090430030","op_id":"4550","prov_name":"Lucca","prov_istat_code":"046","prov_istat_code_num":46,"prov_acr":"LU","reg_name":"Toscana","reg_istat_code":"09","reg_istat_code_num":9,"opdm_id":"4450","com_catasto_code":"A657","com_istat_code":"046003","com_istat_code_num":46003,"_featureIdx":19,"_color":"#7ed039"}},{"type":"Feature","geometry":{"type":"Polygon","coordinates":[[[10.621535312409678,44.13753794573355],[10.645505437122969,44.13753794573355],[10.645505437122969,44.15349840028782],[10.621535312409678,44.15349840028782],[10.621535312409678,44.13753794573355]]]},"properties":{"name":"Abetone Cutigliano","minint_elettorale":"2090630012","op_id":"8304","prov_name":"Pistoia","prov_istat_code":"047","prov_istat_code_num":47,"prov_acr":"PT","reg_name":"Toscana","reg_istat_code":"09","reg_istat_code_num":9,"opdm_id":"4499","com_catasto_code":"M376","com_istat_code":"047023","com_istat_code_num":47023,"_featureIdx":68,"_color":"#d03951"}},{"type":"Feature","geometry":{"type":"Polygon","coordinates":[[[10.645505437122967,44.13753794573355],[10.669475561836258,44.13753794573355],[10.669475561836258,44.15349840028782],[10.645505437122967,44.15349840028782],[10.645505437122967,44.13753794573355]]]},"properties":{"name":"Abetone Cutigliano","minint_elettorale":"2090630012","op_id":"8304","prov_name":"Pistoia","prov_istat_code":"047","prov_istat_code_num":47,"prov_acr":"PT","reg_name":"Toscana","reg_istat_code":"09","reg_istat_code_num":9,"opdm_id":"4499","com_catasto_code":"M376","com_istat_code":"047023","com_istat_code_num":47023,"_featureIdx":68,"_color":"#d03951"}},{"type":"Feature","geometry":{"type":"Polygon","coordinates":[[[10.669475561836258,44.13753794573355],[10.693445686549548,44.13753794573355],[10.693445686549548,44.15349840028782],[10.669475561836258,44.15349840028782],[10.669475561836258,44.13753794573355]]]},"properties":{"name":"Abetone Cutigliano","minint_elettorale":"2090630012","op_id":"8304","prov_name":"Pistoia","prov_istat_code":"047","prov_istat_code_num":47,"prov_acr":"PT","reg_name":"Toscana","reg_istat_code":"09","reg_istat_code_num":9,"opdm_id":"4499","com_catasto_code":"M376","com_istat_code":"047023","com_istat_code_num":47023,"_featureIdx":68,"_color":"#d03951"}},{"type":"Feature","geometry":{"type":"Polygon","coordinates":[[[10.693445686549548,44.13753794573355],[10.717415811262839,44.13753794573355],[10.717415811262839,44.15349840028782],[10.693445686549548,44.15349840028782],[10.693445686549548,44.13753794573355]]]},"properties":{"name":"Abetone Cutigliano","minint_elettorale":"2090630012","op_id":"8304","prov_name":"Pistoia","prov_istat_code":"047","prov_istat_code_num":47,"prov_acr":"PT","reg_name":"Toscana","reg_istat_code":"09","reg_istat_code_num":9,"opdm_id":"4499","com_catasto_code":"M376","com_istat_code":"047023","com_istat_code_num":47023,"_featureIdx":68,"_color":"#d03951"}},{"type":"Feature","geometry":{"type":"Polygon","coordinates":[[[10.717415811262839,44.13753794573355],[10.74138593597613,44.13753794573355],[10.74138593597613,44.15349840028782],[10.717415811262839,44.15349840028782],[10.717415811262839,44.13753794573355]]]},"properties":{"name":"Abetone Cutigliano","minint_elettorale":"2090630012","op_id":"8304","prov_name":"Pistoia","prov_istat_code":"047","prov_istat_code_num":47,"prov_acr":"PT","reg_name":"Toscana","reg_istat_code":"09","reg_istat_code_num":9,"opdm_id":"4499","com_catasto_code":"M376","com_istat_code":"047023","com_istat_code_num":47023,"_featureIdx":68,"_color":"#d03951"}},{"type":"Feature","geometry":{"type":"Polygon","coordinates":[[[10.74138593597613,44.13753794573355],[10.76535606068942,44.13753794573355],[10.76535606068942,44.15349840028782],[10.74138593597613,44.15349840028782],[10.74138593597613,44.13753794573355]]]},"properties":{"name":"Abetone Cutigliano","minint_elettorale":"2090630012","op_id":"8304","prov_name":"Pistoia","prov_istat_code":"047","prov_istat_code_num":47,"prov_acr":"PT","reg_name":"Toscana","reg_istat_code":"09","reg_istat_code_num":9,"opdm_id":"4499","com_catasto_code":"M376","com_istat_code":"047023","com_istat_code_num":47023,"_featureIdx":68,"_color":"#d03951"}},{"type":"Feature","geometry":{"type":"Polygon","coordinates":[[[9.97434194515084,44.15349840028782],[9.99831206986413,44.15349840028782],[9.99831206986413,44.1694588548421],[9.97434194515084,44.1694588548421],[9.97434194515084,44.15349840028782]]]},"properties":{"name":"Fosdinovo","minint_finloc":"3090460080","op_id":"4538","minint_elettorale":"2090460080","prov_name":"Massa-Carrara","prov_istat_code":"045","prov_istat_code_num":45,"prov_acr":"MS","reg_name":"Toscana","reg_istat_code":"09","reg_istat_code_num":9,"opdm_id":"4438","com_catasto_code":"D735","com_istat_code":"045008","com_istat_code_num":45008,"_featureIdx":7,"_color":"#3f39d0"}},{"type":"Feature","geometry":{"type":"Polygon","coordinates":[[[9.99831206986413,44.15349840028782],[10.022282194577421,44.15349840028782],[10.022282194577421,44.1694588548421],[9.99831206986413,44.1694588548421],[9.99831206986413,44.15349840028782]]]},"properties":{"name":"Fosdinovo","minint_finloc":"3090460080","op_id":"4538","minint_elettorale":"2090460080","prov_name":"Massa-Carrara","prov_istat_code":"045","prov_istat_code_num":45,"prov_acr":"MS","reg_name":"Toscana","reg_istat_code":"09","reg_istat_code_num":9,"opdm_id":"4438","com_catasto_code":"D735","com_istat_code":"045008","com_istat_code_num":45008,"_featureIdx":7,"_color":"#3f39d0"}},{"type":"Feature","geometry":{"type":"Polygon","coordinates":[[[10.02228219457742,44.15349840028782],[10.04625231929071,44.15349840028782],[10.04625231929071,44.1694588548421],[10.02228219457742,44.1694588548421],[10.02228219457742,44.15349840028782]]]},"properties":{"name":"Fosdinovo","minint_finloc":"3090460080","op_id":"4538","minint_elettorale":"2090460080","prov_name":"Massa-Carrara","prov_istat_code":"045","prov_istat_code_num":45,"prov_acr":"MS","reg_name":"Toscana","reg_istat_code":"09","reg_istat_code_num":9,"opdm_id":"4438","com_catasto_code":"D735","com_istat_code":"045008","com_istat_code_num":45008,"_featureIdx":7,"_color":"#3f39d0"}},{"type":"Feature","geometry":{"type":"Polygon","coordinates":[[[10.04625231929071,44.15349840028782],[10.070222444004001,44.15349840028782],[10.070222444004001,44.1694588548421],[10.04625231929071,44.1694588548421],[10.04625231929071,44.15349840028782]]]},"properties":{"name":"Fosdinovo","minint_finloc":"3090460080","op_id":"4538","minint_elettorale":"2090460080","prov_name":"Massa-Carrara","prov_istat_code":"045","prov_istat_code_num":45,"prov_acr":"MS","reg_name":"Toscana","reg_istat_code":"09","reg_istat_code_num":9,"opdm_id":"4438","com_catasto_code":"D735","com_istat_code":"045008","com_istat_code_num":45008,"_featureIdx":7,"_color":"#3f39d0"}},{"type":"Feature","geometry":{"type":"Polygon","coordinates":[[[10.070222444004001,44.15349840028782],[10.094192568717292,44.15349840028782],[10.094192568717292,44.1694588548421],[10.070222444004001,44.1694588548421],[10.070222444004001,44.15349840028782]]]},"properties":{"name":"Fivizzano","op_id":"4537","minint_elettorale":"2090460070","minint_finloc":"3090460070","prov_name":"Massa-Carrara","prov_istat_code":"045","prov_istat_code_num":45,"prov_acr":"MS","reg_name":"Toscana","reg_istat_code":"09","reg_istat_code_num":9,"opdm_id":"4437","com_catasto_code":"D629","com_istat_code":"045007","com_istat_code_num":45007,"_featureIdx":6,"_color":"#5fd039"}},{"type":"Feature","geometry":{"type":"Polygon","coordinates":[[[10.094192568717292,44.15349840028782],[10.118162693430582,44.15349840028782],[10.118162693430582,44.1694588548421],[10.094192568717292,44.1694588548421],[10.094192568717292,44.15349840028782]]]},"properties":{"name":"Fivizzano","op_id":"4537","minint_elettorale":"2090460070","minint_finloc":"3090460070","prov_name":"Massa-Carrara","prov_istat_code":"045","prov_istat_code_num":45,"prov_acr":"MS","reg_name":"Toscana","reg_istat_code":"09","reg_istat_code_num":9,"opdm_id":"4437","com_catasto_code":"D629","com_istat_code":"045007","com_istat_code_num":45007,"_featureIdx":6,"_color":"#5fd039"}},{"type":"Feature","geometry":{"type":"Polygon","coordinates":[[[10.118162693430582,44.15349840028782],[10.142132818143873,44.15349840028782],[10.142132818143873,44.1694588548421],[10.118162693430582,44.1694588548421],[10.118162693430582,44.15349840028782]]]},"properties":{"name":"Fivizzano","op_id":"4537","minint_elettorale":"2090460070","minint_finloc":"3090460070","prov_name":"Massa-Carrara","prov_istat_code":"045","prov_istat_code_num":45,"prov_acr":"MS","reg_name":"Toscana","reg_istat_code":"09","reg_istat_code_num":9,"opdm_id":"4437","com_catasto_code":"D629","com_istat_code":"045007","com_istat_code_num":45007,"_featureIdx":6,"_color":"#5fd039"}},{"type":"Feature","geometry":{"type":"Polygon","coordinates":[[[10.142132818143871,44.15349840028782],[10.166102942857162,44.15349840028782],[10.166102942857162,44.1694588548421],[10.142132818143871,44.1694588548421],[10.142132818143871,44.15349840028782]]]},"properties":{"name":"Fivizzano","op_id":"4537","minint_elettorale":"2090460070","minint_finloc":"3090460070","prov_name":"Massa-Carrara","prov_istat_code":"045","prov_istat_code_num":45,"prov_acr":"MS","reg_name":"Toscana","reg_istat_code":"09","reg_istat_code_num":9,"opdm_id":"4437","com_catasto_code":"D629","com_istat_code":"045007","com_istat_code_num":45007,"_featureIdx":6,"_color":"#5fd039"}},{"type":"Feature","geometry":{"type":"Polygon","coordinates":[[[10.166102942857162,44.15349840028782],[10.190073067570452,44.15349840028782],[10.190073067570452,44.1694588548421],[10.166102942857162,44.1694588548421],[10.166102942857162,44.15349840028782]]]},"properties":{"name":"Casola in Lunigiana","op_id":"4534","minint_elettorale":"2090460040","minint_finloc":"3090460040","prov_name":"Massa-Carrara","prov_istat_code":"045","prov_istat_code_num":45,"prov_acr":"MS","reg_name":"Toscana","reg_istat_code":"09","reg_istat_code_num":9,"opdm_id":"4434","com_catasto_code":"B979","com_istat_code":"045004","com_istat_code_num":45004,"_featureIdx":3,"_color":"#d0be39"}},{"type":"Feature","geometry":{"type":"Polygon","coordinates":[[[10.190073067570452,44.15349840028782],[10.214043192283743,44.15349840028782],[10.214043192283743,44.1694588548421],[10.190073067570452,44.1694588548421],[10.190073067570452,44.15349840028782]]]},"properties":{"name":"Minucciano","minint_finloc":"3090430190","op_id":"4566","minint_elettorale":"2090430190","prov_name":"Lucca","prov_istat_code":"046","prov_istat_code_num":46,"prov_acr":"LU","reg_name":"Toscana","reg_istat_code":"09","reg_istat_code_num":9,"opdm_id":"4464","com_catasto_code":"F225","com_istat_code":"046019","com_istat_code_num":46019,"_featureIdx":33,"_color":"#3971d0"}},{"type":"Feature","geometry":{"type":"Polygon","coordinates":[[[10.214043192283743,44.15349840028782],[10.238013316997034,44.15349840028782],[10.238013316997034,44.1694588548421],[10.214043192283743,44.1694588548421],[10.214043192283743,44.15349840028782]]]},"properties":{"name":"Minucciano","minint_finloc":"3090430190","op_id":"4566","minint_elettorale":"2090430190","prov_name":"Lucca","prov_istat_code":"046","prov_istat_code_num":46,"prov_acr":"LU","reg_name":"Toscana","reg_istat_code":"09","reg_istat_code_num":9,"opdm_id":"4464","com_catasto_code":"F225","com_istat_code":"046019","com_istat_code_num":46019,"_featureIdx":33,"_color":"#3971d0"}},{"type":"Feature","geometry":{"type":"Polygon","coordinates":[[[10.238013316997034,44.15349840028782],[10.261983441710324,44.15349840028782],[10.261983441710324,44.1694588548421],[10.238013316997034,44.1694588548421],[10.238013316997034,44.15349840028782]]]},"properties":{"name":"Minucciano","minint_finloc":"3090430190","op_id":"4566","minint_elettorale":"2090430190","prov_name":"Lucca","prov_istat_code":"046","prov_istat_code_num":46,"prov_acr":"LU","reg_name":"Toscana","reg_istat_code":"09","reg_istat_code_num":9,"opdm_id":"4464","com_catasto_code":"F225","com_istat_code":"046019","com_istat_code_num":46019,"_featureIdx":33,"_color":"#3971d0"}},{"type":"Feature","geometry":{"type":"Polygon","coordinates":[[[10.261983441710324,44.15349840028782],[10.285953566423615,44.15349840028782],[10.285953566423615,44.1694588548421],[10.261983441710324,44.1694588548421],[10.261983441710324,44.15349840028782]]]},"properties":{"name":"Camporgiano","op_id":"4553","minint_finloc":"3090430060","minint_elettorale":"2090430060","prov_name":"Lucca","prov_istat_code":"046","prov_istat_code_num":46,"prov_acr":"LU","reg_name":"Toscana","reg_istat_code":"09","reg_istat_code_num":9,"opdm_id":"4453","com_catasto_code":"B557","com_istat_code":"046006","com_istat_code_num":46006,"_featureIdx":22,"_color":"#39d078"}},{"type":"Feature","geometry":{"type":"Polygon","coordinates":[[[10.285953566423613,44.15349840028782],[10.309923691136904,44.15349840028782],[10.309923691136904,44.1694588548421],[10.285953566423613,44.1694588548421],[10.285953566423613,44.15349840028782]]]},"properties":{"name":"Camporgiano","op_id":"4553","minint_finloc":"3090430060","minint_elettorale":"2090430060","prov_name":"Lucca","prov_istat_code":"046","prov_istat_code_num":46,"prov_acr":"LU","reg_name":"Toscana","reg_istat_code":"09","reg_istat_code_num":9,"opdm_id":"4453","com_catasto_code":"B557","com_istat_code":"046006","com_istat_code_num":46006,"_featureIdx":22,"_color":"#39d078"}},{"type":"Feature","geometry":{"type":"Polygon","coordinates":[[[10.309923691136904,44.15349840028782],[10.333893815850194,44.15349840028782],[10.333893815850194,44.1694588548421],[10.309923691136904,44.1694588548421],[10.309923691136904,44.15349840028782]]]},"properties":{"name":"Camporgiano","op_id":"4553","minint_finloc":"3090430060","minint_elettorale":"2090430060","prov_name":"Lucca","prov_istat_code":"046","prov_istat_code_num":46,"prov_acr":"LU","reg_name":"Toscana","reg_istat_code":"09","reg_istat_code_num":9,"opdm_id":"4453","com_catasto_code":"B557","com_istat_code":"046006","com_istat_code_num":46006,"_featureIdx":22,"_color":"#39d078"}},{"type":"Feature","geometry":{"type":"Polygon","coordinates":[[[10.333893815850194,44.15349840028782],[10.357863940563485,44.15349840028782],[10.357863940563485,44.1694588548421],[10.333893815850194,44.1694588548421],[10.333893815850194,44.15349840028782]]]},"properties":{"name":"San Romano in Garfagnana","minint_finloc":"3090430270","op_id":"4574","minint_elettorale":"2090430270","prov_name":"Lucca","prov_istat_code":"046","prov_istat_code_num":46,"prov_acr":"LU","reg_name":"Toscana","reg_istat_code":"09","reg_istat_code_num":9,"opdm_id":"4472","com_catasto_code":"I142","com_istat_code":"046027","com_istat_code_num":46027,"_featureIdx":41,"_color":"#393ed0"}},{"type":"Feature","geometry":{"type":"Polygon","coordinates":[[[10.357863940563485,44.15349840028782],[10.381834065276776,44.15349840028782],[10.381834065276776,44.1694588548421],[10.357863940563485,44.1694588548421],[10.357863940563485,44.15349840028782]]]},"properties":{"name":"San Romano in Garfagnana","minint_finloc":"3090430270","op_id":"4574","minint_elettorale":"2090430270","prov_name":"Lucca","prov_istat_code":"046","prov_istat_code_num":46,"prov_acr":"LU","reg_name":"Toscana","reg_istat_code":"09","reg_istat_code_num":9,"opdm_id":"4472","com_catasto_code":"I142","com_istat_code":"046027","com_istat_code_num":46027,"_featureIdx":41,"_color":"#393ed0"}},{"type":"Feature","geometry":{"type":"Polygon","coordinates":[[[10.381834065276776,44.15349840028782],[10.405804189990066,44.15349840028782],[10.405804189990066,44.1694588548421],[10.381834065276776,44.1694588548421],[10.381834065276776,44.15349840028782]]]},"properties":{"name":"Villa Collemandina","minint_finloc":"3090430350","minint_elettorale":"2090430350","op_id":"4582","prov_name":"Lucca","prov_istat_code":"046","prov_istat_code_num":46,"prov_acr":"LU","reg_name":"Toscana","reg_istat_code":"09","reg_istat_code_num":9,"opdm_id":"4478","com_catasto_code":"L926","com_istat_code":"046035","com_istat_code_num":46035,"_featureIdx":47,"_color":"#d03964"}},{"type":"Feature","geometry":{"type":"Polygon","coordinates":[[[10.405804189990064,44.15349840028782],[10.429774314703355,44.15349840028782],[10.429774314703355,44.1694588548421],[10.405804189990064,44.1694588548421],[10.405804189990064,44.15349840028782]]]},"properties":{"name":"Castiglione di Garfagnana","minint_finloc":"3090430100","minint_elettorale":"2090430100","op_id":"4557","prov_name":"Lucca","prov_istat_code":"046","prov_istat_code_num":46,"prov_acr":"LU","reg_name":"Toscana","reg_istat_code":"09","reg_istat_code_num":9,"opdm_id":"4457","com_catasto_code":"C303","com_istat_code":"046010","com_istat_code_num":46010,"_featureIdx":26,"_color":"#d03977"}},{"type":"Feature","geometry":{"type":"Polygon","coordinates":[[[10.429774314703355,44.15349840028782],[10.453744439416646,44.15349840028782],[10.453744439416646,44.1694588548421],[10.429774314703355,44.1694588548421],[10.429774314703355,44.15349840028782]]]},"properties":{"name":"Pieve Fosciana","op_id":"4572","minint_elettorale":"2090430250","minint_finloc":"3090430250","prov_name":"Lucca","prov_istat_code":"046","prov_istat_code_num":46,"prov_acr":"LU","reg_name":"Toscana","reg_istat_code":"09","reg_istat_code_num":9,"opdm_id":"4470","com_catasto_code":"G648","com_istat_code":"046025","com_istat_code_num":46025,"_featureIdx":39,"_color":"#d03997"}},{"type":"Feature","geometry":{"type":"Polygon","coordinates":[[[10.453744439416646,44.15349840028782],[10.477714564129936,44.15349840028782],[10.477714564129936,44.1694588548421],[10.453744439416646,44.1694588548421],[10.453744439416646,44.15349840028782]]]},"properties":{"name":"Pieve Fosciana","op_id":"4572","minint_elettorale":"2090430250","minint_finloc":"3090430250","prov_name":"Lucca","prov_istat_code":"046","prov_istat_code_num":46,"prov_acr":"LU","reg_name":"Toscana","reg_istat_code":"09","reg_istat_code_num":9,"opdm_id":"4470","com_catasto_code":"G648","com_istat_code":"046025","com_istat_code_num":46025,"_featureIdx":39,"_color":"#d03997"}},{"type":"Feature","geometry":{"type":"Polygon","coordinates":[[[10.477714564129936,44.15349840028782],[10.501684688843227,44.15349840028782],[10.501684688843227,44.1694588548421],[10.477714564129936,44.1694588548421],[10.477714564129936,44.15349840028782]]]},"properties":{"name":"Pieve Fosciana","op_id":"4572","minint_elettorale":"2090430250","minint_finloc":"3090430250","prov_name":"Lucca","prov_istat_code":"046","prov_istat_code_num":46,"prov_acr":"LU","reg_name":"Toscana","reg_istat_code":"09","reg_istat_code_num":9,"opdm_id":"4470","com_catasto_code":"G648","com_istat_code":"046025","com_istat_code_num":46025,"_featureIdx":39,"_color":"#d03997"}},{"type":"Feature","geometry":{"type":"Polygon","coordinates":[[[10.501684688843227,44.15349840028782],[10.525654813556518,44.15349840028782],[10.525654813556518,44.1694588548421],[10.501684688843227,44.1694588548421],[10.501684688843227,44.15349840028782]]]},"properties":{"name":"Fosciandora","minint_elettorale":"2090430140","minint_finloc":"3090430140","op_id":"4561","prov_name":"Lucca","prov_istat_code":"046","prov_istat_code_num":46,"prov_acr":"LU","reg_name":"Toscana","reg_istat_code":"09","reg_istat_code_num":9,"opdm_id":"4460","com_catasto_code":"D734","com_istat_code":"046014","com_istat_code_num":46014,"_featureIdx":29,"_color":"#d07f39"}},{"type":"Feature","geometry":{"type":"Polygon","coordinates":[[[9.902431571010968,44.16945885484209],[9.926401695724259,44.16945885484209],[9.926401695724259,44.185419309396366],[9.902431571010968,44.185419309396366],[9.902431571010968,44.16945885484209]]]},"properties":{"name":"Aulla","op_id":"4531","minint_elettorale":"2090460010","minint_finloc":"3090460010","prov_name":"Massa-Carrara","prov_istat_code":"045","prov_istat_code_num":45,"prov_acr":"MS","reg_name":"Toscana","reg_istat_code":"09","reg_istat_code_num":9,"opdm_id":"4431","com_catasto_code":"A496","com_istat_code":"045001","com_istat_code_num":45001,"_featureIdx":0,"_color":"#d03939"}},{"type":"Feature","geometry":{"type":"Polygon","coordinates":[[[9.926401695724259,44.16945885484209],[9.95037182043755,44.16945885484209],[9.95037182043755,44.185419309396366],[9.926401695724259,44.185419309396366],[9.926401695724259,44.16945885484209]]]},"properties":{"name":"Aulla","op_id":"4531","minint_elettorale":"2090460010","minint_finloc":"3090460010","prov_name":"Massa-Carrara","prov_istat_code":"045","prov_istat_code_num":45,"prov_acr":"MS","reg_name":"Toscana","reg_istat_code":"09","reg_istat_code_num":9,"opdm_id":"4431","com_catasto_code":"A496","com_istat_code":"045001","com_istat_code_num":45001,"_featureIdx":0,"_color":"#d03939"}},{"type":"Feature","geometry":{"type":"Polygon","coordinates":[[[9.95037182043755,44.16945885484209],[9.97434194515084,44.16945885484209],[9.97434194515084,44.185419309396366],[9.95037182043755,44.185419309396366],[9.95037182043755,44.16945885484209]]]},"properties":{"name":"Aulla","op_id":"4531","minint_elettorale":"2090460010","minint_finloc":"3090460010","prov_name":"Massa-Carrara","prov_istat_code":"045","prov_istat_code_num":45,"prov_acr":"MS","reg_name":"Toscana","reg_istat_code":"09","reg_istat_code_num":9,"opdm_id":"4431","com_catasto_code":"A496","com_istat_code":"045001","com_istat_code_num":45001,"_featureIdx":0,"_color":"#d03939"}},{"type":"Feature","geometry":{"type":"Polygon","coordinates":[[[9.97434194515084,44.16945885484209],[9.99831206986413,44.16945885484209],[9.99831206986413,44.185419309396366],[9.97434194515084,44.185419309396366],[9.97434194515084,44.16945885484209]]]},"properties":{"name":"Aulla","op_id":"4531","minint_elettorale":"2090460010","minint_finloc":"3090460010","prov_name":"Massa-Carrara","prov_istat_code":"045","prov_istat_code_num":45,"prov_acr":"MS","reg_name":"Toscana","reg_istat_code":"09","reg_istat_code_num":9,"opdm_id":"4431","com_catasto_code":"A496","com_istat_code":"045001","com_istat_code_num":45001,"_featureIdx":0,"_color":"#d03939"}},{"type":"Feature","geometry":{"type":"Polygon","coordinates":[[[9.99831206986413,44.16945885484209],[10.022282194577421,44.16945885484209],[10.022282194577421,44.185419309396366],[9.99831206986413,44.185419309396366],[9.99831206986413,44.16945885484209]]]},"properties":{"name":"Fosdinovo","minint_finloc":"3090460080","op_id":"4538","minint_elettorale":"2090460080","prov_name":"Massa-Carrara","prov_istat_code":"045","prov_istat_code_num":45,"prov_acr":"MS","reg_name":"Toscana","reg_istat_code":"09","reg_istat_code_num":9,"opdm_id":"4438","com_catasto_code":"D735","com_istat_code":"045008","com_istat_code_num":45008,"_featureIdx":7,"_color":"#3f39d0"}},{"type":"Feature","geometry":{"type":"Polygon","coordinates":[[[10.02228219457742,44.16945885484209],[10.04625231929071,44.16945885484209],[10.04625231929071,44.185419309396366],[10.02228219457742,44.185419309396366],[10.02228219457742,44.16945885484209]]]},"properties":{"name":"Fivizzano","op_id":"4537","minint_elettorale":"2090460070","minint_finloc":"3090460070","prov_name":"Massa-Carrara","prov_istat_code":"045","prov_istat_code_num":45,"prov_acr":"MS","reg_name":"Toscana","reg_istat_code":"09","reg_istat_code_num":9,"opdm_id":"4437","com_catasto_code":"D629","com_istat_code":"045007","com_istat_code_num":45007,"_featureIdx":6,"_color":"#5fd039"}},{"type":"Feature","geometry":{"type":"Polygon","coordinates":[[[10.04625231929071,44.16945885484209],[10.070222444004001,44.16945885484209],[10.070222444004001,44.185419309396366],[10.04625231929071,44.185419309396366],[10.04625231929071,44.16945885484209]]]},"properties":{"name":"Fivizzano","op_id":"4537","minint_elettorale":"2090460070","minint_finloc":"3090460070","prov_name":"Massa-Carrara","prov_istat_code":"045","prov_istat_code_num":45,"prov_acr":"MS","reg_name":"Toscana","reg_istat_code":"09","reg_istat_code_num":9,"opdm_id":"4437","com_catasto_code":"D629","com_istat_code":"045007","com_istat_code_num":45007,"_featureIdx":6,"_color":"#5fd039"}},{"type":"Feature","geometry":{"type":"Polygon","coordinates":[[[10.070222444004001,44.16945885484209],[10.094192568717292,44.16945885484209],[10.094192568717292,44.185419309396366],[10.070222444004001,44.185419309396366],[10.070222444004001,44.16945885484209]]]},"properties":{"name":"Fivizzano","op_id":"4537","minint_elettorale":"2090460070","minint_finloc":"3090460070","prov_name":"Massa-Carrara","prov_istat_code":"045","prov_istat_code_num":45,"prov_acr":"MS","reg_name":"Toscana","reg_istat_code":"09","reg_istat_code_num":9,"opdm_id":"4437","com_catasto_code":"D629","com_istat_code":"045007","com_istat_code_num":45007,"_featureIdx":6,"_color":"#5fd039"}},{"type":"Feature","geometry":{"type":"Polygon","coordinates":[[[10.094192568717292,44.16945885484209],[10.118162693430582,44.16945885484209],[10.118162693430582,44.185419309396366],[10.094192568717292,44.185419309396366],[10.094192568717292,44.16945885484209]]]},"properties":{"name":"Fivizzano","op_id":"4537","minint_elettorale":"2090460070","minint_finloc":"3090460070","prov_name":"Massa-Carrara","prov_istat_code":"045","prov_istat_code_num":45,"prov_acr":"MS","reg_name":"Toscana","reg_istat_code":"09","reg_istat_code_num":9,"opdm_id":"4437","com_catasto_code":"D629","com_istat_code":"045007","com_istat_code_num":45007,"_featureIdx":6,"_color":"#5fd039"}},{"type":"Feature","geometry":{"type":"Polygon","coordinates":[[[10.118162693430582,44.16945885484209],[10.142132818143873,44.16945885484209],[10.142132818143873,44.185419309396366],[10.118162693430582,44.185419309396366],[10.118162693430582,44.16945885484209]]]},"properties":{"name":"Fivizzano","op_id":"4537","minint_elettorale":"2090460070","minint_finloc":"3090460070","prov_name":"Massa-Carrara","prov_istat_code":"045","prov_istat_code_num":45,"prov_acr":"MS","reg_name":"Toscana","reg_istat_code":"09","reg_istat_code_num":9,"opdm_id":"4437","com_catasto_code":"D629","com_istat_code":"045007","com_istat_code_num":45007,"_featureIdx":6,"_color":"#5fd039"}},{"type":"Feature","geometry":{"type":"Polygon","coordinates":[[[10.142132818143871,44.16945885484209],[10.166102942857162,44.16945885484209],[10.166102942857162,44.185419309396366],[10.142132818143871,44.185419309396366],[10.142132818143871,44.16945885484209]]]},"properties":{"name":"Casola in Lunigiana","op_id":"4534","minint_elettorale":"2090460040","minint_finloc":"3090460040","prov_name":"Massa-Carrara","prov_istat_code":"045","prov_istat_code_num":45,"prov_acr":"MS","reg_name":"Toscana","reg_istat_code":"09","reg_istat_code_num":9,"opdm_id":"4434","com_catasto_code":"B979","com_istat_code":"045004","com_istat_code_num":45004,"_featureIdx":3,"_color":"#d0be39"}},{"type":"Feature","geometry":{"type":"Polygon","coordinates":[[[10.166102942857162,44.16945885484209],[10.190073067570452,44.16945885484209],[10.190073067570452,44.185419309396366],[10.166102942857162,44.185419309396366],[10.166102942857162,44.16945885484209]]]},"properties":{"name":"Casola in Lunigiana","op_id":"4534","minint_elettorale":"2090460040","minint_finloc":"3090460040","prov_name":"Massa-Carrara","prov_istat_code":"045","prov_istat_code_num":45,"prov_acr":"MS","reg_name":"Toscana","reg_istat_code":"09","reg_istat_code_num":9,"opdm_id":"4434","com_catasto_code":"B979","com_istat_code":"045004","com_istat_code_num":45004,"_featureIdx":3,"_color":"#d0be39"}},{"type":"Feature","geometry":{"type":"Polygon","coordinates":[[[10.190073067570452,44.16945885484209],[10.214043192283743,44.16945885484209],[10.214043192283743,44.185419309396366],[10.190073067570452,44.185419309396366],[10.190073067570452,44.16945885484209]]]},"properties":{"name":"Minucciano","minint_finloc":"3090430190","op_id":"4566","minint_elettorale":"2090430190","prov_name":"Lucca","prov_istat_code":"046","prov_istat_code_num":46,"prov_acr":"LU","reg_name":"Toscana","reg_istat_code":"09","reg_istat_code_num":9,"opdm_id":"4464","com_catasto_code":"F225","com_istat_code":"046019","com_istat_code_num":46019,"_featureIdx":33,"_color":"#3971d0"}},{"type":"Feature","geometry":{"type":"Polygon","coordinates":[[[10.214043192283743,44.16945885484209],[10.238013316997034,44.16945885484209],[10.238013316997034,44.185419309396366],[10.214043192283743,44.185419309396366],[10.214043192283743,44.16945885484209]]]},"properties":{"name":"Minucciano","minint_finloc":"3090430190","op_id":"4566","minint_elettorale":"2090430190","prov_name":"Lucca","prov_istat_code":"046","prov_istat_code_num":46,"prov_acr":"LU","reg_name":"Toscana","reg_istat_code":"09","reg_istat_code_num":9,"opdm_id":"4464","com_catasto_code":"F225","com_istat_code":"046019","com_istat_code_num":46019,"_featureIdx":33,"_color":"#3971d0"}},{"type":"Feature","geometry":{"type":"Polygon","coordinates":[[[10.238013316997034,44.16945885484209],[10.261983441710324,44.16945885484209],[10.261983441710324,44.185419309396366],[10.238013316997034,44.185419309396366],[10.238013316997034,44.16945885484209]]]},"properties":{"name":"Minucciano","minint_finloc":"3090430190","op_id":"4566","minint_elettorale":"2090430190","prov_name":"Lucca","prov_istat_code":"046","prov_istat_code_num":46,"prov_acr":"LU","reg_name":"Toscana","reg_istat_code":"09","reg_istat_code_num":9,"opdm_id":"4464","com_catasto_code":"F225","com_istat_code":"046019","com_istat_code_num":46019,"_featureIdx":33,"_color":"#3971d0"}},{"type":"Feature","geometry":{"type":"Polygon","coordinates":[[[10.261983441710324,44.16945885484209],[10.285953566423615,44.16945885484209],[10.285953566423615,44.185419309396366],[10.261983441710324,44.185419309396366],[10.261983441710324,44.16945885484209]]]},"properties":{"name":"Piazza al Serchio","minint_elettorale":"2090430230","op_id":"4570","minint_finloc":"3090430230","prov_name":"Lucca","prov_istat_code":"046","prov_istat_code_num":46,"prov_acr":"LU","reg_name":"Toscana","reg_istat_code":"09","reg_istat_code_num":9,"opdm_id":"4468","com_catasto_code":"G582","com_istat_code":"046023","com_istat_code_num":46023,"_featureIdx":37,"_color":"#d0b239"}},{"type":"Feature","geometry":{"type":"Polygon","coordinates":[[[10.285953566423613,44.16945885484209],[10.309923691136904,44.16945885484209],[10.309923691136904,44.185419309396366],[10.285953566423613,44.185419309396366],[10.285953566423613,44.16945885484209]]]},"properties":{"name":"Piazza al Serchio","minint_elettorale":"2090430230","op_id":"4570","minint_finloc":"3090430230","prov_name":"Lucca","prov_istat_code":"046","prov_istat_code_num":46,"prov_acr":"LU","reg_name":"Toscana","reg_istat_code":"09","reg_istat_code_num":9,"opdm_id":"4468","com_catasto_code":"G582","com_istat_code":"046023","com_istat_code_num":46023,"_featureIdx":37,"_color":"#d0b239"}},{"type":"Feature","geometry":{"type":"Polygon","coordinates":[[[10.309923691136904,44.16945885484209],[10.333893815850194,44.16945885484209],[10.333893815850194,44.185419309396366],[10.309923691136904,44.185419309396366],[10.309923691136904,44.16945885484209]]]},"properties":{"name":"Piazza al Serchio","minint_elettorale":"2090430230","op_id":"4570","minint_finloc":"3090430230","prov_name":"Lucca","prov_istat_code":"046","prov_istat_code_num":46,"prov_acr":"LU","reg_name":"Toscana","reg_istat_code":"09","reg_istat_code_num":9,"opdm_id":"4468","com_catasto_code":"G582","com_istat_code":"046023","com_istat_code_num":46023,"_featureIdx":37,"_color":"#d0b239"}},{"type":"Feature","geometry":{"type":"Polygon","coordinates":[[[10.333893815850194,44.16945885484209],[10.357863940563485,44.16945885484209],[10.357863940563485,44.185419309396366],[10.333893815850194,44.185419309396366],[10.333893815850194,44.16945885484209]]]},"properties":{"name":"San Romano in Garfagnana","minint_finloc":"3090430270","op_id":"4574","minint_elettorale":"2090430270","prov_name":"Lucca","prov_istat_code":"046","prov_istat_code_num":46,"prov_acr":"LU","reg_name":"Toscana","reg_istat_code":"09","reg_istat_code_num":9,"opdm_id":"4472","com_catasto_code":"I142","com_istat_code":"046027","com_istat_code_num":46027,"_featureIdx":41,"_color":"#393ed0"}},{"type":"Feature","geometry":{"type":"Polygon","coordinates":[[[10.357863940563485,44.16945885484209],[10.381834065276776,44.16945885484209],[10.381834065276776,44.185419309396366],[10.357863940563485,44.185419309396366],[10.357863940563485,44.16945885484209]]]},"properties":{"name":"Villa Collemandina","minint_finloc":"3090430350","minint_elettorale":"2090430350","op_id":"4582","prov_name":"Lucca","prov_istat_code":"046","prov_istat_code_num":46,"prov_acr":"LU","reg_name":"Toscana","reg_istat_code":"09","reg_istat_code_num":9,"opdm_id":"4478","com_catasto_code":"L926","com_istat_code":"046035","com_istat_code_num":46035,"_featureIdx":47,"_color":"#d03964"}},{"type":"Feature","geometry":{"type":"Polygon","coordinates":[[[10.381834065276776,44.16945885484209],[10.405804189990066,44.16945885484209],[10.405804189990066,44.185419309396366],[10.381834065276776,44.185419309396366],[10.381834065276776,44.16945885484209]]]},"properties":{"name":"Villa Collemandina","minint_finloc":"3090430350","minint_elettorale":"2090430350","op_id":"4582","prov_name":"Lucca","prov_istat_code":"046","prov_istat_code_num":46,"prov_acr":"LU","reg_name":"Toscana","reg_istat_code":"09","reg_istat_code_num":9,"opdm_id":"4478","com_catasto_code":"L926","com_istat_code":"046035","com_istat_code_num":46035,"_featureIdx":47,"_color":"#d03964"}},{"type":"Feature","geometry":{"type":"Polygon","coordinates":[[[10.405804189990064,44.16945885484209],[10.429774314703355,44.16945885484209],[10.429774314703355,44.185419309396366],[10.405804189990064,44.185419309396366],[10.405804189990064,44.16945885484209]]]},"properties":{"name":"Castiglione di Garfagnana","minint_finloc":"3090430100","minint_elettorale":"2090430100","op_id":"4557","prov_name":"Lucca","prov_istat_code":"046","prov_istat_code_num":46,"prov_acr":"LU","reg_name":"Toscana","reg_istat_code":"09","reg_istat_code_num":9,"opdm_id":"4457","com_catasto_code":"C303","com_istat_code":"046010","com_istat_code_num":46010,"_featureIdx":26,"_color":"#d03977"}},{"type":"Feature","geometry":{"type":"Polygon","coordinates":[[[10.429774314703355,44.16945885484209],[10.453744439416646,44.16945885484209],[10.453744439416646,44.185419309396366],[10.429774314703355,44.185419309396366],[10.429774314703355,44.16945885484209]]]},"properties":{"name":"Castiglione di Garfagnana","minint_finloc":"3090430100","minint_elettorale":"2090430100","op_id":"4557","prov_name":"Lucca","prov_istat_code":"046","prov_istat_code_num":46,"prov_acr":"LU","reg_name":"Toscana","reg_istat_code":"09","reg_istat_code_num":9,"opdm_id":"4457","com_catasto_code":"C303","com_istat_code":"046010","com_istat_code_num":46010,"_featureIdx":26,"_color":"#d03977"}},{"type":"Feature","geometry":{"type":"Polygon","coordinates":[[[10.453744439416646,44.16945885484209],[10.477714564129936,44.16945885484209],[10.477714564129936,44.185419309396366],[10.453744439416646,44.185419309396366],[10.453744439416646,44.16945885484209]]]},"properties":{"name":"Castiglione di Garfagnana","minint_finloc":"3090430100","minint_elettorale":"2090430100","op_id":"4557","prov_name":"Lucca","prov_istat_code":"046","prov_istat_code_num":46,"prov_acr":"LU","reg_name":"Toscana","reg_istat_code":"09","reg_istat_code_num":9,"opdm_id":"4457","com_catasto_code":"C303","com_istat_code":"046010","com_istat_code_num":46010,"_featureIdx":26,"_color":"#d03977"}},{"type":"Feature","geometry":{"type":"Polygon","coordinates":[[[10.477714564129936,44.16945885484209],[10.501684688843227,44.16945885484209],[10.501684688843227,44.185419309396366],[10.477714564129936,44.185419309396366],[10.477714564129936,44.16945885484209]]]},"properties":{"name":"Castiglione di Garfagnana","minint_finloc":"3090430100","minint_elettorale":"2090430100","op_id":"4557","prov_name":"Lucca","prov_istat_code":"046","prov_istat_code_num":46,"prov_acr":"LU","reg_name":"Toscana","reg_istat_code":"09","reg_istat_code_num":9,"opdm_id":"4457","com_catasto_code":"C303","com_istat_code":"046010","com_istat_code_num":46010,"_featureIdx":26,"_color":"#d03977"}},{"type":"Feature","geometry":{"type":"Polygon","coordinates":[[[9.854491321584389,44.185419309396366],[9.87846144629768,44.185419309396366],[9.87846144629768,44.20137976395064],[9.854491321584389,44.20137976395064],[9.854491321584389,44.185419309396366]]]},"properties":{"name":"Podenzana","minint_finloc":"3090460130","op_id":"4543","minint_elettorale":"2090460130","prov_name":"Massa-Carrara","prov_istat_code":"045","prov_istat_code_num":45,"prov_acr":"MS","reg_name":"Toscana","reg_istat_code":"09","reg_istat_code_num":9,"opdm_id":"4443","com_catasto_code":"G746","com_istat_code":"045013","com_istat_code_num":45013,"_featureIdx":12,"_color":"#3984d0"}},{"type":"Feature","geometry":{"type":"Polygon","coordinates":[[[9.926401695724259,44.185419309396366],[9.95037182043755,44.185419309396366],[9.95037182043755,44.20137976395064],[9.926401695724259,44.20137976395064],[9.926401695724259,44.185419309396366]]]},"properties":{"name":"Aulla","op_id":"4531","minint_elettorale":"2090460010","minint_finloc":"3090460010","prov_name":"Massa-Carrara","prov_istat_code":"045","prov_istat_code_num":45,"prov_acr":"MS","reg_name":"Toscana","reg_istat_code":"09","reg_istat_code_num":9,"opdm_id":"4431","com_catasto_code":"A496","com_istat_code":"045001","com_istat_code_num":45001,"_featureIdx":0,"_color":"#d03939"}},{"type":"Feature","geometry":{"type":"Polygon","coordinates":[[[9.95037182043755,44.185419309396366],[9.97434194515084,44.185419309396366],[9.97434194515084,44.20137976395064],[9.95037182043755,44.20137976395064],[9.95037182043755,44.185419309396366]]]},"properties":{"name":"Aulla","op_id":"4531","minint_elettorale":"2090460010","minint_finloc":"3090460010","prov_name":"Massa-Carrara","prov_istat_code":"045","prov_istat_code_num":45,"prov_acr":"MS","reg_name":"Toscana","reg_istat_code":"09","reg_istat_code_num":9,"opdm_id":"4431","com_catasto_code":"A496","com_istat_code":"045001","com_istat_code_num":45001,"_featureIdx":0,"_color":"#d03939"}},{"type":"Feature","geometry":{"type":"Polygon","coordinates":[[[9.97434194515084,44.185419309396366],[9.99831206986413,44.185419309396366],[9.99831206986413,44.20137976395064],[9.97434194515084,44.20137976395064],[9.97434194515084,44.185419309396366]]]},"properties":{"name":"Aulla","op_id":"4531","minint_elettorale":"2090460010","minint_finloc":"3090460010","prov_name":"Massa-Carrara","prov_istat_code":"045","prov_istat_code_num":45,"prov_acr":"MS","reg_name":"Toscana","reg_istat_code":"09","reg_istat_code_num":9,"opdm_id":"4431","com_catasto_code":"A496","com_istat_code":"045001","com_istat_code_num":45001,"_featureIdx":0,"_color":"#d03939"}},{"type":"Feature","geometry":{"type":"Polygon","coordinates":[[[9.99831206986413,44.185419309396366],[10.022282194577421,44.185419309396366],[10.022282194577421,44.20137976395064],[9.99831206986413,44.20137976395064],[9.99831206986413,44.185419309396366]]]},"properties":{"name":"Aulla","op_id":"4531","minint_elettorale":"2090460010","minint_finloc":"3090460010","prov_name":"Massa-Carrara","prov_istat_code":"045","prov_istat_code_num":45,"prov_acr":"MS","reg_name":"Toscana","reg_istat_code":"09","reg_istat_code_num":9,"opdm_id":"4431","com_catasto_code":"A496","com_istat_code":"045001","com_istat_code_num":45001,"_featureIdx":0,"_color":"#d03939"}},{"type":"Feature","geometry":{"type":"Polygon","coordinates":[[[10.02228219457742,44.185419309396366],[10.04625231929071,44.185419309396366],[10.04625231929071,44.20137976395064],[10.02228219457742,44.20137976395064],[10.02228219457742,44.185419309396366]]]},"properties":{"name":"Aulla","op_id":"4531","minint_elettorale":"2090460010","minint_finloc":"3090460010","prov_name":"Massa-Carrara","prov_istat_code":"045","prov_istat_code_num":45,"prov_acr":"MS","reg_name":"Toscana","reg_istat_code":"09","reg_istat_code_num":9,"opdm_id":"4431","com_catasto_code":"A496","com_istat_code":"045001","com_istat_code_num":45001,"_featureIdx":0,"_color":"#d03939"}},{"type":"Feature","geometry":{"type":"Polygon","coordinates":[[[10.04625231929071,44.185419309396366],[10.070222444004001,44.185419309396366],[10.070222444004001,44.20137976395064],[10.04625231929071,44.20137976395064],[10.04625231929071,44.185419309396366]]]},"properties":{"name":"Fivizzano","op_id":"4537","minint_elettorale":"2090460070","minint_finloc":"3090460070","prov_name":"Massa-Carrara","prov_istat_code":"045","prov_istat_code_num":45,"prov_acr":"MS","reg_name":"Toscana","reg_istat_code":"09","reg_istat_code_num":9,"opdm_id":"4437","com_catasto_code":"D629","com_istat_code":"045007","com_istat_code_num":45007,"_featureIdx":6,"_color":"#5fd039"}},{"type":"Feature","geometry":{"type":"Polygon","coordinates":[[[10.070222444004001,44.185419309396366],[10.094192568717292,44.185419309396366],[10.094192568717292,44.20137976395064],[10.070222444004001,44.20137976395064],[10.070222444004001,44.185419309396366]]]},"properties":{"name":"Fivizzano","op_id":"4537","minint_elettorale":"2090460070","minint_finloc":"3090460070","prov_name":"Massa-Carrara","prov_istat_code":"045","prov_istat_code_num":45,"prov_acr":"MS","reg_name":"Toscana","reg_istat_code":"09","reg_istat_code_num":9,"opdm_id":"4437","com_catasto_code":"D629","com_istat_code":"045007","com_istat_code_num":45007,"_featureIdx":6,"_color":"#5fd039"}},{"type":"Feature","geometry":{"type":"Polygon","coordinates":[[[10.094192568717292,44.185419309396366],[10.118162693430582,44.185419309396366],[10.118162693430582,44.20137976395064],[10.094192568717292,44.20137976395064],[10.094192568717292,44.185419309396366]]]},"properties":{"name":"Fivizzano","op_id":"4537","minint_elettorale":"2090460070","minint_finloc":"3090460070","prov_name":"Massa-Carrara","prov_istat_code":"045","prov_istat_code_num":45,"prov_acr":"MS","reg_name":"Toscana","reg_istat_code":"09","reg_istat_code_num":9,"opdm_id":"4437","com_catasto_code":"D629","com_istat_code":"045007","com_istat_code_num":45007,"_featureIdx":6,"_color":"#5fd039"}},{"type":"Feature","geometry":{"type":"Polygon","coordinates":[[[10.118162693430582,44.185419309396366],[10.142132818143873,44.185419309396366],[10.142132818143873,44.20137976395064],[10.118162693430582,44.20137976395064],[10.118162693430582,44.185419309396366]]]},"properties":{"name":"Casola in Lunigiana","op_id":"4534","minint_elettorale":"2090460040","minint_finloc":"3090460040","prov_name":"Massa-Carrara","prov_istat_code":"045","prov_istat_code_num":45,"prov_acr":"MS","reg_name":"Toscana","reg_istat_code":"09","reg_istat_code_num":9,"opdm_id":"4434","com_catasto_code":"B979","com_istat_code":"045004","com_istat_code_num":45004,"_featureIdx":3,"_color":"#d0be39"}},{"type":"Feature","geometry":{"type":"Polygon","coordinates":[[[10.142132818143871,44.185419309396366],[10.166102942857162,44.185419309396366],[10.166102942857162,44.20137976395064],[10.142132818143871,44.20137976395064],[10.142132818143871,44.185419309396366]]]},"properties":{"name":"Casola in Lunigiana","op_id":"4534","minint_elettorale":"2090460040","minint_finloc":"3090460040","prov_name":"Massa-Carrara","prov_istat_code":"045","prov_istat_code_num":45,"prov_acr":"MS","reg_name":"Toscana","reg_istat_code":"09","reg_istat_code_num":9,"opdm_id":"4434","com_catasto_code":"B979","com_istat_code":"045004","com_istat_code_num":45004,"_featureIdx":3,"_color":"#d0be39"}},{"type":"Feature","geometry":{"type":"Polygon","coordinates":[[[10.166102942857162,44.185419309396366],[10.190073067570452,44.185419309396366],[10.190073067570452,44.20137976395064],[10.166102942857162,44.20137976395064],[10.166102942857162,44.185419309396366]]]},"properties":{"name":"Casola in Lunigiana","op_id":"4534","minint_elettorale":"2090460040","minint_finloc":"3090460040","prov_name":"Massa-Carrara","prov_istat_code":"045","prov_istat_code_num":45,"prov_acr":"MS","reg_name":"Toscana","reg_istat_code":"09","reg_istat_code_num":9,"opdm_id":"4434","com_catasto_code":"B979","com_istat_code":"045004","com_istat_code_num":45004,"_featureIdx":3,"_color":"#d0be39"}},{"type":"Feature","geometry":{"type":"Polygon","coordinates":[[[10.190073067570452,44.185419309396366],[10.214043192283743,44.185419309396366],[10.214043192283743,44.20137976395064],[10.190073067570452,44.20137976395064],[10.190073067570452,44.185419309396366]]]},"properties":{"name":"Minucciano","minint_finloc":"3090430190","op_id":"4566","minint_elettorale":"2090430190","prov_name":"Lucca","prov_istat_code":"046","prov_istat_code_num":46,"prov_acr":"LU","reg_name":"Toscana","reg_istat_code":"09","reg_istat_code_num":9,"opdm_id":"4464","com_catasto_code":"F225","com_istat_code":"046019","com_istat_code_num":46019,"_featureIdx":33,"_color":"#3971d0"}},{"type":"Feature","geometry":{"type":"Polygon","coordinates":[[[10.214043192283743,44.185419309396366],[10.238013316997034,44.185419309396366],[10.238013316997034,44.20137976395064],[10.214043192283743,44.20137976395064],[10.214043192283743,44.185419309396366]]]},"properties":{"name":"Minucciano","minint_finloc":"3090430190","op_id":"4566","minint_elettorale":"2090430190","prov_name":"Lucca","prov_istat_code":"046","prov_istat_code_num":46,"prov_acr":"LU","reg_name":"Toscana","reg_istat_code":"09","reg_istat_code_num":9,"opdm_id":"4464","com_catasto_code":"F225","com_istat_code":"046019","com_istat_code_num":46019,"_featureIdx":33,"_color":"#3971d0"}},{"type":"Feature","geometry":{"type":"Polygon","coordinates":[[[10.238013316997034,44.185419309396366],[10.261983441710324,44.185419309396366],[10.261983441710324,44.20137976395064],[10.238013316997034,44.20137976395064],[10.238013316997034,44.185419309396366]]]},"properties":{"name":"Sillano Giuncugnano","op_id":"8303","minint_elettorale":"2090430291","minint_finloc":"3090430291","prov_name":"Lucca","prov_istat_code":"046","prov_istat_code_num":46,"prov_acr":"LU","reg_name":"Toscana","reg_istat_code":"09","reg_istat_code_num":9,"opdm_id":"4480","com_catasto_code":"M347","com_istat_code":"046037","com_istat_code_num":46037,"_featureIdx":49,"_color":"#6639d0"}},{"type":"Feature","geometry":{"type":"Polygon","coordinates":[[[10.261983441710324,44.185419309396366],[10.285953566423615,44.185419309396366],[10.285953566423615,44.20137976395064],[10.261983441710324,44.20137976395064],[10.261983441710324,44.185419309396366]]]},"properties":{"name":"Piazza al Serchio","minint_elettorale":"2090430230","op_id":"4570","minint_finloc":"3090430230","prov_name":"Lucca","prov_istat_code":"046","prov_istat_code_num":46,"prov_acr":"LU","reg_name":"Toscana","reg_istat_code":"09","reg_istat_code_num":9,"opdm_id":"4468","com_catasto_code":"G582","com_istat_code":"046023","com_istat_code_num":46023,"_featureIdx":37,"_color":"#d0b239"}},{"type":"Feature","geometry":{"type":"Polygon","coordinates":[[[10.285953566423613,44.185419309396366],[10.309923691136904,44.185419309396366],[10.309923691136904,44.20137976395064],[10.285953566423613,44.20137976395064],[10.285953566423613,44.185419309396366]]]},"properties":{"name":"Piazza al Serchio","minint_elettorale":"2090430230","op_id":"4570","minint_finloc":"3090430230","prov_name":"Lucca","prov_istat_code":"046","prov_istat_code_num":46,"prov_acr":"LU","reg_name":"Toscana","reg_istat_code":"09","reg_istat_code_num":9,"opdm_id":"4468","com_catasto_code":"G582","com_istat_code":"046023","com_istat_code_num":46023,"_featureIdx":37,"_color":"#d0b239"}},{"type":"Feature","geometry":{"type":"Polygon","coordinates":[[[10.309923691136904,44.185419309396366],[10.333893815850194,44.185419309396366],[10.333893815850194,44.20137976395064],[10.309923691136904,44.20137976395064],[10.309923691136904,44.185419309396366]]]},"properties":{"name":"San Romano in Garfagnana","minint_finloc":"3090430270","op_id":"4574","minint_elettorale":"2090430270","prov_name":"Lucca","prov_istat_code":"046","prov_istat_code_num":46,"prov_acr":"LU","reg_name":"Toscana","reg_istat_code":"09","reg_istat_code_num":9,"opdm_id":"4472","com_catasto_code":"I142","com_istat_code":"046027","com_istat_code_num":46027,"_featureIdx":41,"_color":"#393ed0"}},{"type":"Feature","geometry":{"type":"Polygon","coordinates":[[[10.333893815850194,44.185419309396366],[10.357863940563485,44.185419309396366],[10.357863940563485,44.20137976395064],[10.333893815850194,44.20137976395064],[10.333893815850194,44.185419309396366]]]},"properties":{"name":"San Romano in Garfagnana","minint_finloc":"3090430270","op_id":"4574","minint_elettorale":"2090430270","prov_name":"Lucca","prov_istat_code":"046","prov_istat_code_num":46,"prov_acr":"LU","reg_name":"Toscana","reg_istat_code":"09","reg_istat_code_num":9,"opdm_id":"4472","com_catasto_code":"I142","com_istat_code":"046027","com_istat_code_num":46027,"_featureIdx":41,"_color":"#393ed0"}},{"type":"Feature","geometry":{"type":"Polygon","coordinates":[[[10.357863940563485,44.185419309396366],[10.381834065276776,44.185419309396366],[10.381834065276776,44.20137976395064],[10.357863940563485,44.20137976395064],[10.357863940563485,44.185419309396366]]]},"properties":{"name":"Villa Collemandina","minint_finloc":"3090430350","minint_elettorale":"2090430350","op_id":"4582","prov_name":"Lucca","prov_istat_code":"046","prov_istat_code_num":46,"prov_acr":"LU","reg_name":"Toscana","reg_istat_code":"09","reg_istat_code_num":9,"opdm_id":"4478","com_catasto_code":"L926","com_istat_code":"046035","com_istat_code_num":46035,"_featureIdx":47,"_color":"#d03964"}},{"type":"Feature","geometry":{"type":"Polygon","coordinates":[[[10.381834065276776,44.185419309396366],[10.405804189990066,44.185419309396366],[10.405804189990066,44.20137976395064],[10.381834065276776,44.20137976395064],[10.381834065276776,44.185419309396366]]]},"properties":{"name":"Villa Collemandina","minint_finloc":"3090430350","minint_elettorale":"2090430350","op_id":"4582","prov_name":"Lucca","prov_istat_code":"046","prov_istat_code_num":46,"prov_acr":"LU","reg_name":"Toscana","reg_istat_code":"09","reg_istat_code_num":9,"opdm_id":"4478","com_catasto_code":"L926","com_istat_code":"046035","com_istat_code_num":46035,"_featureIdx":47,"_color":"#d03964"}},{"type":"Feature","geometry":{"type":"Polygon","coordinates":[[[10.405804189990064,44.185419309396366],[10.429774314703355,44.185419309396366],[10.429774314703355,44.20137976395064],[10.405804189990064,44.20137976395064],[10.405804189990064,44.185419309396366]]]},"properties":{"name":"Castiglione di Garfagnana","minint_finloc":"3090430100","minint_elettorale":"2090430100","op_id":"4557","prov_name":"Lucca","prov_istat_code":"046","prov_istat_code_num":46,"prov_acr":"LU","reg_name":"Toscana","reg_istat_code":"09","reg_istat_code_num":9,"opdm_id":"4457","com_catasto_code":"C303","com_istat_code":"046010","com_istat_code_num":46010,"_featureIdx":26,"_color":"#d03977"}},{"type":"Feature","geometry":{"type":"Polygon","coordinates":[[[10.429774314703355,44.185419309396366],[10.453744439416646,44.185419309396366],[10.453744439416646,44.20137976395064],[10.429774314703355,44.20137976395064],[10.429774314703355,44.185419309396366]]]},"properties":{"name":"Castiglione di Garfagnana","minint_finloc":"3090430100","minint_elettorale":"2090430100","op_id":"4557","prov_name":"Lucca","prov_istat_code":"046","prov_istat_code_num":46,"prov_acr":"LU","reg_name":"Toscana","reg_istat_code":"09","reg_istat_code_num":9,"opdm_id":"4457","com_catasto_code":"C303","com_istat_code":"046010","com_istat_code_num":46010,"_featureIdx":26,"_color":"#d03977"}},{"type":"Feature","geometry":{"type":"Polygon","coordinates":[[[10.453744439416646,44.185419309396366],[10.477714564129936,44.185419309396366],[10.477714564129936,44.20137976395064],[10.453744439416646,44.20137976395064],[10.453744439416646,44.185419309396366]]]},"properties":{"name":"Castiglione di Garfagnana","minint_finloc":"3090430100","minint_elettorale":"2090430100","op_id":"4557","prov_name":"Lucca","prov_istat_code":"046","prov_istat_code_num":46,"prov_acr":"LU","reg_name":"Toscana","reg_istat_code":"09","reg_istat_code_num":9,"opdm_id":"4457","com_catasto_code":"C303","com_istat_code":"046010","com_istat_code_num":46010,"_featureIdx":26,"_color":"#d03977"}},{"type":"Feature","geometry":{"type":"Polygon","coordinates":[[[10.477714564129936,44.185419309396366],[10.501684688843227,44.185419309396366],[10.501684688843227,44.20137976395064],[10.477714564129936,44.20137976395064],[10.477714564129936,44.185419309396366]]]},"properties":{"name":"Castiglione di Garfagnana","minint_finloc":"3090430100","minint_elettorale":"2090430100","op_id":"4557","prov_name":"Lucca","prov_istat_code":"046","prov_istat_code_num":46,"prov_acr":"LU","reg_name":"Toscana","reg_istat_code":"09","reg_istat_code_num":9,"opdm_id":"4457","com_catasto_code":"C303","com_istat_code":"046010","com_istat_code_num":46010,"_featureIdx":26,"_color":"#d03977"}},{"type":"Feature","geometry":{"type":"Polygon","coordinates":[[[9.854491321584389,44.20137976395064],[9.87846144629768,44.20137976395064],[9.87846144629768,44.217340218504916],[9.854491321584389,44.217340218504916],[9.854491321584389,44.20137976395064]]]},"properties":{"name":"Podenzana","minint_finloc":"3090460130","op_id":"4543","minint_elettorale":"2090460130","prov_name":"Massa-Carrara","prov_istat_code":"045","prov_istat_code_num":45,"prov_acr":"MS","reg_name":"Toscana","reg_istat_code":"09","reg_istat_code_num":9,"opdm_id":"4443","com_catasto_code":"G746","com_istat_code":"045013","com_istat_code_num":45013,"_featureIdx":12,"_color":"#3984d0"}},{"type":"Feature","geometry":{"type":"Polygon","coordinates":[[[9.878461446297678,44.20137976395064],[9.902431571010968,44.20137976395064],[9.902431571010968,44.217340218504916],[9.878461446297678,44.217340218504916],[9.878461446297678,44.20137976395064]]]},"properties":{"name":"Tresana","minint_finloc":"3090460150","op_id":"4545","minint_elettorale":"2090460150","prov_name":"Massa-Carrara","prov_istat_code":"045","prov_istat_code_num":45,"prov_acr":"MS","reg_name":"Toscana","reg_istat_code":"09","reg_istat_code_num":9,"opdm_id":"4445","com_catasto_code":"L386","com_istat_code":"045015","com_istat_code_num":45015,"_featureIdx":14,"_color":"#39d046"}},{"type":"Feature","geometry":{"type":"Polygon","coordinates":[[[9.902431571010968,44.20137976395064],[9.926401695724259,44.20137976395064],[9.926401695724259,44.217340218504916],[9.902431571010968,44.217340218504916],[9.902431571010968,44.20137976395064]]]},"properties":{"name":"Podenzana","minint_finloc":"3090460130","op_id":"4543","minint_elettorale":"2090460130","prov_name":"Massa-Carrara","prov_istat_code":"045","prov_istat_code_num":45,"prov_acr":"MS","reg_name":"Toscana","reg_istat_code":"09","reg_istat_code_num":9,"opdm_id":"4443","com_catasto_code":"G746","com_istat_code":"045013","com_istat_code_num":45013,"_featureIdx":12,"_color":"#3984d0"}},{"type":"Feature","geometry":{"type":"Polygon","coordinates":[[[9.926401695724259,44.20137976395064],[9.95037182043755,44.20137976395064],[9.95037182043755,44.217340218504916],[9.926401695724259,44.217340218504916],[9.926401695724259,44.20137976395064]]]},"properties":{"name":"Podenzana","minint_finloc":"3090460130","op_id":"4543","minint_elettorale":"2090460130","prov_name":"Massa-Carrara","prov_istat_code":"045","prov_istat_code_num":45,"prov_acr":"MS","reg_name":"Toscana","reg_istat_code":"09","reg_istat_code_num":9,"opdm_id":"4443","com_catasto_code":"G746","com_istat_code":"045013","com_istat_code_num":45013,"_featureIdx":12,"_color":"#3984d0"}},{"type":"Feature","geometry":{"type":"Polygon","coordinates":[[[9.95037182043755,44.20137976395064],[9.97434194515084,44.20137976395064],[9.97434194515084,44.217340218504916],[9.95037182043755,44.217340218504916],[9.95037182043755,44.20137976395064]]]},"properties":{"name":"Podenzana","minint_finloc":"3090460130","op_id":"4543","minint_elettorale":"2090460130","prov_name":"Massa-Carrara","prov_istat_code":"045","prov_istat_code_num":45,"prov_acr":"MS","reg_name":"Toscana","reg_istat_code":"09","reg_istat_code_num":9,"opdm_id":"4443","com_catasto_code":"G746","com_istat_code":"045013","com_istat_code_num":45013,"_featureIdx":12,"_color":"#3984d0"}},{"type":"Feature","geometry":{"type":"Polygon","coordinates":[[[9.97434194515084,44.20137976395064],[9.99831206986413,44.20137976395064],[9.99831206986413,44.217340218504916],[9.97434194515084,44.217340218504916],[9.97434194515084,44.20137976395064]]]},"properties":{"name":"Aulla","op_id":"4531","minint_elettorale":"2090460010","minint_finloc":"3090460010","prov_name":"Massa-Carrara","prov_istat_code":"045","prov_istat_code_num":45,"prov_acr":"MS","reg_name":"Toscana","reg_istat_code":"09","reg_istat_code_num":9,"opdm_id":"4431","com_catasto_code":"A496","com_istat_code":"045001","com_istat_code_num":45001,"_featureIdx":0,"_color":"#d03939"}},{"type":"Feature","geometry":{"type":"Polygon","coordinates":[[[9.99831206986413,44.20137976395064],[10.022282194577421,44.20137976395064],[10.022282194577421,44.217340218504916],[9.99831206986413,44.217340218504916],[9.99831206986413,44.20137976395064]]]},"properties":{"name":"Aulla","op_id":"4531","minint_elettorale":"2090460010","minint_finloc":"3090460010","prov_name":"Massa-Carrara","prov_istat_code":"045","prov_istat_code_num":45,"prov_acr":"MS","reg_name":"Toscana","reg_istat_code":"09","reg_istat_code_num":9,"opdm_id":"4431","com_catasto_code":"A496","com_istat_code":"045001","com_istat_code_num":45001,"_featureIdx":0,"_color":"#d03939"}},{"type":"Feature","geometry":{"type":"Polygon","coordinates":[[[10.02228219457742,44.20137976395064],[10.04625231929071,44.20137976395064],[10.04625231929071,44.217340218504916],[10.02228219457742,44.217340218504916],[10.02228219457742,44.20137976395064]]]},"properties":{"name":"Fivizzano","op_id":"4537","minint_elettorale":"2090460070","minint_finloc":"3090460070","prov_name":"Massa-Carrara","prov_istat_code":"045","prov_istat_code_num":45,"prov_acr":"MS","reg_name":"Toscana","reg_istat_code":"09","reg_istat_code_num":9,"opdm_id":"4437","com_catasto_code":"D629","com_istat_code":"045007","com_istat_code_num":45007,"_featureIdx":6,"_color":"#5fd039"}},{"type":"Feature","geometry":{"type":"Polygon","coordinates":[[[10.04625231929071,44.20137976395064],[10.070222444004001,44.20137976395064],[10.070222444004001,44.217340218504916],[10.04625231929071,44.217340218504916],[10.04625231929071,44.20137976395064]]]},"properties":{"name":"Fivizzano","op_id":"4537","minint_elettorale":"2090460070","minint_finloc":"3090460070","prov_name":"Massa-Carrara","prov_istat_code":"045","prov_istat_code_num":45,"prov_acr":"MS","reg_name":"Toscana","reg_istat_code":"09","reg_istat_code_num":9,"opdm_id":"4437","com_catasto_code":"D629","com_istat_code":"045007","com_istat_code_num":45007,"_featureIdx":6,"_color":"#5fd039"}},{"type":"Feature","geometry":{"type":"Polygon","coordinates":[[[10.070222444004001,44.20137976395064],[10.094192568717292,44.20137976395064],[10.094192568717292,44.217340218504916],[10.070222444004001,44.217340218504916],[10.070222444004001,44.20137976395064]]]},"properties":{"name":"Fivizzano","op_id":"4537","minint_elettorale":"2090460070","minint_finloc":"3090460070","prov_name":"Massa-Carrara","prov_istat_code":"045","prov_istat_code_num":45,"prov_acr":"MS","reg_name":"Toscana","reg_istat_code":"09","reg_istat_code_num":9,"opdm_id":"4437","com_catasto_code":"D629","com_istat_code":"045007","com_istat_code_num":45007,"_featureIdx":6,"_color":"#5fd039"}},{"type":"Feature","geometry":{"type":"Polygon","coordinates":[[[10.094192568717292,44.20137976395064],[10.118162693430582,44.20137976395064],[10.118162693430582,44.217340218504916],[10.094192568717292,44.217340218504916],[10.094192568717292,44.20137976395064]]]},"properties":{"name":"Fivizzano","op_id":"4537","minint_elettorale":"2090460070","minint_finloc":"3090460070","prov_name":"Massa-Carrara","prov_istat_code":"045","prov_istat_code_num":45,"prov_acr":"MS","reg_name":"Toscana","reg_istat_code":"09","reg_istat_code_num":9,"opdm_id":"4437","com_catasto_code":"D629","com_istat_code":"045007","com_istat_code_num":45007,"_featureIdx":6,"_color":"#5fd039"}},{"type":"Feature","geometry":{"type":"Polygon","coordinates":[[[10.118162693430582,44.20137976395064],[10.142132818143873,44.20137976395064],[10.142132818143873,44.217340218504916],[10.118162693430582,44.217340218504916],[10.118162693430582,44.20137976395064]]]},"properties":{"name":"Fivizzano","op_id":"4537","minint_elettorale":"2090460070","minint_finloc":"3090460070","prov_name":"Massa-Carrara","prov_istat_code":"045","prov_istat_code_num":45,"prov_acr":"MS","reg_name":"Toscana","reg_istat_code":"09","reg_istat_code_num":9,"opdm_id":"4437","com_catasto_code":"D629","com_istat_code":"045007","com_istat_code_num":45007,"_featureIdx":6,"_color":"#5fd039"}},{"type":"Feature","geometry":{"type":"Polygon","coordinates":[[[10.142132818143871,44.20137976395064],[10.166102942857162,44.20137976395064],[10.166102942857162,44.217340218504916],[10.142132818143871,44.217340218504916],[10.142132818143871,44.20137976395064]]]},"properties":{"name":"Casola in Lunigiana","op_id":"4534","minint_elettorale":"2090460040","minint_finloc":"3090460040","prov_name":"Massa-Carrara","prov_istat_code":"045","prov_istat_code_num":45,"prov_acr":"MS","reg_name":"Toscana","reg_istat_code":"09","reg_istat_code_num":9,"opdm_id":"4434","com_catasto_code":"B979","com_istat_code":"045004","com_istat_code_num":45004,"_featureIdx":3,"_color":"#d0be39"}},{"type":"Feature","geometry":{"type":"Polygon","coordinates":[[[10.166102942857162,44.20137976395064],[10.190073067570452,44.20137976395064],[10.190073067570452,44.217340218504916],[10.166102942857162,44.217340218504916],[10.166102942857162,44.20137976395064]]]},"properties":{"name":"Casola in Lunigiana","op_id":"4534","minint_elettorale":"2090460040","minint_finloc":"3090460040","prov_name":"Massa-Carrara","prov_istat_code":"045","prov_istat_code_num":45,"prov_acr":"MS","reg_name":"Toscana","reg_istat_code":"09","reg_istat_code_num":9,"opdm_id":"4434","com_catasto_code":"B979","com_istat_code":"045004","com_istat_code_num":45004,"_featureIdx":3,"_color":"#d0be39"}},{"type":"Feature","geometry":{"type":"Polygon","coordinates":[[[10.190073067570452,44.20137976395064],[10.214043192283743,44.20137976395064],[10.214043192283743,44.217340218504916],[10.190073067570452,44.217340218504916],[10.190073067570452,44.20137976395064]]]},"properties":{"name":"Minucciano","minint_finloc":"3090430190","op_id":"4566","minint_elettorale":"2090430190","prov_name":"Lucca","prov_istat_code":"046","prov_istat_code_num":46,"prov_acr":"LU","reg_name":"Toscana","reg_istat_code":"09","reg_istat_code_num":9,"opdm_id":"4464","com_catasto_code":"F225","com_istat_code":"046019","com_istat_code_num":46019,"_featureIdx":33,"_color":"#3971d0"}},{"type":"Feature","geometry":{"type":"Polygon","coordinates":[[[10.214043192283743,44.20137976395064],[10.238013316997034,44.20137976395064],[10.238013316997034,44.217340218504916],[10.214043192283743,44.217340218504916],[10.214043192283743,44.20137976395064]]]},"properties":{"name":"Minucciano","minint_finloc":"3090430190","op_id":"4566","minint_elettorale":"2090430190","prov_name":"Lucca","prov_istat_code":"046","prov_istat_code_num":46,"prov_acr":"LU","reg_name":"Toscana","reg_istat_code":"09","reg_istat_code_num":9,"opdm_id":"4464","com_catasto_code":"F225","com_istat_code":"046019","com_istat_code_num":46019,"_featureIdx":33,"_color":"#3971d0"}},{"type":"Feature","geometry":{"type":"Polygon","coordinates":[[[10.238013316997034,44.20137976395064],[10.261983441710324,44.20137976395064],[10.261983441710324,44.217340218504916],[10.238013316997034,44.217340218504916],[10.238013316997034,44.20137976395064]]]},"properties":{"name":"Sillano Giuncugnano","op_id":"8303","minint_elettorale":"2090430291","minint_finloc":"3090430291","prov_name":"Lucca","prov_istat_code":"046","prov_istat_code_num":46,"prov_acr":"LU","reg_name":"Toscana","reg_istat_code":"09","reg_istat_code_num":9,"opdm_id":"4480","com_catasto_code":"M347","com_istat_code":"046037","com_istat_code_num":46037,"_featureIdx":49,"_color":"#6639d0"}},{"type":"Feature","geometry":{"type":"Polygon","coordinates":[[[10.261983441710324,44.20137976395064],[10.285953566423615,44.20137976395064],[10.285953566423615,44.217340218504916],[10.261983441710324,44.217340218504916],[10.261983441710324,44.20137976395064]]]},"properties":{"name":"Piazza al Serchio","minint_elettorale":"2090430230","op_id":"4570","minint_finloc":"3090430230","prov_name":"Lucca","prov_istat_code":"046","prov_istat_code_num":46,"prov_acr":"LU","reg_name":"Toscana","reg_istat_code":"09","reg_istat_code_num":9,"opdm_id":"4468","com_catasto_code":"G582","com_istat_code":"046023","com_istat_code_num":46023,"_featureIdx":37,"_color":"#d0b239"}},{"type":"Feature","geometry":{"type":"Polygon","coordinates":[[[10.285953566423613,44.20137976395064],[10.309923691136904,44.20137976395064],[10.309923691136904,44.217340218504916],[10.285953566423613,44.217340218504916],[10.285953566423613,44.20137976395064]]]},"properties":{"name":"Piazza al Serchio","minint_elettorale":"2090430230","op_id":"4570","minint_finloc":"3090430230","prov_name":"Lucca","prov_istat_code":"046","prov_istat_code_num":46,"prov_acr":"LU","reg_name":"Toscana","reg_istat_code":"09","reg_istat_code_num":9,"opdm_id":"4468","com_catasto_code":"G582","com_istat_code":"046023","com_istat_code_num":46023,"_featureIdx":37,"_color":"#d0b239"}},{"type":"Feature","geometry":{"type":"Polygon","coordinates":[[[10.309923691136904,44.20137976395064],[10.333893815850194,44.20137976395064],[10.333893815850194,44.217340218504916],[10.309923691136904,44.217340218504916],[10.309923691136904,44.20137976395064]]]},"properties":{"name":"San Romano in Garfagnana","minint_finloc":"3090430270","op_id":"4574","minint_elettorale":"2090430270","prov_name":"Lucca","prov_istat_code":"046","prov_istat_code_num":46,"prov_acr":"LU","reg_name":"Toscana","reg_istat_code":"09","reg_istat_code_num":9,"opdm_id":"4472","com_catasto_code":"I142","com_istat_code":"046027","com_istat_code_num":46027,"_featureIdx":41,"_color":"#393ed0"}},{"type":"Feature","geometry":{"type":"Polygon","coordinates":[[[10.333893815850194,44.20137976395064],[10.357863940563485,44.20137976395064],[10.357863940563485,44.217340218504916],[10.333893815850194,44.217340218504916],[10.333893815850194,44.20137976395064]]]},"properties":{"name":"San Romano in Garfagnana","minint_finloc":"3090430270","op_id":"4574","minint_elettorale":"2090430270","prov_name":"Lucca","prov_istat_code":"046","prov_istat_code_num":46,"prov_acr":"LU","reg_name":"Toscana","reg_istat_code":"09","reg_istat_code_num":9,"opdm_id":"4472","com_catasto_code":"I142","com_istat_code":"046027","com_istat_code_num":46027,"_featureIdx":41,"_color":"#393ed0"}},{"type":"Feature","geometry":{"type":"Polygon","coordinates":[[[10.357863940563485,44.20137976395064],[10.381834065276776,44.20137976395064],[10.381834065276776,44.217340218504916],[10.357863940563485,44.217340218504916],[10.357863940563485,44.20137976395064]]]},"properties":{"name":"Villa Collemandina","minint_finloc":"3090430350","minint_elettorale":"2090430350","op_id":"4582","prov_name":"Lucca","prov_istat_code":"046","prov_istat_code_num":46,"prov_acr":"LU","reg_name":"Toscana","reg_istat_code":"09","reg_istat_code_num":9,"opdm_id":"4478","com_catasto_code":"L926","com_istat_code":"046035","com_istat_code_num":46035,"_featureIdx":47,"_color":"#d03964"}},{"type":"Feature","geometry":{"type":"Polygon","coordinates":[[[10.381834065276776,44.20137976395064],[10.405804189990066,44.20137976395064],[10.405804189990066,44.217340218504916],[10.381834065276776,44.217340218504916],[10.381834065276776,44.20137976395064]]]},"properties":{"name":"Villa Collemandina","minint_finloc":"3090430350","minint_elettorale":"2090430350","op_id":"4582","prov_name":"Lucca","prov_istat_code":"046","prov_istat_code_num":46,"prov_acr":"LU","reg_name":"Toscana","reg_istat_code":"09","reg_istat_code_num":9,"opdm_id":"4478","com_catasto_code":"L926","com_istat_code":"046035","com_istat_code_num":46035,"_featureIdx":47,"_color":"#d03964"}},{"type":"Feature","geometry":{"type":"Polygon","coordinates":[[[10.405804189990064,44.20137976395064],[10.429774314703355,44.20137976395064],[10.429774314703355,44.217340218504916],[10.405804189990064,44.217340218504916],[10.405804189990064,44.20137976395064]]]},"properties":{"name":"Villa Collemandina","minint_finloc":"3090430350","minint_elettorale":"2090430350","op_id":"4582","prov_name":"Lucca","prov_istat_code":"046","prov_istat_code_num":46,"prov_acr":"LU","reg_name":"Toscana","reg_istat_code":"09","reg_istat_code_num":9,"opdm_id":"4478","com_catasto_code":"L926","com_istat_code":"046035","com_istat_code_num":46035,"_featureIdx":47,"_color":"#d03964"}},{"type":"Feature","geometry":{"type":"Polygon","coordinates":[[[10.429774314703355,44.20137976395064],[10.453744439416646,44.20137976395064],[10.453744439416646,44.217340218504916],[10.429774314703355,44.217340218504916],[10.429774314703355,44.20137976395064]]]},"properties":{"name":"Castiglione di Garfagnana","minint_finloc":"3090430100","minint_elettorale":"2090430100","op_id":"4557","prov_name":"Lucca","prov_istat_code":"046","prov_istat_code_num":46,"prov_acr":"LU","reg_name":"Toscana","reg_istat_code":"09","reg_istat_code_num":9,"opdm_id":"4457","com_catasto_code":"C303","com_istat_code":"046010","com_istat_code_num":46010,"_featureIdx":26,"_color":"#d03977"}},{"type":"Feature","geometry":{"type":"Polygon","coordinates":[[[10.453744439416646,44.20137976395064],[10.477714564129936,44.20137976395064],[10.477714564129936,44.217340218504916],[10.453744439416646,44.217340218504916],[10.453744439416646,44.20137976395064]]]},"properties":{"name":"Castiglione di Garfagnana","minint_finloc":"3090430100","minint_elettorale":"2090430100","op_id":"4557","prov_name":"Lucca","prov_istat_code":"046","prov_istat_code_num":46,"prov_acr":"LU","reg_name":"Toscana","reg_istat_code":"09","reg_istat_code_num":9,"opdm_id":"4457","com_catasto_code":"C303","com_istat_code":"046010","com_istat_code_num":46010,"_featureIdx":26,"_color":"#d03977"}},{"type":"Feature","geometry":{"type":"Polygon","coordinates":[[[9.878461446297678,44.21734021850491],[9.902431571010968,44.21734021850491],[9.902431571010968,44.23330067305918],[9.878461446297678,44.23330067305918],[9.878461446297678,44.21734021850491]]]},"properties":{"name":"Tresana","minint_finloc":"3090460150","op_id":"4545","minint_elettorale":"2090460150","prov_name":"Massa-Carrara","prov_istat_code":"045","prov_istat_code_num":45,"prov_acr":"MS","reg_name":"Toscana","reg_istat_code":"09","reg_istat_code_num":9,"opdm_id":"4445","com_catasto_code":"L386","com_istat_code":"045015","com_istat_code_num":45015,"_featureIdx":14,"_color":"#39d046"}},{"type":"Feature","geometry":{"type":"Polygon","coordinates":[[[9.902431571010968,44.21734021850491],[9.926401695724259,44.21734021850491],[9.926401695724259,44.23330067305918],[9.902431571010968,44.23330067305918],[9.902431571010968,44.21734021850491]]]},"properties":{"name":"Tresana","minint_finloc":"3090460150","op_id":"4545","minint_elettorale":"2090460150","prov_name":"Massa-Carrara","prov_istat_code":"045","prov_istat_code_num":45,"prov_acr":"MS","reg_name":"Toscana","reg_istat_code":"09","reg_istat_code_num":9,"opdm_id":"4445","com_catasto_code":"L386","com_istat_code":"045015","com_istat_code_num":45015,"_featureIdx":14,"_color":"#39d046"}},{"type":"Feature","geometry":{"type":"Polygon","coordinates":[[[9.926401695724259,44.21734021850491],[9.95037182043755,44.21734021850491],[9.95037182043755,44.23330067305918],[9.926401695724259,44.23330067305918],[9.926401695724259,44.21734021850491]]]},"properties":{"name":"Podenzana","minint_finloc":"3090460130","op_id":"4543","minint_elettorale":"2090460130","prov_name":"Massa-Carrara","prov_istat_code":"045","prov_istat_code_num":45,"prov_acr":"MS","reg_name":"Toscana","reg_istat_code":"09","reg_istat_code_num":9,"opdm_id":"4443","com_catasto_code":"G746","com_istat_code":"045013","com_istat_code_num":45013,"_featureIdx":12,"_color":"#3984d0"}},{"type":"Feature","geometry":{"type":"Polygon","coordinates":[[[9.95037182043755,44.21734021850491],[9.97434194515084,44.21734021850491],[9.97434194515084,44.23330067305918],[9.95037182043755,44.23330067305918],[9.95037182043755,44.21734021850491]]]},"properties":{"name":"Licciana Nardi","minint_elettorale":"2090460090","minint_finloc":"3090460090","op_id":"4539","prov_name":"Massa-Carrara","prov_istat_code":"045","prov_istat_code_num":45,"prov_acr":"MS","reg_name":"Toscana","reg_istat_code":"09","reg_istat_code_num":9,"opdm_id":"4439","com_catasto_code":"E574","com_istat_code":"045009","com_istat_code_num":45009,"_featureIdx":8,"_color":"#d06b39"}},{"type":"Feature","geometry":{"type":"Polygon","coordinates":[[[9.97434194515084,44.21734021850491],[9.99831206986413,44.21734021850491],[9.99831206986413,44.23330067305918],[9.97434194515084,44.23330067305918],[9.97434194515084,44.21734021850491]]]},"properties":{"name":"Aulla","op_id":"4531","minint_elettorale":"2090460010","minint_finloc":"3090460010","prov_name":"Massa-Carrara","prov_istat_code":"045","prov_istat_code_num":45,"prov_acr":"MS","reg_name":"Toscana","reg_istat_code":"09","reg_istat_code_num":9,"opdm_id":"4431","com_catasto_code":"A496","com_istat_code":"045001","com_istat_code_num":45001,"_featureIdx":0,"_color":"#d03939"}},{"type":"Feature","geometry":{"type":"Polygon","coordinates":[[[9.99831206986413,44.21734021850491],[10.022282194577421,44.21734021850491],[10.022282194577421,44.23330067305918],[9.99831206986413,44.23330067305918],[9.99831206986413,44.21734021850491]]]},"properties":{"name":"Aulla","op_id":"4531","minint_elettorale":"2090460010","minint_finloc":"3090460010","prov_name":"Massa-Carrara","prov_istat_code":"045","prov_istat_code_num":45,"prov_acr":"MS","reg_name":"Toscana","reg_istat_code":"09","reg_istat_code_num":9,"opdm_id":"4431","com_catasto_code":"A496","com_istat_code":"045001","com_istat_code_num":45001,"_featureIdx":0,"_color":"#d03939"}},{"type":"Feature","geometry":{"type":"Polygon","coordinates":[[[10.02228219457742,44.21734021850491],[10.04625231929071,44.21734021850491],[10.04625231929071,44.23330067305918],[10.02228219457742,44.23330067305918],[10.02228219457742,44.21734021850491]]]},"properties":{"name":"Aulla","op_id":"4531","minint_elettorale":"2090460010","minint_finloc":"3090460010","prov_name":"Massa-Carrara","prov_istat_code":"045","prov_istat_code_num":45,"prov_acr":"MS","reg_name":"Toscana","reg_istat_code":"09","reg_istat_code_num":9,"opdm_id":"4431","com_catasto_code":"A496","com_istat_code":"045001","com_istat_code_num":45001,"_featureIdx":0,"_color":"#d03939"}},{"type":"Feature","geometry":{"type":"Polygon","coordinates":[[[10.04625231929071,44.21734021850491],[10.070222444004001,44.21734021850491],[10.070222444004001,44.23330067305918],[10.04625231929071,44.23330067305918],[10.04625231929071,44.21734021850491]]]},"properties":{"name":"Aulla","op_id":"4531","minint_elettorale":"2090460010","minint_finloc":"3090460010","prov_name":"Massa-Carrara","prov_istat_code":"045","prov_istat_code_num":45,"prov_acr":"MS","reg_name":"Toscana","reg_istat_code":"09","reg_istat_code_num":9,"opdm_id":"4431","com_catasto_code":"A496","com_istat_code":"045001","com_istat_code_num":45001,"_featureIdx":0,"_color":"#d03939"}},{"type":"Feature","geometry":{"type":"Polygon","coordinates":[[[10.070222444004001,44.21734021850491],[10.094192568717292,44.21734021850491],[10.094192568717292,44.23330067305918],[10.070222444004001,44.23330067305918],[10.070222444004001,44.21734021850491]]]},"properties":{"name":"Fivizzano","op_id":"4537","minint_elettorale":"2090460070","minint_finloc":"3090460070","prov_name":"Massa-Carrara","prov_istat_code":"045","prov_istat_code_num":45,"prov_acr":"MS","reg_name":"Toscana","reg_istat_code":"09","reg_istat_code_num":9,"opdm_id":"4437","com_catasto_code":"D629","com_istat_code":"045007","com_istat_code_num":45007,"_featureIdx":6,"_color":"#5fd039"}},{"type":"Feature","geometry":{"type":"Polygon","coordinates":[[[10.094192568717292,44.21734021850491],[10.118162693430582,44.21734021850491],[10.118162693430582,44.23330067305918],[10.094192568717292,44.23330067305918],[10.094192568717292,44.21734021850491]]]},"properties":{"name":"Fivizzano","op_id":"4537","minint_elettorale":"2090460070","minint_finloc":"3090460070","prov_name":"Massa-Carrara","prov_istat_code":"045","prov_istat_code_num":45,"prov_acr":"MS","reg_name":"Toscana","reg_istat_code":"09","reg_istat_code_num":9,"opdm_id":"4437","com_catasto_code":"D629","com_istat_code":"045007","com_istat_code_num":45007,"_featureIdx":6,"_color":"#5fd039"}},{"type":"Feature","geometry":{"type":"Polygon","coordinates":[[[10.118162693430582,44.21734021850491],[10.142132818143873,44.21734021850491],[10.142132818143873,44.23330067305918],[10.118162693430582,44.23330067305918],[10.118162693430582,44.21734021850491]]]},"properties":{"name":"Fivizzano","op_id":"4537","minint_elettorale":"2090460070","minint_finloc":"3090460070","prov_name":"Massa-Carrara","prov_istat_code":"045","prov_istat_code_num":45,"prov_acr":"MS","reg_name":"Toscana","reg_istat_code":"09","reg_istat_code_num":9,"opdm_id":"4437","com_catasto_code":"D629","com_istat_code":"045007","com_istat_code_num":45007,"_featureIdx":6,"_color":"#5fd039"}},{"type":"Feature","geometry":{"type":"Polygon","coordinates":[[[10.142132818143871,44.21734021850491],[10.166102942857162,44.21734021850491],[10.166102942857162,44.23330067305918],[10.142132818143871,44.23330067305918],[10.142132818143871,44.21734021850491]]]},"properties":{"name":"Casola in Lunigiana","op_id":"4534","minint_elettorale":"2090460040","minint_finloc":"3090460040","prov_name":"Massa-Carrara","prov_istat_code":"045","prov_istat_code_num":45,"prov_acr":"MS","reg_name":"Toscana","reg_istat_code":"09","reg_istat_code_num":9,"opdm_id":"4434","com_catasto_code":"B979","com_istat_code":"045004","com_istat_code_num":45004,"_featureIdx":3,"_color":"#d0be39"}},{"type":"Feature","geometry":{"type":"Polygon","coordinates":[[[10.166102942857162,44.21734021850491],[10.190073067570452,44.21734021850491],[10.190073067570452,44.23330067305918],[10.166102942857162,44.23330067305918],[10.166102942857162,44.21734021850491]]]},"properties":{"name":"Casola in Lunigiana","op_id":"4534","minint_elettorale":"2090460040","minint_finloc":"3090460040","prov_name":"Massa-Carrara","prov_istat_code":"045","prov_istat_code_num":45,"prov_acr":"MS","reg_name":"Toscana","reg_istat_code":"09","reg_istat_code_num":9,"opdm_id":"4434","com_catasto_code":"B979","com_istat_code":"045004","com_istat_code_num":45004,"_featureIdx":3,"_color":"#d0be39"}},{"type":"Feature","geometry":{"type":"Polygon","coordinates":[[[10.190073067570452,44.21734021850491],[10.214043192283743,44.21734021850491],[10.214043192283743,44.23330067305918],[10.190073067570452,44.23330067305918],[10.190073067570452,44.21734021850491]]]},"properties":{"name":"Casola in Lunigiana","op_id":"4534","minint_elettorale":"2090460040","minint_finloc":"3090460040","prov_name":"Massa-Carrara","prov_istat_code":"045","prov_istat_code_num":45,"prov_acr":"MS","reg_name":"Toscana","reg_istat_code":"09","reg_istat_code_num":9,"opdm_id":"4434","com_catasto_code":"B979","com_istat_code":"045004","com_istat_code_num":45004,"_featureIdx":3,"_color":"#d0be39"}},{"type":"Feature","geometry":{"type":"Polygon","coordinates":[[[10.214043192283743,44.21734021850491],[10.238013316997034,44.21734021850491],[10.238013316997034,44.23330067305918],[10.214043192283743,44.23330067305918],[10.214043192283743,44.21734021850491]]]},"properties":{"name":"Minucciano","minint_finloc":"3090430190","op_id":"4566","minint_elettorale":"2090430190","prov_name":"Lucca","prov_istat_code":"046","prov_istat_code_num":46,"prov_acr":"LU","reg_name":"Toscana","reg_istat_code":"09","reg_istat_code_num":9,"opdm_id":"4464","com_catasto_code":"F225","com_istat_code":"046019","com_istat_code_num":46019,"_featureIdx":33,"_color":"#3971d0"}},{"type":"Feature","geometry":{"type":"Polygon","coordinates":[[[10.238013316997034,44.21734021850491],[10.261983441710324,44.21734021850491],[10.261983441710324,44.23330067305918],[10.238013316997034,44.23330067305918],[10.238013316997034,44.21734021850491]]]},"properties":{"name":"Sillano Giuncugnano","op_id":"8303","minint_elettorale":"2090430291","minint_finloc":"3090430291","prov_name":"Lucca","prov_istat_code":"046","prov_istat_code_num":46,"prov_acr":"LU","reg_name":"Toscana","reg_istat_code":"09","reg_istat_code_num":9,"opdm_id":"4480","com_catasto_code":"M347","com_istat_code":"046037","com_istat_code_num":46037,"_featureIdx":49,"_color":"#6639d0"}},{"type":"Feature","geometry":{"type":"Polygon","coordinates":[[[10.261983441710324,44.21734021850491],[10.285953566423615,44.21734021850491],[10.285953566423615,44.23330067305918],[10.261983441710324,44.23330067305918],[10.261983441710324,44.21734021850491]]]},"properties":{"name":"Sillano Giuncugnano","op_id":"8303","minint_elettorale":"2090430291","minint_finloc":"3090430291","prov_name":"Lucca","prov_istat_code":"046","prov_istat_code_num":46,"prov_acr":"LU","reg_name":"Toscana","reg_istat_code":"09","reg_istat_code_num":9,"opdm_id":"4480","com_catasto_code":"M347","com_istat_code":"046037","com_istat_code_num":46037,"_featureIdx":49,"_color":"#6639d0"}},{"type":"Feature","geometry":{"type":"Polygon","coordinates":[[[10.285953566423613,44.21734021850491],[10.309923691136904,44.21734021850491],[10.309923691136904,44.23330067305918],[10.285953566423613,44.23330067305918],[10.285953566423613,44.21734021850491]]]},"properties":{"name":"Sillano Giuncugnano","op_id":"8303","minint_elettorale":"2090430291","minint_finloc":"3090430291","prov_name":"Lucca","prov_istat_code":"046","prov_istat_code_num":46,"prov_acr":"LU","reg_name":"Toscana","reg_istat_code":"09","reg_istat_code_num":9,"opdm_id":"4480","com_catasto_code":"M347","com_istat_code":"046037","com_istat_code_num":46037,"_featureIdx":49,"_color":"#6639d0"}},{"type":"Feature","geometry":{"type":"Polygon","coordinates":[[[10.309923691136904,44.21734021850491],[10.333893815850194,44.21734021850491],[10.333893815850194,44.23330067305918],[10.309923691136904,44.23330067305918],[10.309923691136904,44.21734021850491]]]},"properties":{"name":"Piazza al Serchio","minint_elettorale":"2090430230","op_id":"4570","minint_finloc":"3090430230","prov_name":"Lucca","prov_istat_code":"046","prov_istat_code_num":46,"prov_acr":"LU","reg_name":"Toscana","reg_istat_code":"09","reg_istat_code_num":9,"opdm_id":"4468","com_catasto_code":"G582","com_istat_code":"046023","com_istat_code_num":46023,"_featureIdx":37,"_color":"#d0b239"}},{"type":"Feature","geometry":{"type":"Polygon","coordinates":[[[10.333893815850194,44.21734021850491],[10.357863940563485,44.21734021850491],[10.357863940563485,44.23330067305918],[10.333893815850194,44.23330067305918],[10.333893815850194,44.21734021850491]]]},"properties":{"name":"Sillano Giuncugnano","op_id":"8303","minint_elettorale":"2090430291","minint_finloc":"3090430291","prov_name":"Lucca","prov_istat_code":"046","prov_istat_code_num":46,"prov_acr":"LU","reg_name":"Toscana","reg_istat_code":"09","reg_istat_code_num":9,"opdm_id":"4480","com_catasto_code":"M347","com_istat_code":"046037","com_istat_code_num":46037,"_featureIdx":49,"_color":"#6639d0"}},{"type":"Feature","geometry":{"type":"Polygon","coordinates":[[[10.357863940563485,44.21734021850491],[10.381834065276776,44.21734021850491],[10.381834065276776,44.23330067305918],[10.357863940563485,44.23330067305918],[10.357863940563485,44.21734021850491]]]},"properties":{"name":"Sillano Giuncugnano","op_id":"8303","minint_elettorale":"2090430291","minint_finloc":"3090430291","prov_name":"Lucca","prov_istat_code":"046","prov_istat_code_num":46,"prov_acr":"LU","reg_name":"Toscana","reg_istat_code":"09","reg_istat_code_num":9,"opdm_id":"4480","com_catasto_code":"M347","com_istat_code":"046037","com_istat_code_num":46037,"_featureIdx":49,"_color":"#6639d0"}},{"type":"Feature","geometry":{"type":"Polygon","coordinates":[[[10.381834065276776,44.21734021850491],[10.405804189990066,44.21734021850491],[10.405804189990066,44.23330067305918],[10.381834065276776,44.23330067305918],[10.381834065276776,44.21734021850491]]]},"properties":{"name":"San Romano in Garfagnana","minint_finloc":"3090430270","op_id":"4574","minint_elettorale":"2090430270","prov_name":"Lucca","prov_istat_code":"046","prov_istat_code_num":46,"prov_acr":"LU","reg_name":"Toscana","reg_istat_code":"09","reg_istat_code_num":9,"opdm_id":"4472","com_catasto_code":"I142","com_istat_code":"046027","com_istat_code_num":46027,"_featureIdx":41,"_color":"#393ed0"}},{"type":"Feature","geometry":{"type":"Polygon","coordinates":[[[10.405804189990064,44.21734021850491],[10.429774314703355,44.21734021850491],[10.429774314703355,44.23330067305918],[10.405804189990064,44.23330067305918],[10.405804189990064,44.21734021850491]]]},"properties":{"name":"Villa Collemandina","minint_finloc":"3090430350","minint_elettorale":"2090430350","op_id":"4582","prov_name":"Lucca","prov_istat_code":"046","prov_istat_code_num":46,"prov_acr":"LU","reg_name":"Toscana","reg_istat_code":"09","reg_istat_code_num":9,"opdm_id":"4478","com_catasto_code":"L926","com_istat_code":"046035","com_istat_code_num":46035,"_featureIdx":47,"_color":"#d03964"}},{"type":"Feature","geometry":{"type":"Polygon","coordinates":[[[10.429774314703355,44.21734021850491],[10.453744439416646,44.21734021850491],[10.453744439416646,44.23330067305918],[10.429774314703355,44.23330067305918],[10.429774314703355,44.21734021850491]]]},"properties":{"name":"Castiglione di Garfagnana","minint_finloc":"3090430100","minint_elettorale":"2090430100","op_id":"4557","prov_name":"Lucca","prov_istat_code":"046","prov_istat_code_num":46,"prov_acr":"LU","reg_name":"Toscana","reg_istat_code":"09","reg_istat_code_num":9,"opdm_id":"4457","com_catasto_code":"C303","com_istat_code":"046010","com_istat_code_num":46010,"_featureIdx":26,"_color":"#d03977"}},{"type":"Feature","geometry":{"type":"Polygon","coordinates":[[[10.453744439416646,44.21734021850491],[10.477714564129936,44.21734021850491],[10.477714564129936,44.23330067305918],[10.453744439416646,44.23330067305918],[10.453744439416646,44.21734021850491]]]},"properties":{"name":"Castiglione di Garfagnana","minint_finloc":"3090430100","minint_elettorale":"2090430100","op_id":"4557","prov_name":"Lucca","prov_istat_code":"046","prov_istat_code_num":46,"prov_acr":"LU","reg_name":"Toscana","reg_istat_code":"09","reg_istat_code_num":9,"opdm_id":"4457","com_catasto_code":"C303","com_istat_code":"046010","com_istat_code_num":46010,"_featureIdx":26,"_color":"#d03977"}},{"type":"Feature","geometry":{"type":"Polygon","coordinates":[[[9.854491321584389,44.23330067305918],[9.87846144629768,44.23330067305918],[9.87846144629768,44.24926112761346],[9.854491321584389,44.24926112761346],[9.854491321584389,44.23330067305918]]]},"properties":{"name":"Tresana","minint_finloc":"3090460150","op_id":"4545","minint_elettorale":"2090460150","prov_name":"Massa-Carrara","prov_istat_code":"045","prov_istat_code_num":45,"prov_acr":"MS","reg_name":"Toscana","reg_istat_code":"09","reg_istat_code_num":9,"opdm_id":"4445","com_catasto_code":"L386","com_istat_code":"045015","com_istat_code_num":45015,"_featureIdx":14,"_color":"#39d046"}},{"type":"Feature","geometry":{"type":"Polygon","coordinates":[[[9.878461446297678,44.23330067305918],[9.902431571010968,44.23330067305918],[9.902431571010968,44.24926112761346],[9.878461446297678,44.24926112761346],[9.878461446297678,44.23330067305918]]]},"properties":{"name":"Tresana","minint_finloc":"3090460150","op_id":"4545","minint_elettorale":"2090460150","prov_name":"Massa-Carrara","prov_istat_code":"045","prov_istat_code_num":45,"prov_acr":"MS","reg_name":"Toscana","reg_istat_code":"09","reg_istat_code_num":9,"opdm_id":"4445","com_catasto_code":"L386","com_istat_code":"045015","com_istat_code_num":45015,"_featureIdx":14,"_color":"#39d046"}},{"type":"Feature","geometry":{"type":"Polygon","coordinates":[[[9.902431571010968,44.23330067305918],[9.926401695724259,44.23330067305918],[9.926401695724259,44.24926112761346],[9.902431571010968,44.24926112761346],[9.902431571010968,44.23330067305918]]]},"properties":{"name":"Tresana","minint_finloc":"3090460150","op_id":"4545","minint_elettorale":"2090460150","prov_name":"Massa-Carrara","prov_istat_code":"045","prov_istat_code_num":45,"prov_acr":"MS","reg_name":"Toscana","reg_istat_code":"09","reg_istat_code_num":9,"opdm_id":"4445","com_catasto_code":"L386","com_istat_code":"045015","com_istat_code_num":45015,"_featureIdx":14,"_color":"#39d046"}},{"type":"Feature","geometry":{"type":"Polygon","coordinates":[[[9.926401695724259,44.23330067305918],[9.95037182043755,44.23330067305918],[9.95037182043755,44.24926112761346],[9.926401695724259,44.24926112761346],[9.926401695724259,44.23330067305918]]]},"properties":{"name":"Tresana","minint_finloc":"3090460150","op_id":"4545","minint_elettorale":"2090460150","prov_name":"Massa-Carrara","prov_istat_code":"045","prov_istat_code_num":45,"prov_acr":"MS","reg_name":"Toscana","reg_istat_code":"09","reg_istat_code_num":9,"opdm_id":"4445","com_catasto_code":"L386","com_istat_code":"045015","com_istat_code_num":45015,"_featureIdx":14,"_color":"#39d046"}},{"type":"Feature","geometry":{"type":"Polygon","coordinates":[[[9.95037182043755,44.23330067305918],[9.97434194515084,44.23330067305918],[9.97434194515084,44.24926112761346],[9.95037182043755,44.24926112761346],[9.95037182043755,44.23330067305918]]]},"properties":{"name":"Licciana Nardi","minint_elettorale":"2090460090","minint_finloc":"3090460090","op_id":"4539","prov_name":"Massa-Carrara","prov_istat_code":"045","prov_istat_code_num":45,"prov_acr":"MS","reg_name":"Toscana","reg_istat_code":"09","reg_istat_code_num":9,"opdm_id":"4439","com_catasto_code":"E574","com_istat_code":"045009","com_istat_code_num":45009,"_featureIdx":8,"_color":"#d06b39"}},{"type":"Feature","geometry":{"type":"Polygon","coordinates":[[[9.97434194515084,44.23330067305918],[9.99831206986413,44.23330067305918],[9.99831206986413,44.24926112761346],[9.97434194515084,44.24926112761346],[9.97434194515084,44.23330067305918]]]},"properties":{"name":"Licciana Nardi","minint_elettorale":"2090460090","minint_finloc":"3090460090","op_id":"4539","prov_name":"Massa-Carrara","prov_istat_code":"045","prov_istat_code_num":45,"prov_acr":"MS","reg_name":"Toscana","reg_istat_code":"09","reg_istat_code_num":9,"opdm_id":"4439","com_catasto_code":"E574","com_istat_code":"045009","com_istat_code_num":45009,"_featureIdx":8,"_color":"#d06b39"}},{"type":"Feature","geometry":{"type":"Polygon","coordinates":[[[9.99831206986413,44.23330067305918],[10.022282194577421,44.23330067305918],[10.022282194577421,44.24926112761346],[9.99831206986413,44.24926112761346],[9.99831206986413,44.23330067305918]]]},"properties":{"name":"Aulla","op_id":"4531","minint_elettorale":"2090460010","minint_finloc":"3090460010","prov_name":"Massa-Carrara","prov_istat_code":"045","prov_istat_code_num":45,"prov_acr":"MS","reg_name":"Toscana","reg_istat_code":"09","reg_istat_code_num":9,"opdm_id":"4431","com_catasto_code":"A496","com_istat_code":"045001","com_istat_code_num":45001,"_featureIdx":0,"_color":"#d03939"}},{"type":"Feature","geometry":{"type":"Polygon","coordinates":[[[10.02228219457742,44.23330067305918],[10.04625231929071,44.23330067305918],[10.04625231929071,44.24926112761346],[10.02228219457742,44.24926112761346],[10.02228219457742,44.23330067305918]]]},"properties":{"name":"Aulla","op_id":"4531","minint_elettorale":"2090460010","minint_finloc":"3090460010","prov_name":"Massa-Carrara","prov_istat_code":"045","prov_istat_code_num":45,"prov_acr":"MS","reg_name":"Toscana","reg_istat_code":"09","reg_istat_code_num":9,"opdm_id":"4431","com_catasto_code":"A496","com_istat_code":"045001","com_istat_code_num":45001,"_featureIdx":0,"_color":"#d03939"}},{"type":"Feature","geometry":{"type":"Polygon","coordinates":[[[10.04625231929071,44.23330067305918],[10.070222444004001,44.23330067305918],[10.070222444004001,44.24926112761346],[10.04625231929071,44.24926112761346],[10.04625231929071,44.23330067305918]]]},"properties":{"name":"Aulla","op_id":"4531","minint_elettorale":"2090460010","minint_finloc":"3090460010","prov_name":"Massa-Carrara","prov_istat_code":"045","prov_istat_code_num":45,"prov_acr":"MS","reg_name":"Toscana","reg_istat_code":"09","reg_istat_code_num":9,"opdm_id":"4431","com_catasto_code":"A496","com_istat_code":"045001","com_istat_code_num":45001,"_featureIdx":0,"_color":"#d03939"}},{"type":"Feature","geometry":{"type":"Polygon","coordinates":[[[10.070222444004001,44.23330067305918],[10.094192568717292,44.23330067305918],[10.094192568717292,44.24926112761346],[10.070222444004001,44.24926112761346],[10.070222444004001,44.23330067305918]]]},"properties":{"name":"Fivizzano","op_id":"4537","minint_elettorale":"2090460070","minint_finloc":"3090460070","prov_name":"Massa-Carrara","prov_istat_code":"045","prov_istat_code_num":45,"prov_acr":"MS","reg_name":"Toscana","reg_istat_code":"09","reg_istat_code_num":9,"opdm_id":"4437","com_catasto_code":"D629","com_istat_code":"045007","com_istat_code_num":45007,"_featureIdx":6,"_color":"#5fd039"}},{"type":"Feature","geometry":{"type":"Polygon","coordinates":[[[10.094192568717292,44.23330067305918],[10.118162693430582,44.23330067305918],[10.118162693430582,44.24926112761346],[10.094192568717292,44.24926112761346],[10.094192568717292,44.23330067305918]]]},"properties":{"name":"Fivizzano","op_id":"4537","minint_elettorale":"2090460070","minint_finloc":"3090460070","prov_name":"Massa-Carrara","prov_istat_code":"045","prov_istat_code_num":45,"prov_acr":"MS","reg_name":"Toscana","reg_istat_code":"09","reg_istat_code_num":9,"opdm_id":"4437","com_catasto_code":"D629","com_istat_code":"045007","com_istat_code_num":45007,"_featureIdx":6,"_color":"#5fd039"}},{"type":"Feature","geometry":{"type":"Polygon","coordinates":[[[10.118162693430582,44.23330067305918],[10.142132818143873,44.23330067305918],[10.142132818143873,44.24926112761346],[10.118162693430582,44.24926112761346],[10.118162693430582,44.23330067305918]]]},"properties":{"name":"Fivizzano","op_id":"4537","minint_elettorale":"2090460070","minint_finloc":"3090460070","prov_name":"Massa-Carrara","prov_istat_code":"045","prov_istat_code_num":45,"prov_acr":"MS","reg_name":"Toscana","reg_istat_code":"09","reg_istat_code_num":9,"opdm_id":"4437","com_catasto_code":"D629","com_istat_code":"045007","com_istat_code_num":45007,"_featureIdx":6,"_color":"#5fd039"}},{"type":"Feature","geometry":{"type":"Polygon","coordinates":[[[10.142132818143871,44.23330067305918],[10.166102942857162,44.23330067305918],[10.166102942857162,44.24926112761346],[10.142132818143871,44.24926112761346],[10.142132818143871,44.23330067305918]]]},"properties":{"name":"Fivizzano","op_id":"4537","minint_elettorale":"2090460070","minint_finloc":"3090460070","prov_name":"Massa-Carrara","prov_istat_code":"045","prov_istat_code_num":45,"prov_acr":"MS","reg_name":"Toscana","reg_istat_code":"09","reg_istat_code_num":9,"opdm_id":"4437","com_catasto_code":"D629","com_istat_code":"045007","com_istat_code_num":45007,"_featureIdx":6,"_color":"#5fd039"}},{"type":"Feature","geometry":{"type":"Polygon","coordinates":[[[10.166102942857162,44.23330067305918],[10.190073067570452,44.23330067305918],[10.190073067570452,44.24926112761346],[10.166102942857162,44.24926112761346],[10.166102942857162,44.23330067305918]]]},"properties":{"name":"Fivizzano","op_id":"4537","minint_elettorale":"2090460070","minint_finloc":"3090460070","prov_name":"Massa-Carrara","prov_istat_code":"045","prov_istat_code_num":45,"prov_acr":"MS","reg_name":"Toscana","reg_istat_code":"09","reg_istat_code_num":9,"opdm_id":"4437","com_catasto_code":"D629","com_istat_code":"045007","com_istat_code_num":45007,"_featureIdx":6,"_color":"#5fd039"}},{"type":"Feature","geometry":{"type":"Polygon","coordinates":[[[10.190073067570452,44.23330067305918],[10.214043192283743,44.23330067305918],[10.214043192283743,44.24926112761346],[10.190073067570452,44.24926112761346],[10.190073067570452,44.23330067305918]]]},"properties":{"name":"Fivizzano","op_id":"4537","minint_elettorale":"2090460070","minint_finloc":"3090460070","prov_name":"Massa-Carrara","prov_istat_code":"045","prov_istat_code_num":45,"prov_acr":"MS","reg_name":"Toscana","reg_istat_code":"09","reg_istat_code_num":9,"opdm_id":"4437","com_catasto_code":"D629","com_istat_code":"045007","com_istat_code_num":45007,"_featureIdx":6,"_color":"#5fd039"}},{"type":"Feature","geometry":{"type":"Polygon","coordinates":[[[10.214043192283743,44.23330067305918],[10.238013316997034,44.23330067305918],[10.238013316997034,44.24926112761346],[10.214043192283743,44.24926112761346],[10.214043192283743,44.23330067305918]]]},"properties":{"name":"Casola in Lunigiana","op_id":"4534","minint_elettorale":"2090460040","minint_finloc":"3090460040","prov_name":"Massa-Carrara","prov_istat_code":"045","prov_istat_code_num":45,"prov_acr":"MS","reg_name":"Toscana","reg_istat_code":"09","reg_istat_code_num":9,"opdm_id":"4434","com_catasto_code":"B979","com_istat_code":"045004","com_istat_code_num":45004,"_featureIdx":3,"_color":"#d0be39"}},{"type":"Feature","geometry":{"type":"Polygon","coordinates":[[[10.238013316997034,44.23330067305918],[10.261983441710324,44.23330067305918],[10.261983441710324,44.24926112761346],[10.238013316997034,44.24926112761346],[10.238013316997034,44.23330067305918]]]},"properties":{"name":"Sillano Giuncugnano","op_id":"8303","minint_elettorale":"2090430291","minint_finloc":"3090430291","prov_name":"Lucca","prov_istat_code":"046","prov_istat_code_num":46,"prov_acr":"LU","reg_name":"Toscana","reg_istat_code":"09","reg_istat_code_num":9,"opdm_id":"4480","com_catasto_code":"M347","com_istat_code":"046037","com_istat_code_num":46037,"_featureIdx":49,"_color":"#6639d0"}},{"type":"Feature","geometry":{"type":"Polygon","coordinates":[[[10.261983441710324,44.23330067305918],[10.285953566423615,44.23330067305918],[10.285953566423615,44.24926112761346],[10.261983441710324,44.24926112761346],[10.261983441710324,44.23330067305918]]]},"properties":{"name":"Sillano Giuncugnano","op_id":"8303","minint_elettorale":"2090430291","minint_finloc":"3090430291","prov_name":"Lucca","prov_istat_code":"046","prov_istat_code_num":46,"prov_acr":"LU","reg_name":"Toscana","reg_istat_code":"09","reg_istat_code_num":9,"opdm_id":"4480","com_catasto_code":"M347","com_istat_code":"046037","com_istat_code_num":46037,"_featureIdx":49,"_color":"#6639d0"}},{"type":"Feature","geometry":{"type":"Polygon","coordinates":[[[10.285953566423613,44.23330067305918],[10.309923691136904,44.23330067305918],[10.309923691136904,44.24926112761346],[10.285953566423613,44.24926112761346],[10.285953566423613,44.23330067305918]]]},"properties":{"name":"Sillano Giuncugnano","op_id":"8303","minint_elettorale":"2090430291","minint_finloc":"3090430291","prov_name":"Lucca","prov_istat_code":"046","prov_istat_code_num":46,"prov_acr":"LU","reg_name":"Toscana","reg_istat_code":"09","reg_istat_code_num":9,"opdm_id":"4480","com_catasto_code":"M347","com_istat_code":"046037","com_istat_code_num":46037,"_featureIdx":49,"_color":"#6639d0"}},{"type":"Feature","geometry":{"type":"Polygon","coordinates":[[[10.309923691136904,44.23330067305918],[10.333893815850194,44.23330067305918],[10.333893815850194,44.24926112761346],[10.309923691136904,44.24926112761346],[10.309923691136904,44.23330067305918]]]},"properties":{"name":"Sillano Giuncugnano","op_id":"8303","minint_elettorale":"2090430291","minint_finloc":"3090430291","prov_name":"Lucca","prov_istat_code":"046","prov_istat_code_num":46,"prov_acr":"LU","reg_name":"Toscana","reg_istat_code":"09","reg_istat_code_num":9,"opdm_id":"4480","com_catasto_code":"M347","com_istat_code":"046037","com_istat_code_num":46037,"_featureIdx":49,"_color":"#6639d0"}},{"type":"Feature","geometry":{"type":"Polygon","coordinates":[[[10.333893815850194,44.23330067305918],[10.357863940563485,44.23330067305918],[10.357863940563485,44.24926112761346],[10.333893815850194,44.24926112761346],[10.333893815850194,44.23330067305918]]]},"properties":{"name":"Sillano Giuncugnano","op_id":"8303","minint_elettorale":"2090430291","minint_finloc":"3090430291","prov_name":"Lucca","prov_istat_code":"046","prov_istat_code_num":46,"prov_acr":"LU","reg_name":"Toscana","reg_istat_code":"09","reg_istat_code_num":9,"opdm_id":"4480","com_catasto_code":"M347","com_istat_code":"046037","com_istat_code_num":46037,"_featureIdx":49,"_color":"#6639d0"}},{"type":"Feature","geometry":{"type":"Polygon","coordinates":[[[10.357863940563485,44.23330067305918],[10.381834065276776,44.23330067305918],[10.381834065276776,44.24926112761346],[10.357863940563485,44.24926112761346],[10.357863940563485,44.23330067305918]]]},"properties":{"name":"Sillano Giuncugnano","op_id":"8303","minint_elettorale":"2090430291","minint_finloc":"3090430291","prov_name":"Lucca","prov_istat_code":"046","prov_istat_code_num":46,"prov_acr":"LU","reg_name":"Toscana","reg_istat_code":"09","reg_istat_code_num":9,"opdm_id":"4480","com_catasto_code":"M347","com_istat_code":"046037","com_istat_code_num":46037,"_featureIdx":49,"_color":"#6639d0"}},{"type":"Feature","geometry":{"type":"Polygon","coordinates":[[[10.381834065276776,44.23330067305918],[10.405804189990066,44.23330067305918],[10.405804189990066,44.24926112761346],[10.381834065276776,44.24926112761346],[10.381834065276776,44.23330067305918]]]},"properties":{"name":"Sillano Giuncugnano","op_id":"8303","minint_elettorale":"2090430291","minint_finloc":"3090430291","prov_name":"Lucca","prov_istat_code":"046","prov_istat_code_num":46,"prov_acr":"LU","reg_name":"Toscana","reg_istat_code":"09","reg_istat_code_num":9,"opdm_id":"4480","com_catasto_code":"M347","com_istat_code":"046037","com_istat_code_num":46037,"_featureIdx":49,"_color":"#6639d0"}},{"type":"Feature","geometry":{"type":"Polygon","coordinates":[[[9.854491321584389,44.24926112761345],[9.87846144629768,44.24926112761345],[9.87846144629768,44.265221582167726],[9.854491321584389,44.265221582167726],[9.854491321584389,44.24926112761345]]]},"properties":{"name":"Tresana","minint_finloc":"3090460150","op_id":"4545","minint_elettorale":"2090460150","prov_name":"Massa-Carrara","prov_istat_code":"045","prov_istat_code_num":45,"prov_acr":"MS","reg_name":"Toscana","reg_istat_code":"09","reg_istat_code_num":9,"opdm_id":"4445","com_catasto_code":"L386","com_istat_code":"045015","com_istat_code_num":45015,"_featureIdx":14,"_color":"#39d046"}},{"type":"Feature","geometry":{"type":"Polygon","coordinates":[[[9.878461446297678,44.24926112761345],[9.902431571010968,44.24926112761345],[9.902431571010968,44.265221582167726],[9.878461446297678,44.265221582167726],[9.878461446297678,44.24926112761345]]]},"properties":{"name":"Tresana","minint_finloc":"3090460150","op_id":"4545","minint_elettorale":"2090460150","prov_name":"Massa-Carrara","prov_istat_code":"045","prov_istat_code_num":45,"prov_acr":"MS","reg_name":"Toscana","reg_istat_code":"09","reg_istat_code_num":9,"opdm_id":"4445","com_catasto_code":"L386","com_istat_code":"045015","com_istat_code_num":45015,"_featureIdx":14,"_color":"#39d046"}},{"type":"Feature","geometry":{"type":"Polygon","coordinates":[[[9.902431571010968,44.24926112761345],[9.926401695724259,44.24926112761345],[9.926401695724259,44.265221582167726],[9.902431571010968,44.265221582167726],[9.902431571010968,44.24926112761345]]]},"properties":{"name":"Tresana","minint_finloc":"3090460150","op_id":"4545","minint_elettorale":"2090460150","prov_name":"Massa-Carrara","prov_istat_code":"045","prov_istat_code_num":45,"prov_acr":"MS","reg_name":"Toscana","reg_istat_code":"09","reg_istat_code_num":9,"opdm_id":"4445","com_catasto_code":"L386","com_istat_code":"045015","com_istat_code_num":45015,"_featureIdx":14,"_color":"#39d046"}},{"type":"Feature","geometry":{"type":"Polygon","coordinates":[[[9.926401695724259,44.24926112761345],[9.95037182043755,44.24926112761345],[9.95037182043755,44.265221582167726],[9.926401695724259,44.265221582167726],[9.926401695724259,44.24926112761345]]]},"properties":{"name":"Tresana","minint_finloc":"3090460150","op_id":"4545","minint_elettorale":"2090460150","prov_name":"Massa-Carrara","prov_istat_code":"045","prov_istat_code_num":45,"prov_acr":"MS","reg_name":"Toscana","reg_istat_code":"09","reg_istat_code_num":9,"opdm_id":"4445","com_catasto_code":"L386","com_istat_code":"045015","com_istat_code_num":45015,"_featureIdx":14,"_color":"#39d046"}},{"type":"Feature","geometry":{"type":"Polygon","coordinates":[[[9.95037182043755,44.24926112761345],[9.97434194515084,44.24926112761345],[9.97434194515084,44.265221582167726],[9.95037182043755,44.265221582167726],[9.95037182043755,44.24926112761345]]]},"properties":{"name":"Villafranca in Lunigiana","minint_elettorale":"2090460160","minint_finloc":"3090460160","op_id":"4546","prov_name":"Massa-Carrara","prov_istat_code":"045","prov_istat_code_num":45,"prov_acr":"MS","reg_name":"Toscana","reg_istat_code":"09","reg_istat_code_num":9,"opdm_id":"4446","com_catasto_code":"L946","com_istat_code":"045016","com_istat_code_num":45016,"_featureIdx":15,"_color":"#7239d0"}},{"type":"Feature","geometry":{"type":"Polygon","coordinates":[[[9.97434194515084,44.24926112761345],[9.99831206986413,44.24926112761345],[9.99831206986413,44.265221582167726],[9.97434194515084,44.265221582167726],[9.97434194515084,44.24926112761345]]]},"properties":{"name":"Villafranca in Lunigiana","minint_elettorale":"2090460160","minint_finloc":"3090460160","op_id":"4546","prov_name":"Massa-Carrara","prov_istat_code":"045","prov_istat_code_num":45,"prov_acr":"MS","reg_name":"Toscana","reg_istat_code":"09","reg_istat_code_num":9,"opdm_id":"4446","com_catasto_code":"L946","com_istat_code":"045016","com_istat_code_num":45016,"_featureIdx":15,"_color":"#7239d0"}},{"type":"Feature","geometry":{"type":"Polygon","coordinates":[[[9.99831206986413,44.24926112761345],[10.022282194577421,44.24926112761345],[10.022282194577421,44.265221582167726],[9.99831206986413,44.265221582167726],[9.99831206986413,44.24926112761345]]]},"properties":{"name":"Licciana Nardi","minint_elettorale":"2090460090","minint_finloc":"3090460090","op_id":"4539","prov_name":"Massa-Carrara","prov_istat_code":"045","prov_istat_code_num":45,"prov_acr":"MS","reg_name":"Toscana","reg_istat_code":"09","reg_istat_code_num":9,"opdm_id":"4439","com_catasto_code":"E574","com_istat_code":"045009","com_istat_code_num":45009,"_featureIdx":8,"_color":"#d06b39"}},{"type":"Feature","geometry":{"type":"Polygon","coordinates":[[[10.02228219457742,44.24926112761345],[10.04625231929071,44.24926112761345],[10.04625231929071,44.265221582167726],[10.02228219457742,44.265221582167726],[10.02228219457742,44.24926112761345]]]},"properties":{"name":"Licciana Nardi","minint_elettorale":"2090460090","minint_finloc":"3090460090","op_id":"4539","prov_name":"Massa-Carrara","prov_istat_code":"045","prov_istat_code_num":45,"prov_acr":"MS","reg_name":"Toscana","reg_istat_code":"09","reg_istat_code_num":9,"opdm_id":"4439","com_catasto_code":"E574","com_istat_code":"045009","com_istat_code_num":45009,"_featureIdx":8,"_color":"#d06b39"}},{"type":"Feature","geometry":{"type":"Polygon","coordinates":[[[10.04625231929071,44.24926112761345],[10.070222444004001,44.24926112761345],[10.070222444004001,44.265221582167726],[10.04625231929071,44.265221582167726],[10.04625231929071,44.24926112761345]]]},"properties":{"name":"Licciana Nardi","minint_elettorale":"2090460090","minint_finloc":"3090460090","op_id":"4539","prov_name":"Massa-Carrara","prov_istat_code":"045","prov_istat_code_num":45,"prov_acr":"MS","reg_name":"Toscana","reg_istat_code":"09","reg_istat_code_num":9,"opdm_id":"4439","com_catasto_code":"E574","com_istat_code":"045009","com_istat_code_num":45009,"_featureIdx":8,"_color":"#d06b39"}},{"type":"Feature","geometry":{"type":"Polygon","coordinates":[[[10.070222444004001,44.24926112761345],[10.094192568717292,44.24926112761345],[10.094192568717292,44.265221582167726],[10.070222444004001,44.265221582167726],[10.070222444004001,44.24926112761345]]]},"properties":{"name":"Licciana Nardi","minint_elettorale":"2090460090","minint_finloc":"3090460090","op_id":"4539","prov_name":"Massa-Carrara","prov_istat_code":"045","prov_istat_code_num":45,"prov_acr":"MS","reg_name":"Toscana","reg_istat_code":"09","reg_istat_code_num":9,"opdm_id":"4439","com_catasto_code":"E574","com_istat_code":"045009","com_istat_code_num":45009,"_featureIdx":8,"_color":"#d06b39"}},{"type":"Feature","geometry":{"type":"Polygon","coordinates":[[[10.094192568717292,44.24926112761345],[10.118162693430582,44.24926112761345],[10.118162693430582,44.265221582167726],[10.094192568717292,44.265221582167726],[10.094192568717292,44.24926112761345]]]},"properties":{"name":"Fivizzano","op_id":"4537","minint_elettorale":"2090460070","minint_finloc":"3090460070","prov_name":"Massa-Carrara","prov_istat_code":"045","prov_istat_code_num":45,"prov_acr":"MS","reg_name":"Toscana","reg_istat_code":"09","reg_istat_code_num":9,"opdm_id":"4437","com_catasto_code":"D629","com_istat_code":"045007","com_istat_code_num":45007,"_featureIdx":6,"_color":"#5fd039"}},{"type":"Feature","geometry":{"type":"Polygon","coordinates":[[[10.118162693430582,44.24926112761345],[10.142132818143873,44.24926112761345],[10.142132818143873,44.265221582167726],[10.118162693430582,44.265221582167726],[10.118162693430582,44.24926112761345]]]},"properties":{"name":"Fivizzano","op_id":"4537","minint_elettorale":"2090460070","minint_finloc":"3090460070","prov_name":"Massa-Carrara","prov_istat_code":"045","prov_istat_code_num":45,"prov_acr":"MS","reg_name":"Toscana","reg_istat_code":"09","reg_istat_code_num":9,"opdm_id":"4437","com_catasto_code":"D629","com_istat_code":"045007","com_istat_code_num":45007,"_featureIdx":6,"_color":"#5fd039"}},{"type":"Feature","geometry":{"type":"Polygon","coordinates":[[[10.142132818143871,44.24926112761345],[10.166102942857162,44.24926112761345],[10.166102942857162,44.265221582167726],[10.142132818143871,44.265221582167726],[10.142132818143871,44.24926112761345]]]},"properties":{"name":"Fivizzano","op_id":"4537","minint_elettorale":"2090460070","minint_finloc":"3090460070","prov_name":"Massa-Carrara","prov_istat_code":"045","prov_istat_code_num":45,"prov_acr":"MS","reg_name":"Toscana","reg_istat_code":"09","reg_istat_code_num":9,"opdm_id":"4437","com_catasto_code":"D629","com_istat_code":"045007","com_istat_code_num":45007,"_featureIdx":6,"_color":"#5fd039"}},{"type":"Feature","geometry":{"type":"Polygon","coordinates":[[[10.166102942857162,44.24926112761345],[10.190073067570452,44.24926112761345],[10.190073067570452,44.265221582167726],[10.166102942857162,44.265221582167726],[10.166102942857162,44.24926112761345]]]},"properties":{"name":"Fivizzano","op_id":"4537","minint_elettorale":"2090460070","minint_finloc":"3090460070","prov_name":"Massa-Carrara","prov_istat_code":"045","prov_istat_code_num":45,"prov_acr":"MS","reg_name":"Toscana","reg_istat_code":"09","reg_istat_code_num":9,"opdm_id":"4437","com_catasto_code":"D629","com_istat_code":"045007","com_istat_code_num":45007,"_featureIdx":6,"_color":"#5fd039"}},{"type":"Feature","geometry":{"type":"Polygon","coordinates":[[[10.190073067570452,44.24926112761345],[10.214043192283743,44.24926112761345],[10.214043192283743,44.265221582167726],[10.190073067570452,44.265221582167726],[10.190073067570452,44.24926112761345]]]},"properties":{"name":"Fivizzano","op_id":"4537","minint_elettorale":"2090460070","minint_finloc":"3090460070","prov_name":"Massa-Carrara","prov_istat_code":"045","prov_istat_code_num":45,"prov_acr":"MS","reg_name":"Toscana","reg_istat_code":"09","reg_istat_code_num":9,"opdm_id":"4437","com_catasto_code":"D629","com_istat_code":"045007","com_istat_code_num":45007,"_featureIdx":6,"_color":"#5fd039"}},{"type":"Feature","geometry":{"type":"Polygon","coordinates":[[[10.214043192283743,44.24926112761345],[10.238013316997034,44.24926112761345],[10.238013316997034,44.265221582167726],[10.214043192283743,44.265221582167726],[10.214043192283743,44.24926112761345]]]},"properties":{"name":"Fivizzano","op_id":"4537","minint_elettorale":"2090460070","minint_finloc":"3090460070","prov_name":"Massa-Carrara","prov_istat_code":"045","prov_istat_code_num":45,"prov_acr":"MS","reg_name":"Toscana","reg_istat_code":"09","reg_istat_code_num":9,"opdm_id":"4437","com_catasto_code":"D629","com_istat_code":"045007","com_istat_code_num":45007,"_featureIdx":6,"_color":"#5fd039"}},{"type":"Feature","geometry":{"type":"Polygon","coordinates":[[[10.238013316997034,44.24926112761345],[10.261983441710324,44.24926112761345],[10.261983441710324,44.265221582167726],[10.238013316997034,44.265221582167726],[10.238013316997034,44.24926112761345]]]},"properties":{"name":"Fivizzano","op_id":"4537","minint_elettorale":"2090460070","minint_finloc":"3090460070","prov_name":"Massa-Carrara","prov_istat_code":"045","prov_istat_code_num":45,"prov_acr":"MS","reg_name":"Toscana","reg_istat_code":"09","reg_istat_code_num":9,"opdm_id":"4437","com_catasto_code":"D629","com_istat_code":"045007","com_istat_code_num":45007,"_featureIdx":6,"_color":"#5fd039"}},{"type":"Feature","geometry":{"type":"Polygon","coordinates":[[[10.261983441710324,44.24926112761345],[10.285953566423615,44.24926112761345],[10.285953566423615,44.265221582167726],[10.261983441710324,44.265221582167726],[10.261983441710324,44.24926112761345]]]},"properties":{"name":"Sillano Giuncugnano","op_id":"8303","minint_elettorale":"2090430291","minint_finloc":"3090430291","prov_name":"Lucca","prov_istat_code":"046","prov_istat_code_num":46,"prov_acr":"LU","reg_name":"Toscana","reg_istat_code":"09","reg_istat_code_num":9,"opdm_id":"4480","com_catasto_code":"M347","com_istat_code":"046037","com_istat_code_num":46037,"_featureIdx":49,"_color":"#6639d0"}},{"type":"Feature","geometry":{"type":"Polygon","coordinates":[[[10.285953566423613,44.24926112761345],[10.309923691136904,44.24926112761345],[10.309923691136904,44.265221582167726],[10.285953566423613,44.265221582167726],[10.285953566423613,44.24926112761345]]]},"properties":{"name":"Sillano Giuncugnano","op_id":"8303","minint_elettorale":"2090430291","minint_finloc":"3090430291","prov_name":"Lucca","prov_istat_code":"046","prov_istat_code_num":46,"prov_acr":"LU","reg_name":"Toscana","reg_istat_code":"09","reg_istat_code_num":9,"opdm_id":"4480","com_catasto_code":"M347","com_istat_code":"046037","com_istat_code_num":46037,"_featureIdx":49,"_color":"#6639d0"}},{"type":"Feature","geometry":{"type":"Polygon","coordinates":[[[10.309923691136904,44.24926112761345],[10.333893815850194,44.24926112761345],[10.333893815850194,44.265221582167726],[10.309923691136904,44.265221582167726],[10.309923691136904,44.24926112761345]]]},"properties":{"name":"Sillano Giuncugnano","op_id":"8303","minint_elettorale":"2090430291","minint_finloc":"3090430291","prov_name":"Lucca","prov_istat_code":"046","prov_istat_code_num":46,"prov_acr":"LU","reg_name":"Toscana","reg_istat_code":"09","reg_istat_code_num":9,"opdm_id":"4480","com_catasto_code":"M347","com_istat_code":"046037","com_istat_code_num":46037,"_featureIdx":49,"_color":"#6639d0"}},{"type":"Feature","geometry":{"type":"Polygon","coordinates":[[[10.333893815850194,44.24926112761345],[10.357863940563485,44.24926112761345],[10.357863940563485,44.265221582167726],[10.333893815850194,44.265221582167726],[10.333893815850194,44.24926112761345]]]},"properties":{"name":"Sillano Giuncugnano","op_id":"8303","minint_elettorale":"2090430291","minint_finloc":"3090430291","prov_name":"Lucca","prov_istat_code":"046","prov_istat_code_num":46,"prov_acr":"LU","reg_name":"Toscana","reg_istat_code":"09","reg_istat_code_num":9,"opdm_id":"4480","com_catasto_code":"M347","com_istat_code":"046037","com_istat_code_num":46037,"_featureIdx":49,"_color":"#6639d0"}},{"type":"Feature","geometry":{"type":"Polygon","coordinates":[[[10.357863940563485,44.24926112761345],[10.381834065276776,44.24926112761345],[10.381834065276776,44.265221582167726],[10.357863940563485,44.265221582167726],[10.357863940563485,44.24926112761345]]]},"properties":{"name":"Sillano Giuncugnano","op_id":"8303","minint_elettorale":"2090430291","minint_finloc":"3090430291","prov_name":"Lucca","prov_istat_code":"046","prov_istat_code_num":46,"prov_acr":"LU","reg_name":"Toscana","reg_istat_code":"09","reg_istat_code_num":9,"opdm_id":"4480","com_catasto_code":"M347","com_istat_code":"046037","com_istat_code_num":46037,"_featureIdx":49,"_color":"#6639d0"}},{"type":"Feature","geometry":{"type":"Polygon","coordinates":[[[9.830521196871098,44.265221582167726],[9.854491321584389,44.265221582167726],[9.854491321584389,44.281182036722],[9.830521196871098,44.281182036722],[9.830521196871098,44.265221582167726]]]},"properties":{"name":"Mulazzo","op_id":"4542","minint_finloc":"3090460120","minint_elettorale":"2090460120","prov_name":"Massa-Carrara","prov_istat_code":"045","prov_istat_code_num":45,"prov_acr":"MS","reg_name":"Toscana","reg_istat_code":"09","reg_istat_code_num":9,"opdm_id":"4442","com_catasto_code":"F802","com_istat_code":"045012","com_istat_code_num":45012,"_featureIdx":11,"_color":"#b1d039"}},{"type":"Feature","geometry":{"type":"Polygon","coordinates":[[[9.854491321584389,44.265221582167726],[9.87846144629768,44.265221582167726],[9.87846144629768,44.281182036722],[9.854491321584389,44.281182036722],[9.854491321584389,44.265221582167726]]]},"properties":{"name":"Tresana","minint_finloc":"3090460150","op_id":"4545","minint_elettorale":"2090460150","prov_name":"Massa-Carrara","prov_istat_code":"045","prov_istat_code_num":45,"prov_acr":"MS","reg_name":"Toscana","reg_istat_code":"09","reg_istat_code_num":9,"opdm_id":"4445","com_catasto_code":"L386","com_istat_code":"045015","com_istat_code_num":45015,"_featureIdx":14,"_color":"#39d046"}},{"type":"Feature","geometry":{"type":"Polygon","coordinates":[[[9.878461446297678,44.265221582167726],[9.902431571010968,44.265221582167726],[9.902431571010968,44.281182036722],[9.878461446297678,44.281182036722],[9.878461446297678,44.265221582167726]]]},"properties":{"name":"Tresana","minint_finloc":"3090460150","op_id":"4545","minint_elettorale":"2090460150","prov_name":"Massa-Carrara","prov_istat_code":"045","prov_istat_code_num":45,"prov_acr":"MS","reg_name":"Toscana","reg_istat_code":"09","reg_istat_code_num":9,"opdm_id":"4445","com_catasto_code":"L386","com_istat_code":"045015","com_istat_code_num":45015,"_featureIdx":14,"_color":"#39d046"}},{"type":"Feature","geometry":{"type":"Polygon","coordinates":[[[9.902431571010968,44.265221582167726],[9.926401695724259,44.265221582167726],[9.926401695724259,44.281182036722],[9.902431571010968,44.281182036722],[9.902431571010968,44.265221582167726]]]},"properties":{"name":"Tresana","minint_finloc":"3090460150","op_id":"4545","minint_elettorale":"2090460150","prov_name":"Massa-Carrara","prov_istat_code":"045","prov_istat_code_num":45,"prov_acr":"MS","reg_name":"Toscana","reg_istat_code":"09","reg_istat_code_num":9,"opdm_id":"4445","com_catasto_code":"L386","com_istat_code":"045015","com_istat_code_num":45015,"_featureIdx":14,"_color":"#39d046"}},{"type":"Feature","geometry":{"type":"Polygon","coordinates":[[[9.926401695724259,44.265221582167726],[9.95037182043755,44.265221582167726],[9.95037182043755,44.281182036722],[9.926401695724259,44.281182036722],[9.926401695724259,44.265221582167726]]]},"properties":{"name":"Mulazzo","op_id":"4542","minint_finloc":"3090460120","minint_elettorale":"2090460120","prov_name":"Massa-Carrara","prov_istat_code":"045","prov_istat_code_num":45,"prov_acr":"MS","reg_name":"Toscana","reg_istat_code":"09","reg_istat_code_num":9,"opdm_id":"4442","com_catasto_code":"F802","com_istat_code":"045012","com_istat_code_num":45012,"_featureIdx":11,"_color":"#b1d039"}},{"type":"Feature","geometry":{"type":"Polygon","coordinates":[[[9.95037182043755,44.265221582167726],[9.97434194515084,44.265221582167726],[9.97434194515084,44.281182036722],[9.95037182043755,44.281182036722],[9.95037182043755,44.265221582167726]]]},"properties":{"name":"Villafranca in Lunigiana","minint_elettorale":"2090460160","minint_finloc":"3090460160","op_id":"4546","prov_name":"Massa-Carrara","prov_istat_code":"045","prov_istat_code_num":45,"prov_acr":"MS","reg_name":"Toscana","reg_istat_code":"09","reg_istat_code_num":9,"opdm_id":"4446","com_catasto_code":"L946","com_istat_code":"045016","com_istat_code_num":45016,"_featureIdx":15,"_color":"#7239d0"}},{"type":"Feature","geometry":{"type":"Polygon","coordinates":[[[9.97434194515084,44.265221582167726],[9.99831206986413,44.265221582167726],[9.99831206986413,44.281182036722],[9.97434194515084,44.281182036722],[9.97434194515084,44.265221582167726]]]},"properties":{"name":"Villafranca in Lunigiana","minint_elettorale":"2090460160","minint_finloc":"3090460160","op_id":"4546","prov_name":"Massa-Carrara","prov_istat_code":"045","prov_istat_code_num":45,"prov_acr":"MS","reg_name":"Toscana","reg_istat_code":"09","reg_istat_code_num":9,"opdm_id":"4446","com_catasto_code":"L946","com_istat_code":"045016","com_istat_code_num":45016,"_featureIdx":15,"_color":"#7239d0"}},{"type":"Feature","geometry":{"type":"Polygon","coordinates":[[[9.99831206986413,44.265221582167726],[10.022282194577421,44.265221582167726],[10.022282194577421,44.281182036722],[9.99831206986413,44.281182036722],[9.99831206986413,44.265221582167726]]]},"properties":{"name":"Licciana Nardi","minint_elettorale":"2090460090","minint_finloc":"3090460090","op_id":"4539","prov_name":"Massa-Carrara","prov_istat_code":"045","prov_istat_code_num":45,"prov_acr":"MS","reg_name":"Toscana","reg_istat_code":"09","reg_istat_code_num":9,"opdm_id":"4439","com_catasto_code":"E574","com_istat_code":"045009","com_istat_code_num":45009,"_featureIdx":8,"_color":"#d06b39"}},{"type":"Feature","geometry":{"type":"Polygon","coordinates":[[[10.02228219457742,44.265221582167726],[10.04625231929071,44.265221582167726],[10.04625231929071,44.281182036722],[10.02228219457742,44.281182036722],[10.02228219457742,44.265221582167726]]]},"properties":{"name":"Licciana Nardi","minint_elettorale":"2090460090","minint_finloc":"3090460090","op_id":"4539","prov_name":"Massa-Carrara","prov_istat_code":"045","prov_istat_code_num":45,"prov_acr":"MS","reg_name":"Toscana","reg_istat_code":"09","reg_istat_code_num":9,"opdm_id":"4439","com_catasto_code":"E574","com_istat_code":"045009","com_istat_code_num":45009,"_featureIdx":8,"_color":"#d06b39"}},{"type":"Feature","geometry":{"type":"Polygon","coordinates":[[[10.04625231929071,44.265221582167726],[10.070222444004001,44.265221582167726],[10.070222444004001,44.281182036722],[10.04625231929071,44.281182036722],[10.04625231929071,44.265221582167726]]]},"properties":{"name":"Licciana Nardi","minint_elettorale":"2090460090","minint_finloc":"3090460090","op_id":"4539","prov_name":"Massa-Carrara","prov_istat_code":"045","prov_istat_code_num":45,"prov_acr":"MS","reg_name":"Toscana","reg_istat_code":"09","reg_istat_code_num":9,"opdm_id":"4439","com_catasto_code":"E574","com_istat_code":"045009","com_istat_code_num":45009,"_featureIdx":8,"_color":"#d06b39"}},{"type":"Feature","geometry":{"type":"Polygon","coordinates":[[[10.070222444004001,44.265221582167726],[10.094192568717292,44.265221582167726],[10.094192568717292,44.281182036722],[10.070222444004001,44.281182036722],[10.070222444004001,44.265221582167726]]]},"properties":{"name":"Licciana Nardi","minint_elettorale":"2090460090","minint_finloc":"3090460090","op_id":"4539","prov_name":"Massa-Carrara","prov_istat_code":"045","prov_istat_code_num":45,"prov_acr":"MS","reg_name":"Toscana","reg_istat_code":"09","reg_istat_code_num":9,"opdm_id":"4439","com_catasto_code":"E574","com_istat_code":"045009","com_istat_code_num":45009,"_featureIdx":8,"_color":"#d06b39"}},{"type":"Feature","geometry":{"type":"Polygon","coordinates":[[[10.094192568717292,44.265221582167726],[10.118162693430582,44.265221582167726],[10.118162693430582,44.281182036722],[10.094192568717292,44.281182036722],[10.094192568717292,44.265221582167726]]]},"properties":{"name":"Fivizzano","op_id":"4537","minint_elettorale":"2090460070","minint_finloc":"3090460070","prov_name":"Massa-Carrara","prov_istat_code":"045","prov_istat_code_num":45,"prov_acr":"MS","reg_name":"Toscana","reg_istat_code":"09","reg_istat_code_num":9,"opdm_id":"4437","com_catasto_code":"D629","com_istat_code":"045007","com_istat_code_num":45007,"_featureIdx":6,"_color":"#5fd039"}},{"type":"Feature","geometry":{"type":"Polygon","coordinates":[[[10.118162693430582,44.265221582167726],[10.142132818143873,44.265221582167726],[10.142132818143873,44.281182036722],[10.118162693430582,44.281182036722],[10.118162693430582,44.265221582167726]]]},"properties":{"name":"Fivizzano","op_id":"4537","minint_elettorale":"2090460070","minint_finloc":"3090460070","prov_name":"Massa-Carrara","prov_istat_code":"045","prov_istat_code_num":45,"prov_acr":"MS","reg_name":"Toscana","reg_istat_code":"09","reg_istat_code_num":9,"opdm_id":"4437","com_catasto_code":"D629","com_istat_code":"045007","com_istat_code_num":45007,"_featureIdx":6,"_color":"#5fd039"}},{"type":"Feature","geometry":{"type":"Polygon","coordinates":[[[10.142132818143871,44.265221582167726],[10.166102942857162,44.265221582167726],[10.166102942857162,44.281182036722],[10.142132818143871,44.281182036722],[10.142132818143871,44.265221582167726]]]},"properties":{"name":"Fivizzano","op_id":"4537","minint_elettorale":"2090460070","minint_finloc":"3090460070","prov_name":"Massa-Carrara","prov_istat_code":"045","prov_istat_code_num":45,"prov_acr":"MS","reg_name":"Toscana","reg_istat_code":"09","reg_istat_code_num":9,"opdm_id":"4437","com_catasto_code":"D629","com_istat_code":"045007","com_istat_code_num":45007,"_featureIdx":6,"_color":"#5fd039"}},{"type":"Feature","geometry":{"type":"Polygon","coordinates":[[[10.166102942857162,44.265221582167726],[10.190073067570452,44.265221582167726],[10.190073067570452,44.281182036722],[10.166102942857162,44.281182036722],[10.166102942857162,44.265221582167726]]]},"properties":{"name":"Fivizzano","op_id":"4537","minint_elettorale":"2090460070","minint_finloc":"3090460070","prov_name":"Massa-Carrara","prov_istat_code":"045","prov_istat_code_num":45,"prov_acr":"MS","reg_name":"Toscana","reg_istat_code":"09","reg_istat_code_num":9,"opdm_id":"4437","com_catasto_code":"D629","com_istat_code":"045007","com_istat_code_num":45007,"_featureIdx":6,"_color":"#5fd039"}},{"type":"Feature","geometry":{"type":"Polygon","coordinates":[[[10.190073067570452,44.265221582167726],[10.214043192283743,44.265221582167726],[10.214043192283743,44.281182036722],[10.190073067570452,44.281182036722],[10.190073067570452,44.265221582167726]]]},"properties":{"name":"Fivizzano","op_id":"4537","minint_elettorale":"2090460070","minint_finloc":"3090460070","prov_name":"Massa-Carrara","prov_istat_code":"045","prov_istat_code_num":45,"prov_acr":"MS","reg_name":"Toscana","reg_istat_code":"09","reg_istat_code_num":9,"opdm_id":"4437","com_catasto_code":"D629","com_istat_code":"045007","com_istat_code_num":45007,"_featureIdx":6,"_color":"#5fd039"}},{"type":"Feature","geometry":{"type":"Polygon","coordinates":[[[10.214043192283743,44.265221582167726],[10.238013316997034,44.265221582167726],[10.238013316997034,44.281182036722],[10.214043192283743,44.281182036722],[10.214043192283743,44.265221582167726]]]},"properties":{"name":"Fivizzano","op_id":"4537","minint_elettorale":"2090460070","minint_finloc":"3090460070","prov_name":"Massa-Carrara","prov_istat_code":"045","prov_istat_code_num":45,"prov_acr":"MS","reg_name":"Toscana","reg_istat_code":"09","reg_istat_code_num":9,"opdm_id":"4437","com_catasto_code":"D629","com_istat_code":"045007","com_istat_code_num":45007,"_featureIdx":6,"_color":"#5fd039"}},{"type":"Feature","geometry":{"type":"Polygon","coordinates":[[[10.261983441710324,44.265221582167726],[10.285953566423615,44.265221582167726],[10.285953566423615,44.281182036722],[10.261983441710324,44.281182036722],[10.261983441710324,44.265221582167726]]]},"properties":{"name":"Sillano Giuncugnano","op_id":"8303","minint_elettorale":"2090430291","minint_finloc":"3090430291","prov_name":"Lucca","prov_istat_code":"046","prov_istat_code_num":46,"prov_acr":"LU","reg_name":"Toscana","reg_istat_code":"09","reg_istat_code_num":9,"opdm_id":"4480","com_catasto_code":"M347","com_istat_code":"046037","com_istat_code_num":46037,"_featureIdx":49,"_color":"#6639d0"}},{"type":"Feature","geometry":{"type":"Polygon","coordinates":[[[10.285953566423613,44.265221582167726],[10.309923691136904,44.265221582167726],[10.309923691136904,44.281182036722],[10.285953566423613,44.281182036722],[10.285953566423613,44.265221582167726]]]},"properties":{"name":"Sillano Giuncugnano","op_id":"8303","minint_elettorale":"2090430291","minint_finloc":"3090430291","prov_name":"Lucca","prov_istat_code":"046","prov_istat_code_num":46,"prov_acr":"LU","reg_name":"Toscana","reg_istat_code":"09","reg_istat_code_num":9,"opdm_id":"4480","com_catasto_code":"M347","com_istat_code":"046037","com_istat_code_num":46037,"_featureIdx":49,"_color":"#6639d0"}},{"type":"Feature","geometry":{"type":"Polygon","coordinates":[[[10.309923691136904,44.265221582167726],[10.333893815850194,44.265221582167726],[10.333893815850194,44.281182036722],[10.309923691136904,44.281182036722],[10.309923691136904,44.265221582167726]]]},"properties":{"name":"Sillano Giuncugnano","op_id":"8303","minint_elettorale":"2090430291","minint_finloc":"3090430291","prov_name":"Lucca","prov_istat_code":"046","prov_istat_code_num":46,"prov_acr":"LU","reg_name":"Toscana","reg_istat_code":"09","reg_istat_code_num":9,"opdm_id":"4480","com_catasto_code":"M347","com_istat_code":"046037","com_istat_code_num":46037,"_featureIdx":49,"_color":"#6639d0"}},{"type":"Feature","geometry":{"type":"Polygon","coordinates":[[[9.782580947444517,44.281182036722],[9.806551072157808,44.281182036722],[9.806551072157808,44.297142491276276],[9.782580947444517,44.297142491276276],[9.782580947444517,44.281182036722]]]},"properties":{"name":"Zeri","minint_elettorale":"2090460170","op_id":"4547","minint_finloc":"3090460170","prov_name":"Massa-Carrara","prov_istat_code":"045","prov_istat_code_num":45,"prov_acr":"MS","reg_name":"Toscana","reg_istat_code":"09","reg_istat_code_num":9,"opdm_id":"4447","com_catasto_code":"M169","com_istat_code":"045017","com_istat_code_num":45017,"_featureIdx":16,"_color":"#d09e39"}},{"type":"Feature","geometry":{"type":"Polygon","coordinates":[[[9.806551072157808,44.281182036722],[9.830521196871098,44.281182036722],[9.830521196871098,44.297142491276276],[9.806551072157808,44.297142491276276],[9.806551072157808,44.281182036722]]]},"properties":{"name":"Mulazzo","op_id":"4542","minint_finloc":"3090460120","minint_elettorale":"2090460120","prov_name":"Massa-Carrara","prov_istat_code":"045","prov_istat_code_num":45,"prov_acr":"MS","reg_name":"Toscana","reg_istat_code":"09","reg_istat_code_num":9,"opdm_id":"4442","com_catasto_code":"F802","com_istat_code":"045012","com_istat_code_num":45012,"_featureIdx":11,"_color":"#b1d039"}},{"type":"Feature","geometry":{"type":"Polygon","coordinates":[[[9.830521196871098,44.281182036722],[9.854491321584389,44.281182036722],[9.854491321584389,44.297142491276276],[9.830521196871098,44.297142491276276],[9.830521196871098,44.281182036722]]]},"properties":{"name":"Mulazzo","op_id":"4542","minint_finloc":"3090460120","minint_elettorale":"2090460120","prov_name":"Massa-Carrara","prov_istat_code":"045","prov_istat_code_num":45,"prov_acr":"MS","reg_name":"Toscana","reg_istat_code":"09","reg_istat_code_num":9,"opdm_id":"4442","com_catasto_code":"F802","com_istat_code":"045012","com_istat_code_num":45012,"_featureIdx":11,"_color":"#b1d039"}},{"type":"Feature","geometry":{"type":"Polygon","coordinates":[[[9.854491321584389,44.281182036722],[9.87846144629768,44.281182036722],[9.87846144629768,44.297142491276276],[9.854491321584389,44.297142491276276],[9.854491321584389,44.281182036722]]]},"properties":{"name":"Mulazzo","op_id":"4542","minint_finloc":"3090460120","minint_elettorale":"2090460120","prov_name":"Massa-Carrara","prov_istat_code":"045","prov_istat_code_num":45,"prov_acr":"MS","reg_name":"Toscana","reg_istat_code":"09","reg_istat_code_num":9,"opdm_id":"4442","com_catasto_code":"F802","com_istat_code":"045012","com_istat_code_num":45012,"_featureIdx":11,"_color":"#b1d039"}},{"type":"Feature","geometry":{"type":"Polygon","coordinates":[[[9.878461446297678,44.281182036722],[9.902431571010968,44.281182036722],[9.902431571010968,44.297142491276276],[9.878461446297678,44.297142491276276],[9.878461446297678,44.281182036722]]]},"properties":{"name":"Mulazzo","op_id":"4542","minint_finloc":"3090460120","minint_elettorale":"2090460120","prov_name":"Massa-Carrara","prov_istat_code":"045","prov_istat_code_num":45,"prov_acr":"MS","reg_name":"Toscana","reg_istat_code":"09","reg_istat_code_num":9,"opdm_id":"4442","com_catasto_code":"F802","com_istat_code":"045012","com_istat_code_num":45012,"_featureIdx":11,"_color":"#b1d039"}},{"type":"Feature","geometry":{"type":"Polygon","coordinates":[[[9.902431571010968,44.281182036722],[9.926401695724259,44.281182036722],[9.926401695724259,44.297142491276276],[9.902431571010968,44.297142491276276],[9.902431571010968,44.281182036722]]]},"properties":{"name":"Mulazzo","op_id":"4542","minint_finloc":"3090460120","minint_elettorale":"2090460120","prov_name":"Massa-Carrara","prov_istat_code":"045","prov_istat_code_num":45,"prov_acr":"MS","reg_name":"Toscana","reg_istat_code":"09","reg_istat_code_num":9,"opdm_id":"4442","com_catasto_code":"F802","com_istat_code":"045012","com_istat_code_num":45012,"_featureIdx":11,"_color":"#b1d039"}},{"type":"Feature","geometry":{"type":"Polygon","coordinates":[[[9.926401695724259,44.281182036722],[9.95037182043755,44.281182036722],[9.95037182043755,44.297142491276276],[9.926401695724259,44.297142491276276],[9.926401695724259,44.281182036722]]]},"properties":{"name":"Mulazzo","op_id":"4542","minint_finloc":"3090460120","minint_elettorale":"2090460120","prov_name":"Massa-Carrara","prov_istat_code":"045","prov_istat_code_num":45,"prov_acr":"MS","reg_name":"Toscana","reg_istat_code":"09","reg_istat_code_num":9,"opdm_id":"4442","com_catasto_code":"F802","com_istat_code":"045012","com_istat_code_num":45012,"_featureIdx":11,"_color":"#b1d039"}},{"type":"Feature","geometry":{"type":"Polygon","coordinates":[[[9.95037182043755,44.281182036722],[9.97434194515084,44.281182036722],[9.97434194515084,44.297142491276276],[9.95037182043755,44.297142491276276],[9.95037182043755,44.281182036722]]]},"properties":{"name":"Villafranca in Lunigiana","minint_elettorale":"2090460160","minint_finloc":"3090460160","op_id":"4546","prov_name":"Massa-Carrara","prov_istat_code":"045","prov_istat_code_num":45,"prov_acr":"MS","reg_name":"Toscana","reg_istat_code":"09","reg_istat_code_num":9,"opdm_id":"4446","com_catasto_code":"L946","com_istat_code":"045016","com_istat_code_num":45016,"_featureIdx":15,"_color":"#7239d0"}},{"type":"Feature","geometry":{"type":"Polygon","coordinates":[[[9.97434194515084,44.281182036722],[9.99831206986413,44.281182036722],[9.99831206986413,44.297142491276276],[9.97434194515084,44.297142491276276],[9.97434194515084,44.281182036722]]]},"properties":{"name":"Bagnone","op_id":"4532","minint_elettorale":"2090460020","minint_finloc":"3090460020","prov_name":"Massa-Carrara","prov_istat_code":"045","prov_istat_code_num":45,"prov_acr":"MS","reg_name":"Toscana","reg_istat_code":"09","reg_istat_code_num":9,"opdm_id":"4432","com_catasto_code":"A576","com_istat_code":"045002","com_istat_code_num":45002,"_featureIdx":1,"_color":"#39d065"}},{"type":"Feature","geometry":{"type":"Polygon","coordinates":[[[9.99831206986413,44.281182036722],[10.022282194577421,44.281182036722],[10.022282194577421,44.297142491276276],[9.99831206986413,44.297142491276276],[9.99831206986413,44.281182036722]]]},"properties":{"name":"Bagnone","op_id":"4532","minint_elettorale":"2090460020","minint_finloc":"3090460020","prov_name":"Massa-Carrara","prov_istat_code":"045","prov_istat_code_num":45,"prov_acr":"MS","reg_name":"Toscana","reg_istat_code":"09","reg_istat_code_num":9,"opdm_id":"4432","com_catasto_code":"A576","com_istat_code":"045002","com_istat_code_num":45002,"_featureIdx":1,"_color":"#39d065"}},{"type":"Feature","geometry":{"type":"Polygon","coordinates":[[[10.02228219457742,44.281182036722],[10.04625231929071,44.281182036722],[10.04625231929071,44.297142491276276],[10.02228219457742,44.297142491276276],[10.02228219457742,44.281182036722]]]},"properties":{"name":"Bagnone","op_id":"4532","minint_elettorale":"2090460020","minint_finloc":"3090460020","prov_name":"Massa-Carrara","prov_istat_code":"045","prov_istat_code_num":45,"prov_acr":"MS","reg_name":"Toscana","reg_istat_code":"09","reg_istat_code_num":9,"opdm_id":"4432","com_catasto_code":"A576","com_istat_code":"045002","com_istat_code_num":45002,"_featureIdx":1,"_color":"#39d065"}},{"type":"Feature","geometry":{"type":"Polygon","coordinates":[[[10.04625231929071,44.281182036722],[10.070222444004001,44.281182036722],[10.070222444004001,44.297142491276276],[10.04625231929071,44.297142491276276],[10.04625231929071,44.281182036722]]]},"properties":{"name":"Licciana Nardi","minint_elettorale":"2090460090","minint_finloc":"3090460090","op_id":"4539","prov_name":"Massa-Carrara","prov_istat_code":"045","prov_istat_code_num":45,"prov_acr":"MS","reg_name":"Toscana","reg_istat_code":"09","reg_istat_code_num":9,"opdm_id":"4439","com_catasto_code":"E574","com_istat_code":"045009","com_istat_code_num":45009,"_featureIdx":8,"_color":"#d06b39"}},{"type":"Feature","geometry":{"type":"Polygon","coordinates":[[[10.070222444004001,44.281182036722],[10.094192568717292,44.281182036722],[10.094192568717292,44.297142491276276],[10.070222444004001,44.297142491276276],[10.070222444004001,44.281182036722]]]},"properties":{"name":"Comano","op_id":"4535","minint_elettorale":"2090460050","minint_finloc":"3090460050","prov_name":"Massa-Carrara","prov_istat_code":"045","prov_istat_code_num":45,"prov_acr":"MS","reg_name":"Toscana","reg_istat_code":"09","reg_istat_code_num":9,"opdm_id":"4435","com_catasto_code":"C914","com_istat_code":"045005","com_istat_code_num":45005,"_featureIdx":4,"_color":"#39b7d0"}},{"type":"Feature","geometry":{"type":"Polygon","coordinates":[[[10.094192568717292,44.281182036722],[10.118162693430582,44.281182036722],[10.118162693430582,44.297142491276276],[10.094192568717292,44.297142491276276],[10.094192568717292,44.281182036722]]]},"properties":{"name":"Comano","op_id":"4535","minint_elettorale":"2090460050","minint_finloc":"3090460050","prov_name":"Massa-Carrara","prov_istat_code":"045","prov_istat_code_num":45,"prov_acr":"MS","reg_name":"Toscana","reg_istat_code":"09","reg_istat_code_num":9,"opdm_id":"4435","com_catasto_code":"C914","com_istat_code":"045005","com_istat_code_num":45005,"_featureIdx":4,"_color":"#39b7d0"}},{"type":"Feature","geometry":{"type":"Polygon","coordinates":[[[10.118162693430582,44.281182036722],[10.142132818143873,44.281182036722],[10.142132818143873,44.297142491276276],[10.118162693430582,44.297142491276276],[10.118162693430582,44.281182036722]]]},"properties":{"name":"Comano","op_id":"4535","minint_elettorale":"2090460050","minint_finloc":"3090460050","prov_name":"Massa-Carrara","prov_istat_code":"045","prov_istat_code_num":45,"prov_acr":"MS","reg_name":"Toscana","reg_istat_code":"09","reg_istat_code_num":9,"opdm_id":"4435","com_catasto_code":"C914","com_istat_code":"045005","com_istat_code_num":45005,"_featureIdx":4,"_color":"#39b7d0"}},{"type":"Feature","geometry":{"type":"Polygon","coordinates":[[[10.142132818143871,44.281182036722],[10.166102942857162,44.281182036722],[10.166102942857162,44.297142491276276],[10.142132818143871,44.297142491276276],[10.142132818143871,44.281182036722]]]},"properties":{"name":"Comano","op_id":"4535","minint_elettorale":"2090460050","minint_finloc":"3090460050","prov_name":"Massa-Carrara","prov_istat_code":"045","prov_istat_code_num":45,"prov_acr":"MS","reg_name":"Toscana","reg_istat_code":"09","reg_istat_code_num":9,"opdm_id":"4435","com_catasto_code":"C914","com_istat_code":"045005","com_istat_code_num":45005,"_featureIdx":4,"_color":"#39b7d0"}},{"type":"Feature","geometry":{"type":"Polygon","coordinates":[[[10.166102942857162,44.281182036722],[10.190073067570452,44.281182036722],[10.190073067570452,44.297142491276276],[10.166102942857162,44.297142491276276],[10.166102942857162,44.281182036722]]]},"properties":{"name":"Fivizzano","op_id":"4537","minint_elettorale":"2090460070","minint_finloc":"3090460070","prov_name":"Massa-Carrara","prov_istat_code":"045","prov_istat_code_num":45,"prov_acr":"MS","reg_name":"Toscana","reg_istat_code":"09","reg_istat_code_num":9,"opdm_id":"4437","com_catasto_code":"D629","com_istat_code":"045007","com_istat_code_num":45007,"_featureIdx":6,"_color":"#5fd039"}},{"type":"Feature","geometry":{"type":"Polygon","coordinates":[[[10.190073067570452,44.281182036722],[10.214043192283743,44.281182036722],[10.214043192283743,44.297142491276276],[10.190073067570452,44.297142491276276],[10.190073067570452,44.281182036722]]]},"properties":{"name":"Fivizzano","op_id":"4537","minint_elettorale":"2090460070","minint_finloc":"3090460070","prov_name":"Massa-Carrara","prov_istat_code":"045","prov_istat_code_num":45,"prov_acr":"MS","reg_name":"Toscana","reg_istat_code":"09","reg_istat_code_num":9,"opdm_id":"4437","com_catasto_code":"D629","com_istat_code":"045007","com_istat_code_num":45007,"_featureIdx":6,"_color":"#5fd039"}},{"type":"Feature","geometry":{"type":"Polygon","coordinates":[[[10.214043192283743,44.281182036722],[10.238013316997034,44.281182036722],[10.238013316997034,44.297142491276276],[10.214043192283743,44.297142491276276],[10.214043192283743,44.281182036722]]]},"properties":{"name":"Fivizzano","op_id":"4537","minint_elettorale":"2090460070","minint_finloc":"3090460070","prov_name":"Massa-Carrara","prov_istat_code":"045","prov_istat_code_num":45,"prov_acr":"MS","reg_name":"Toscana","reg_istat_code":"09","reg_istat_code_num":9,"opdm_id":"4437","com_catasto_code":"D629","com_istat_code":"045007","com_istat_code_num":45007,"_featureIdx":6,"_color":"#5fd039"}},{"type":"Feature","geometry":{"type":"Polygon","coordinates":[[[9.758610822731226,44.29714249127627],[9.782580947444517,44.29714249127627],[9.782580947444517,44.31310294583054],[9.758610822731226,44.31310294583054],[9.758610822731226,44.29714249127627]]]},"properties":{"name":"Zeri","minint_elettorale":"2090460170","op_id":"4547","minint_finloc":"3090460170","prov_name":"Massa-Carrara","prov_istat_code":"045","prov_istat_code_num":45,"prov_acr":"MS","reg_name":"Toscana","reg_istat_code":"09","reg_istat_code_num":9,"opdm_id":"4447","com_catasto_code":"M169","com_istat_code":"045017","com_istat_code_num":45017,"_featureIdx":16,"_color":"#d09e39"}},{"type":"Feature","geometry":{"type":"Polygon","coordinates":[[[9.782580947444517,44.29714249127627],[9.806551072157808,44.29714249127627],[9.806551072157808,44.31310294583054],[9.782580947444517,44.31310294583054],[9.782580947444517,44.29714249127627]]]},"properties":{"name":"Zeri","minint_elettorale":"2090460170","op_id":"4547","minint_finloc":"3090460170","prov_name":"Massa-Carrara","prov_istat_code":"045","prov_istat_code_num":45,"prov_acr":"MS","reg_name":"Toscana","reg_istat_code":"09","reg_istat_code_num":9,"opdm_id":"4447","com_catasto_code":"M169","com_istat_code":"045017","com_istat_code_num":45017,"_featureIdx":16,"_color":"#d09e39"}},{"type":"Feature","geometry":{"type":"Polygon","coordinates":[[[9.806551072157808,44.29714249127627],[9.830521196871098,44.29714249127627],[9.830521196871098,44.31310294583054],[9.806551072157808,44.31310294583054],[9.806551072157808,44.29714249127627]]]},"properties":{"name":"Mulazzo","op_id":"4542","minint_finloc":"3090460120","minint_elettorale":"2090460120","prov_name":"Massa-Carrara","prov_istat_code":"045","prov_istat_code_num":45,"prov_acr":"MS","reg_name":"Toscana","reg_istat_code":"09","reg_istat_code_num":9,"opdm_id":"4442","com_catasto_code":"F802","com_istat_code":"045012","com_istat_code_num":45012,"_featureIdx":11,"_color":"#b1d039"}},{"type":"Feature","geometry":{"type":"Polygon","coordinates":[[[9.830521196871098,44.29714249127627],[9.854491321584389,44.29714249127627],[9.854491321584389,44.31310294583054],[9.830521196871098,44.31310294583054],[9.830521196871098,44.29714249127627]]]},"properties":{"name":"Mulazzo","op_id":"4542","minint_finloc":"3090460120","minint_elettorale":"2090460120","prov_name":"Massa-Carrara","prov_istat_code":"045","prov_istat_code_num":45,"prov_acr":"MS","reg_name":"Toscana","reg_istat_code":"09","reg_istat_code_num":9,"opdm_id":"4442","com_catasto_code":"F802","com_istat_code":"045012","com_istat_code_num":45012,"_featureIdx":11,"_color":"#b1d039"}},{"type":"Feature","geometry":{"type":"Polygon","coordinates":[[[9.854491321584389,44.29714249127627],[9.87846144629768,44.29714249127627],[9.87846144629768,44.31310294583054],[9.854491321584389,44.31310294583054],[9.854491321584389,44.29714249127627]]]},"properties":{"name":"Mulazzo","op_id":"4542","minint_finloc":"3090460120","minint_elettorale":"2090460120","prov_name":"Massa-Carrara","prov_istat_code":"045","prov_istat_code_num":45,"prov_acr":"MS","reg_name":"Toscana","reg_istat_code":"09","reg_istat_code_num":9,"opdm_id":"4442","com_catasto_code":"F802","com_istat_code":"045012","com_istat_code_num":45012,"_featureIdx":11,"_color":"#b1d039"}},{"type":"Feature","geometry":{"type":"Polygon","coordinates":[[[9.878461446297678,44.29714249127627],[9.902431571010968,44.29714249127627],[9.902431571010968,44.31310294583054],[9.878461446297678,44.31310294583054],[9.878461446297678,44.29714249127627]]]},"properties":{"name":"Mulazzo","op_id":"4542","minint_finloc":"3090460120","minint_elettorale":"2090460120","prov_name":"Massa-Carrara","prov_istat_code":"045","prov_istat_code_num":45,"prov_acr":"MS","reg_name":"Toscana","reg_istat_code":"09","reg_istat_code_num":9,"opdm_id":"4442","com_catasto_code":"F802","com_istat_code":"045012","com_istat_code_num":45012,"_featureIdx":11,"_color":"#b1d039"}},{"type":"Feature","geometry":{"type":"Polygon","coordinates":[[[9.902431571010968,44.29714249127627],[9.926401695724259,44.29714249127627],[9.926401695724259,44.31310294583054],[9.902431571010968,44.31310294583054],[9.902431571010968,44.29714249127627]]]},"properties":{"name":"Mulazzo","op_id":"4542","minint_finloc":"3090460120","minint_elettorale":"2090460120","prov_name":"Massa-Carrara","prov_istat_code":"045","prov_istat_code_num":45,"prov_acr":"MS","reg_name":"Toscana","reg_istat_code":"09","reg_istat_code_num":9,"opdm_id":"4442","com_catasto_code":"F802","com_istat_code":"045012","com_istat_code_num":45012,"_featureIdx":11,"_color":"#b1d039"}},{"type":"Feature","geometry":{"type":"Polygon","coordinates":[[[9.926401695724259,44.29714249127627],[9.95037182043755,44.29714249127627],[9.95037182043755,44.31310294583054],[9.926401695724259,44.31310294583054],[9.926401695724259,44.29714249127627]]]},"properties":{"name":"Mulazzo","op_id":"4542","minint_finloc":"3090460120","minint_elettorale":"2090460120","prov_name":"Massa-Carrara","prov_istat_code":"045","prov_istat_code_num":45,"prov_acr":"MS","reg_name":"Toscana","reg_istat_code":"09","reg_istat_code_num":9,"opdm_id":"4442","com_catasto_code":"F802","com_istat_code":"045012","com_istat_code_num":45012,"_featureIdx":11,"_color":"#b1d039"}},{"type":"Feature","geometry":{"type":"Polygon","coordinates":[[[9.95037182043755,44.29714249127627],[9.97434194515084,44.29714249127627],[9.97434194515084,44.31310294583054],[9.95037182043755,44.31310294583054],[9.95037182043755,44.29714249127627]]]},"properties":{"name":"Villafranca in Lunigiana","minint_elettorale":"2090460160","minint_finloc":"3090460160","op_id":"4546","prov_name":"Massa-Carrara","prov_istat_code":"045","prov_istat_code_num":45,"prov_acr":"MS","reg_name":"Toscana","reg_istat_code":"09","reg_istat_code_num":9,"opdm_id":"4446","com_catasto_code":"L946","com_istat_code":"045016","com_istat_code_num":45016,"_featureIdx":15,"_color":"#7239d0"}},{"type":"Feature","geometry":{"type":"Polygon","coordinates":[[[9.97434194515084,44.29714249127627],[9.99831206986413,44.29714249127627],[9.99831206986413,44.31310294583054],[9.97434194515084,44.31310294583054],[9.97434194515084,44.29714249127627]]]},"properties":{"name":"Bagnone","op_id":"4532","minint_elettorale":"2090460020","minint_finloc":"3090460020","prov_name":"Massa-Carrara","prov_istat_code":"045","prov_istat_code_num":45,"prov_acr":"MS","reg_name":"Toscana","reg_istat_code":"09","reg_istat_code_num":9,"opdm_id":"4432","com_catasto_code":"A576","com_istat_code":"045002","com_istat_code_num":45002,"_featureIdx":1,"_color":"#39d065"}},{"type":"Feature","geometry":{"type":"Polygon","coordinates":[[[9.99831206986413,44.29714249127627],[10.022282194577421,44.29714249127627],[10.022282194577421,44.31310294583054],[9.99831206986413,44.31310294583054],[9.99831206986413,44.29714249127627]]]},"properties":{"name":"Bagnone","op_id":"4532","minint_elettorale":"2090460020","minint_finloc":"3090460020","prov_name":"Massa-Carrara","prov_istat_code":"045","prov_istat_code_num":45,"prov_acr":"MS","reg_name":"Toscana","reg_istat_code":"09","reg_istat_code_num":9,"opdm_id":"4432","com_catasto_code":"A576","com_istat_code":"045002","com_istat_code_num":45002,"_featureIdx":1,"_color":"#39d065"}},{"type":"Feature","geometry":{"type":"Polygon","coordinates":[[[10.02228219457742,44.29714249127627],[10.04625231929071,44.29714249127627],[10.04625231929071,44.31310294583054],[10.02228219457742,44.31310294583054],[10.02228219457742,44.29714249127627]]]},"properties":{"name":"Bagnone","op_id":"4532","minint_elettorale":"2090460020","minint_finloc":"3090460020","prov_name":"Massa-Carrara","prov_istat_code":"045","prov_istat_code_num":45,"prov_acr":"MS","reg_name":"Toscana","reg_istat_code":"09","reg_istat_code_num":9,"opdm_id":"4432","com_catasto_code":"A576","com_istat_code":"045002","com_istat_code_num":45002,"_featureIdx":1,"_color":"#39d065"}},{"type":"Feature","geometry":{"type":"Polygon","coordinates":[[[10.04625231929071,44.29714249127627],[10.070222444004001,44.29714249127627],[10.070222444004001,44.31310294583054],[10.04625231929071,44.31310294583054],[10.04625231929071,44.29714249127627]]]},"properties":{"name":"Licciana Nardi","minint_elettorale":"2090460090","minint_finloc":"3090460090","op_id":"4539","prov_name":"Massa-Carrara","prov_istat_code":"045","prov_istat_code_num":45,"prov_acr":"MS","reg_name":"Toscana","reg_istat_code":"09","reg_istat_code_num":9,"opdm_id":"4439","com_catasto_code":"E574","com_istat_code":"045009","com_istat_code_num":45009,"_featureIdx":8,"_color":"#d06b39"}},{"type":"Feature","geometry":{"type":"Polygon","coordinates":[[[10.070222444004001,44.29714249127627],[10.094192568717292,44.29714249127627],[10.094192568717292,44.31310294583054],[10.070222444004001,44.31310294583054],[10.070222444004001,44.29714249127627]]]},"properties":{"name":"Comano","op_id":"4535","minint_elettorale":"2090460050","minint_finloc":"3090460050","prov_name":"Massa-Carrara","prov_istat_code":"045","prov_istat_code_num":45,"prov_acr":"MS","reg_name":"Toscana","reg_istat_code":"09","reg_istat_code_num":9,"opdm_id":"4435","com_catasto_code":"C914","com_istat_code":"045005","com_istat_code_num":45005,"_featureIdx":4,"_color":"#39b7d0"}},{"type":"Feature","geometry":{"type":"Polygon","coordinates":[[[10.094192568717292,44.29714249127627],[10.118162693430582,44.29714249127627],[10.118162693430582,44.31310294583054],[10.094192568717292,44.31310294583054],[10.094192568717292,44.29714249127627]]]},"properties":{"name":"Comano","op_id":"4535","minint_elettorale":"2090460050","minint_finloc":"3090460050","prov_name":"Massa-Carrara","prov_istat_code":"045","prov_istat_code_num":45,"prov_acr":"MS","reg_name":"Toscana","reg_istat_code":"09","reg_istat_code_num":9,"opdm_id":"4435","com_catasto_code":"C914","com_istat_code":"045005","com_istat_code_num":45005,"_featureIdx":4,"_color":"#39b7d0"}},{"type":"Feature","geometry":{"type":"Polygon","coordinates":[[[10.118162693430582,44.29714249127627],[10.142132818143873,44.29714249127627],[10.142132818143873,44.31310294583054],[10.118162693430582,44.31310294583054],[10.118162693430582,44.29714249127627]]]},"properties":{"name":"Comano","op_id":"4535","minint_elettorale":"2090460050","minint_finloc":"3090460050","prov_name":"Massa-Carrara","prov_istat_code":"045","prov_istat_code_num":45,"prov_acr":"MS","reg_name":"Toscana","reg_istat_code":"09","reg_istat_code_num":9,"opdm_id":"4435","com_catasto_code":"C914","com_istat_code":"045005","com_istat_code_num":45005,"_featureIdx":4,"_color":"#39b7d0"}},{"type":"Feature","geometry":{"type":"Polygon","coordinates":[[[10.142132818143871,44.29714249127627],[10.166102942857162,44.29714249127627],[10.166102942857162,44.31310294583054],[10.142132818143871,44.31310294583054],[10.142132818143871,44.29714249127627]]]},"properties":{"name":"Comano","op_id":"4535","minint_elettorale":"2090460050","minint_finloc":"3090460050","prov_name":"Massa-Carrara","prov_istat_code":"045","prov_istat_code_num":45,"prov_acr":"MS","reg_name":"Toscana","reg_istat_code":"09","reg_istat_code_num":9,"opdm_id":"4435","com_catasto_code":"C914","com_istat_code":"045005","com_istat_code_num":45005,"_featureIdx":4,"_color":"#39b7d0"}},{"type":"Feature","geometry":{"type":"Polygon","coordinates":[[[10.166102942857162,44.29714249127627],[10.190073067570452,44.29714249127627],[10.190073067570452,44.31310294583054],[10.166102942857162,44.31310294583054],[10.166102942857162,44.29714249127627]]]},"properties":{"name":"Comano","op_id":"4535","minint_elettorale":"2090460050","minint_finloc":"3090460050","prov_name":"Massa-Carrara","prov_istat_code":"045","prov_istat_code_num":45,"prov_acr":"MS","reg_name":"Toscana","reg_istat_code":"09","reg_istat_code_num":9,"opdm_id":"4435","com_catasto_code":"C914","com_istat_code":"045005","com_istat_code_num":45005,"_featureIdx":4,"_color":"#39b7d0"}},{"type":"Feature","geometry":{"type":"Polygon","coordinates":[[[10.190073067570452,44.29714249127627],[10.214043192283743,44.29714249127627],[10.214043192283743,44.31310294583054],[10.190073067570452,44.31310294583054],[10.190073067570452,44.29714249127627]]]},"properties":{"name":"Fivizzano","op_id":"4537","minint_elettorale":"2090460070","minint_finloc":"3090460070","prov_name":"Massa-Carrara","prov_istat_code":"045","prov_istat_code_num":45,"prov_acr":"MS","reg_name":"Toscana","reg_istat_code":"09","reg_istat_code_num":9,"opdm_id":"4437","com_catasto_code":"D629","com_istat_code":"045007","com_istat_code_num":45007,"_featureIdx":6,"_color":"#5fd039"}},{"type":"Feature","geometry":{"type":"Polygon","coordinates":[[[9.758610822731226,44.31310294583054],[9.782580947444517,44.31310294583054],[9.782580947444517,44.32906340038482],[9.758610822731226,44.32906340038482],[9.758610822731226,44.31310294583054]]]},"properties":{"name":"Zeri","minint_elettorale":"2090460170","op_id":"4547","minint_finloc":"3090460170","prov_name":"Massa-Carrara","prov_istat_code":"045","prov_istat_code_num":45,"prov_acr":"MS","reg_name":"Toscana","reg_istat_code":"09","reg_istat_code_num":9,"opdm_id":"4447","com_catasto_code":"M169","com_istat_code":"045017","com_istat_code_num":45017,"_featureIdx":16,"_color":"#d09e39"}},{"type":"Feature","geometry":{"type":"Polygon","coordinates":[[[9.782580947444517,44.31310294583054],[9.806551072157808,44.31310294583054],[9.806551072157808,44.32906340038482],[9.782580947444517,44.32906340038482],[9.782580947444517,44.31310294583054]]]},"properties":{"name":"Zeri","minint_elettorale":"2090460170","op_id":"4547","minint_finloc":"3090460170","prov_name":"Massa-Carrara","prov_istat_code":"045","prov_istat_code_num":45,"prov_acr":"MS","reg_name":"Toscana","reg_istat_code":"09","reg_istat_code_num":9,"opdm_id":"4447","com_catasto_code":"M169","com_istat_code":"045017","com_istat_code_num":45017,"_featureIdx":16,"_color":"#d09e39"}},{"type":"Feature","geometry":{"type":"Polygon","coordinates":[[[9.806551072157808,44.31310294583054],[9.830521196871098,44.31310294583054],[9.830521196871098,44.32906340038482],[9.806551072157808,44.32906340038482],[9.806551072157808,44.31310294583054]]]},"properties":{"name":"Zeri","minint_elettorale":"2090460170","op_id":"4547","minint_finloc":"3090460170","prov_name":"Massa-Carrara","prov_istat_code":"045","prov_istat_code_num":45,"prov_acr":"MS","reg_name":"Toscana","reg_istat_code":"09","reg_istat_code_num":9,"opdm_id":"4447","com_catasto_code":"M169","com_istat_code":"045017","com_istat_code_num":45017,"_featureIdx":16,"_color":"#d09e39"}},{"type":"Feature","geometry":{"type":"Polygon","coordinates":[[[9.830521196871098,44.31310294583054],[9.854491321584389,44.31310294583054],[9.854491321584389,44.32906340038482],[9.830521196871098,44.32906340038482],[9.830521196871098,44.31310294583054]]]},"properties":{"name":"Mulazzo","op_id":"4542","minint_finloc":"3090460120","minint_elettorale":"2090460120","prov_name":"Massa-Carrara","prov_istat_code":"045","prov_istat_code_num":45,"prov_acr":"MS","reg_name":"Toscana","reg_istat_code":"09","reg_istat_code_num":9,"opdm_id":"4442","com_catasto_code":"F802","com_istat_code":"045012","com_istat_code_num":45012,"_featureIdx":11,"_color":"#b1d039"}},{"type":"Feature","geometry":{"type":"Polygon","coordinates":[[[9.854491321584389,44.31310294583054],[9.87846144629768,44.31310294583054],[9.87846144629768,44.32906340038482],[9.854491321584389,44.32906340038482],[9.854491321584389,44.31310294583054]]]},"properties":{"name":"Mulazzo","op_id":"4542","minint_finloc":"3090460120","minint_elettorale":"2090460120","prov_name":"Massa-Carrara","prov_istat_code":"045","prov_istat_code_num":45,"prov_acr":"MS","reg_name":"Toscana","reg_istat_code":"09","reg_istat_code_num":9,"opdm_id":"4442","com_catasto_code":"F802","com_istat_code":"045012","com_istat_code_num":45012,"_featureIdx":11,"_color":"#b1d039"}},{"type":"Feature","geometry":{"type":"Polygon","coordinates":[[[9.878461446297678,44.31310294583054],[9.902431571010968,44.31310294583054],[9.902431571010968,44.32906340038482],[9.878461446297678,44.32906340038482],[9.878461446297678,44.31310294583054]]]},"properties":{"name":"Mulazzo","op_id":"4542","minint_finloc":"3090460120","minint_elettorale":"2090460120","prov_name":"Massa-Carrara","prov_istat_code":"045","prov_istat_code_num":45,"prov_acr":"MS","reg_name":"Toscana","reg_istat_code":"09","reg_istat_code_num":9,"opdm_id":"4442","com_catasto_code":"F802","com_istat_code":"045012","com_istat_code_num":45012,"_featureIdx":11,"_color":"#b1d039"}},{"type":"Feature","geometry":{"type":"Polygon","coordinates":[[[9.902431571010968,44.31310294583054],[9.926401695724259,44.31310294583054],[9.926401695724259,44.32906340038482],[9.902431571010968,44.32906340038482],[9.902431571010968,44.31310294583054]]]},"properties":{"name":"Mulazzo","op_id":"4542","minint_finloc":"3090460120","minint_elettorale":"2090460120","prov_name":"Massa-Carrara","prov_istat_code":"045","prov_istat_code_num":45,"prov_acr":"MS","reg_name":"Toscana","reg_istat_code":"09","reg_istat_code_num":9,"opdm_id":"4442","com_catasto_code":"F802","com_istat_code":"045012","com_istat_code_num":45012,"_featureIdx":11,"_color":"#b1d039"}},{"type":"Feature","geometry":{"type":"Polygon","coordinates":[[[9.926401695724259,44.31310294583054],[9.95037182043755,44.31310294583054],[9.95037182043755,44.32906340038482],[9.926401695724259,44.32906340038482],[9.926401695724259,44.31310294583054]]]},"properties":{"name":"Filattiera","op_id":"4536","minint_finloc":"3090460060","minint_elettorale":"2090460060","prov_name":"Massa-Carrara","prov_istat_code":"045","prov_istat_code_num":45,"prov_acr":"MS","reg_name":"Toscana","reg_istat_code":"09","reg_istat_code_num":9,"opdm_id":"4436","com_catasto_code":"D590","com_istat_code":"045006","com_istat_code_num":45006,"_featureIdx":5,"_color":"#d0398b"}},{"type":"Feature","geometry":{"type":"Polygon","coordinates":[[[9.95037182043755,44.31310294583054],[9.97434194515084,44.31310294583054],[9.97434194515084,44.32906340038482],[9.95037182043755,44.32906340038482],[9.95037182043755,44.31310294583054]]]},"properties":{"name":"Villafranca in Lunigiana","minint_elettorale":"2090460160","minint_finloc":"3090460160","op_id":"4546","prov_name":"Massa-Carrara","prov_istat_code":"045","prov_istat_code_num":45,"prov_acr":"MS","reg_name":"Toscana","reg_istat_code":"09","reg_istat_code_num":9,"opdm_id":"4446","com_catasto_code":"L946","com_istat_code":"045016","com_istat_code_num":45016,"_featureIdx":15,"_color":"#7239d0"}},{"type":"Feature","geometry":{"type":"Polygon","coordinates":[[[9.97434194515084,44.31310294583054],[9.99831206986413,44.31310294583054],[9.99831206986413,44.32906340038482],[9.97434194515084,44.32906340038482],[9.97434194515084,44.31310294583054]]]},"properties":{"name":"Bagnone","op_id":"4532","minint_elettorale":"2090460020","minint_finloc":"3090460020","prov_name":"Massa-Carrara","prov_istat_code":"045","prov_istat_code_num":45,"prov_acr":"MS","reg_name":"Toscana","reg_istat_code":"09","reg_istat_code_num":9,"opdm_id":"4432","com_catasto_code":"A576","com_istat_code":"045002","com_istat_code_num":45002,"_featureIdx":1,"_color":"#39d065"}},{"type":"Feature","geometry":{"type":"Polygon","coordinates":[[[9.99831206986413,44.31310294583054],[10.022282194577421,44.31310294583054],[10.022282194577421,44.32906340038482],[9.99831206986413,44.32906340038482],[9.99831206986413,44.31310294583054]]]},"properties":{"name":"Bagnone","op_id":"4532","minint_elettorale":"2090460020","minint_finloc":"3090460020","prov_name":"Massa-Carrara","prov_istat_code":"045","prov_istat_code_num":45,"prov_acr":"MS","reg_name":"Toscana","reg_istat_code":"09","reg_istat_code_num":9,"opdm_id":"4432","com_catasto_code":"A576","com_istat_code":"045002","com_istat_code_num":45002,"_featureIdx":1,"_color":"#39d065"}},{"type":"Feature","geometry":{"type":"Polygon","coordinates":[[[10.02228219457742,44.31310294583054],[10.04625231929071,44.31310294583054],[10.04625231929071,44.32906340038482],[10.02228219457742,44.32906340038482],[10.02228219457742,44.31310294583054]]]},"properties":{"name":"Bagnone","op_id":"4532","minint_elettorale":"2090460020","minint_finloc":"3090460020","prov_name":"Massa-Carrara","prov_istat_code":"045","prov_istat_code_num":45,"prov_acr":"MS","reg_name":"Toscana","reg_istat_code":"09","reg_istat_code_num":9,"opdm_id":"4432","com_catasto_code":"A576","com_istat_code":"045002","com_istat_code_num":45002,"_featureIdx":1,"_color":"#39d065"}},{"type":"Feature","geometry":{"type":"Polygon","coordinates":[[[10.04625231929071,44.31310294583054],[10.070222444004001,44.31310294583054],[10.070222444004001,44.32906340038482],[10.04625231929071,44.32906340038482],[10.04625231929071,44.31310294583054]]]},"properties":{"name":"Licciana Nardi","minint_elettorale":"2090460090","minint_finloc":"3090460090","op_id":"4539","prov_name":"Massa-Carrara","prov_istat_code":"045","prov_istat_code_num":45,"prov_acr":"MS","reg_name":"Toscana","reg_istat_code":"09","reg_istat_code_num":9,"opdm_id":"4439","com_catasto_code":"E574","com_istat_code":"045009","com_istat_code_num":45009,"_featureIdx":8,"_color":"#d06b39"}},{"type":"Feature","geometry":{"type":"Polygon","coordinates":[[[10.070222444004001,44.31310294583054],[10.094192568717292,44.31310294583054],[10.094192568717292,44.32906340038482],[10.070222444004001,44.32906340038482],[10.070222444004001,44.31310294583054]]]},"properties":{"name":"Licciana Nardi","minint_elettorale":"2090460090","minint_finloc":"3090460090","op_id":"4539","prov_name":"Massa-Carrara","prov_istat_code":"045","prov_istat_code_num":45,"prov_acr":"MS","reg_name":"Toscana","reg_istat_code":"09","reg_istat_code_num":9,"opdm_id":"4439","com_catasto_code":"E574","com_istat_code":"045009","com_istat_code_num":45009,"_featureIdx":8,"_color":"#d06b39"}},{"type":"Feature","geometry":{"type":"Polygon","coordinates":[[[10.094192568717292,44.31310294583054],[10.118162693430582,44.31310294583054],[10.118162693430582,44.32906340038482],[10.094192568717292,44.32906340038482],[10.094192568717292,44.31310294583054]]]},"properties":{"name":"Comano","op_id":"4535","minint_elettorale":"2090460050","minint_finloc":"3090460050","prov_name":"Massa-Carrara","prov_istat_code":"045","prov_istat_code_num":45,"prov_acr":"MS","reg_name":"Toscana","reg_istat_code":"09","reg_istat_code_num":9,"opdm_id":"4435","com_catasto_code":"C914","com_istat_code":"045005","com_istat_code_num":45005,"_featureIdx":4,"_color":"#39b7d0"}},{"type":"Feature","geometry":{"type":"Polygon","coordinates":[[[10.118162693430582,44.31310294583054],[10.142132818143873,44.31310294583054],[10.142132818143873,44.32906340038482],[10.118162693430582,44.32906340038482],[10.118162693430582,44.31310294583054]]]},"properties":{"name":"Comano","op_id":"4535","minint_elettorale":"2090460050","minint_finloc":"3090460050","prov_name":"Massa-Carrara","prov_istat_code":"045","prov_istat_code_num":45,"prov_acr":"MS","reg_name":"Toscana","reg_istat_code":"09","reg_istat_code_num":9,"opdm_id":"4435","com_catasto_code":"C914","com_istat_code":"045005","com_istat_code_num":45005,"_featureIdx":4,"_color":"#39b7d0"}},{"type":"Feature","geometry":{"type":"Polygon","coordinates":[[[10.142132818143871,44.31310294583054],[10.166102942857162,44.31310294583054],[10.166102942857162,44.32906340038482],[10.142132818143871,44.32906340038482],[10.142132818143871,44.31310294583054]]]},"properties":{"name":"Comano","op_id":"4535","minint_elettorale":"2090460050","minint_finloc":"3090460050","prov_name":"Massa-Carrara","prov_istat_code":"045","prov_istat_code_num":45,"prov_acr":"MS","reg_name":"Toscana","reg_istat_code":"09","reg_istat_code_num":9,"opdm_id":"4435","com_catasto_code":"C914","com_istat_code":"045005","com_istat_code_num":45005,"_featureIdx":4,"_color":"#39b7d0"}},{"type":"Feature","geometry":{"type":"Polygon","coordinates":[[[10.166102942857162,44.31310294583054],[10.190073067570452,44.31310294583054],[10.190073067570452,44.32906340038482],[10.166102942857162,44.32906340038482],[10.166102942857162,44.31310294583054]]]},"properties":{"name":"Comano","op_id":"4535","minint_elettorale":"2090460050","minint_finloc":"3090460050","prov_name":"Massa-Carrara","prov_istat_code":"045","prov_istat_code_num":45,"prov_acr":"MS","reg_name":"Toscana","reg_istat_code":"09","reg_istat_code_num":9,"opdm_id":"4435","com_catasto_code":"C914","com_istat_code":"045005","com_istat_code_num":45005,"_featureIdx":4,"_color":"#39b7d0"}},{"type":"Feature","geometry":{"type":"Polygon","coordinates":[[[9.734640698017937,44.32906340038481],[9.758610822731228,44.32906340038481],[9.758610822731228,44.345023854939086],[9.734640698017937,44.345023854939086],[9.734640698017937,44.32906340038481]]]},"properties":{"name":"Zeri","minint_elettorale":"2090460170","op_id":"4547","minint_finloc":"3090460170","prov_name":"Massa-Carrara","prov_istat_code":"045","prov_istat_code_num":45,"prov_acr":"MS","reg_name":"Toscana","reg_istat_code":"09","reg_istat_code_num":9,"opdm_id":"4447","com_catasto_code":"M169","com_istat_code":"045017","com_istat_code_num":45017,"_featureIdx":16,"_color":"#d09e39"}},{"type":"Feature","geometry":{"type":"Polygon","coordinates":[[[9.758610822731226,44.32906340038481],[9.782580947444517,44.32906340038481],[9.782580947444517,44.345023854939086],[9.758610822731226,44.345023854939086],[9.758610822731226,44.32906340038481]]]},"properties":{"name":"Zeri","minint_elettorale":"2090460170","op_id":"4547","minint_finloc":"3090460170","prov_name":"Massa-Carrara","prov_istat_code":"045","prov_istat_code_num":45,"prov_acr":"MS","reg_name":"Toscana","reg_istat_code":"09","reg_istat_code_num":9,"opdm_id":"4447","com_catasto_code":"M169","com_istat_code":"045017","com_istat_code_num":45017,"_featureIdx":16,"_color":"#d09e39"}},{"type":"Feature","geometry":{"type":"Polygon","coordinates":[[[9.782580947444517,44.32906340038481],[9.806551072157808,44.32906340038481],[9.806551072157808,44.345023854939086],[9.782580947444517,44.345023854939086],[9.782580947444517,44.32906340038481]]]},"properties":{"name":"Zeri","minint_elettorale":"2090460170","op_id":"4547","minint_finloc":"3090460170","prov_name":"Massa-Carrara","prov_istat_code":"045","prov_istat_code_num":45,"prov_acr":"MS","reg_name":"Toscana","reg_istat_code":"09","reg_istat_code_num":9,"opdm_id":"4447","com_catasto_code":"M169","com_istat_code":"045017","com_istat_code_num":45017,"_featureIdx":16,"_color":"#d09e39"}},{"type":"Feature","geometry":{"type":"Polygon","coordinates":[[[9.806551072157808,44.32906340038481],[9.830521196871098,44.32906340038481],[9.830521196871098,44.345023854939086],[9.806551072157808,44.345023854939086],[9.806551072157808,44.32906340038481]]]},"properties":{"name":"Zeri","minint_elettorale":"2090460170","op_id":"4547","minint_finloc":"3090460170","prov_name":"Massa-Carrara","prov_istat_code":"045","prov_istat_code_num":45,"prov_acr":"MS","reg_name":"Toscana","reg_istat_code":"09","reg_istat_code_num":9,"opdm_id":"4447","com_catasto_code":"M169","com_istat_code":"045017","com_istat_code_num":45017,"_featureIdx":16,"_color":"#d09e39"}},{"type":"Feature","geometry":{"type":"Polygon","coordinates":[[[9.854491321584389,44.32906340038481],[9.87846144629768,44.32906340038481],[9.87846144629768,44.345023854939086],[9.854491321584389,44.345023854939086],[9.854491321584389,44.32906340038481]]]},"properties":{"name":"Mulazzo","op_id":"4542","minint_finloc":"3090460120","minint_elettorale":"2090460120","prov_name":"Massa-Carrara","prov_istat_code":"045","prov_istat_code_num":45,"prov_acr":"MS","reg_name":"Toscana","reg_istat_code":"09","reg_istat_code_num":9,"opdm_id":"4442","com_catasto_code":"F802","com_istat_code":"045012","com_istat_code_num":45012,"_featureIdx":11,"_color":"#b1d039"}},{"type":"Feature","geometry":{"type":"Polygon","coordinates":[[[9.878461446297678,44.32906340038481],[9.902431571010968,44.32906340038481],[9.902431571010968,44.345023854939086],[9.878461446297678,44.345023854939086],[9.878461446297678,44.32906340038481]]]},"properties":{"name":"Mulazzo","op_id":"4542","minint_finloc":"3090460120","minint_elettorale":"2090460120","prov_name":"Massa-Carrara","prov_istat_code":"045","prov_istat_code_num":45,"prov_acr":"MS","reg_name":"Toscana","reg_istat_code":"09","reg_istat_code_num":9,"opdm_id":"4442","com_catasto_code":"F802","com_istat_code":"045012","com_istat_code_num":45012,"_featureIdx":11,"_color":"#b1d039"}},{"type":"Feature","geometry":{"type":"Polygon","coordinates":[[[9.902431571010968,44.32906340038481],[9.926401695724259,44.32906340038481],[9.926401695724259,44.345023854939086],[9.902431571010968,44.345023854939086],[9.902431571010968,44.32906340038481]]]},"properties":{"name":"Filattiera","op_id":"4536","minint_finloc":"3090460060","minint_elettorale":"2090460060","prov_name":"Massa-Carrara","prov_istat_code":"045","prov_istat_code_num":45,"prov_acr":"MS","reg_name":"Toscana","reg_istat_code":"09","reg_istat_code_num":9,"opdm_id":"4436","com_catasto_code":"D590","com_istat_code":"045006","com_istat_code_num":45006,"_featureIdx":5,"_color":"#d0398b"}},{"type":"Feature","geometry":{"type":"Polygon","coordinates":[[[9.926401695724259,44.32906340038481],[9.95037182043755,44.32906340038481],[9.95037182043755,44.345023854939086],[9.926401695724259,44.345023854939086],[9.926401695724259,44.32906340038481]]]},"properties":{"name":"Filattiera","op_id":"4536","minint_finloc":"3090460060","minint_elettorale":"2090460060","prov_name":"Massa-Carrara","prov_istat_code":"045","prov_istat_code_num":45,"prov_acr":"MS","reg_name":"Toscana","reg_istat_code":"09","reg_istat_code_num":9,"opdm_id":"4436","com_catasto_code":"D590","com_istat_code":"045006","com_istat_code_num":45006,"_featureIdx":5,"_color":"#d0398b"}},{"type":"Feature","geometry":{"type":"Polygon","coordinates":[[[9.95037182043755,44.32906340038481],[9.97434194515084,44.32906340038481],[9.97434194515084,44.345023854939086],[9.95037182043755,44.345023854939086],[9.95037182043755,44.32906340038481]]]},"properties":{"name":"Villafranca in Lunigiana","minint_elettorale":"2090460160","minint_finloc":"3090460160","op_id":"4546","prov_name":"Massa-Carrara","prov_istat_code":"045","prov_istat_code_num":45,"prov_acr":"MS","reg_name":"Toscana","reg_istat_code":"09","reg_istat_code_num":9,"opdm_id":"4446","com_catasto_code":"L946","com_istat_code":"045016","com_istat_code_num":45016,"_featureIdx":15,"_color":"#7239d0"}},{"type":"Feature","geometry":{"type":"Polygon","coordinates":[[[9.97434194515084,44.32906340038481],[9.99831206986413,44.32906340038481],[9.99831206986413,44.345023854939086],[9.97434194515084,44.345023854939086],[9.97434194515084,44.32906340038481]]]},"properties":{"name":"Bagnone","op_id":"4532","minint_elettorale":"2090460020","minint_finloc":"3090460020","prov_name":"Massa-Carrara","prov_istat_code":"045","prov_istat_code_num":45,"prov_acr":"MS","reg_name":"Toscana","reg_istat_code":"09","reg_istat_code_num":9,"opdm_id":"4432","com_catasto_code":"A576","com_istat_code":"045002","com_istat_code_num":45002,"_featureIdx":1,"_color":"#39d065"}},{"type":"Feature","geometry":{"type":"Polygon","coordinates":[[[9.99831206986413,44.32906340038481],[10.022282194577421,44.32906340038481],[10.022282194577421,44.345023854939086],[9.99831206986413,44.345023854939086],[9.99831206986413,44.32906340038481]]]},"properties":{"name":"Bagnone","op_id":"4532","minint_elettorale":"2090460020","minint_finloc":"3090460020","prov_name":"Massa-Carrara","prov_istat_code":"045","prov_istat_code_num":45,"prov_acr":"MS","reg_name":"Toscana","reg_istat_code":"09","reg_istat_code_num":9,"opdm_id":"4432","com_catasto_code":"A576","com_istat_code":"045002","com_istat_code_num":45002,"_featureIdx":1,"_color":"#39d065"}},{"type":"Feature","geometry":{"type":"Polygon","coordinates":[[[10.02228219457742,44.32906340038481],[10.04625231929071,44.32906340038481],[10.04625231929071,44.345023854939086],[10.02228219457742,44.345023854939086],[10.02228219457742,44.32906340038481]]]},"properties":{"name":"Bagnone","op_id":"4532","minint_elettorale":"2090460020","minint_finloc":"3090460020","prov_name":"Massa-Carrara","prov_istat_code":"045","prov_istat_code_num":45,"prov_acr":"MS","reg_name":"Toscana","reg_istat_code":"09","reg_istat_code_num":9,"opdm_id":"4432","com_catasto_code":"A576","com_istat_code":"045002","com_istat_code_num":45002,"_featureIdx":1,"_color":"#39d065"}},{"type":"Feature","geometry":{"type":"Polygon","coordinates":[[[10.04625231929071,44.32906340038481],[10.070222444004001,44.32906340038481],[10.070222444004001,44.345023854939086],[10.04625231929071,44.345023854939086],[10.04625231929071,44.32906340038481]]]},"properties":{"name":"Bagnone","op_id":"4532","minint_elettorale":"2090460020","minint_finloc":"3090460020","prov_name":"Massa-Carrara","prov_istat_code":"045","prov_istat_code_num":45,"prov_acr":"MS","reg_name":"Toscana","reg_istat_code":"09","reg_istat_code_num":9,"opdm_id":"4432","com_catasto_code":"A576","com_istat_code":"045002","com_istat_code_num":45002,"_featureIdx":1,"_color":"#39d065"}},{"type":"Feature","geometry":{"type":"Polygon","coordinates":[[[10.070222444004001,44.32906340038481],[10.094192568717292,44.32906340038481],[10.094192568717292,44.345023854939086],[10.070222444004001,44.345023854939086],[10.070222444004001,44.32906340038481]]]},"properties":{"name":"Licciana Nardi","minint_elettorale":"2090460090","minint_finloc":"3090460090","op_id":"4539","prov_name":"Massa-Carrara","prov_istat_code":"045","prov_istat_code_num":45,"prov_acr":"MS","reg_name":"Toscana","reg_istat_code":"09","reg_istat_code_num":9,"opdm_id":"4439","com_catasto_code":"E574","com_istat_code":"045009","com_istat_code_num":45009,"_featureIdx":8,"_color":"#d06b39"}},{"type":"Feature","geometry":{"type":"Polygon","coordinates":[[[10.094192568717292,44.32906340038481],[10.118162693430582,44.32906340038481],[10.118162693430582,44.345023854939086],[10.094192568717292,44.345023854939086],[10.094192568717292,44.32906340038481]]]},"properties":{"name":"Licciana Nardi","minint_elettorale":"2090460090","minint_finloc":"3090460090","op_id":"4539","prov_name":"Massa-Carrara","prov_istat_code":"045","prov_istat_code_num":45,"prov_acr":"MS","reg_name":"Toscana","reg_istat_code":"09","reg_istat_code_num":9,"opdm_id":"4439","com_catasto_code":"E574","com_istat_code":"045009","com_istat_code_num":45009,"_featureIdx":8,"_color":"#d06b39"}},{"type":"Feature","geometry":{"type":"Polygon","coordinates":[[[10.118162693430582,44.32906340038481],[10.142132818143873,44.32906340038481],[10.142132818143873,44.345023854939086],[10.118162693430582,44.345023854939086],[10.118162693430582,44.32906340038481]]]},"properties":{"name":"Comano","op_id":"4535","minint_elettorale":"2090460050","minint_finloc":"3090460050","prov_name":"Massa-Carrara","prov_istat_code":"045","prov_istat_code_num":45,"prov_acr":"MS","reg_name":"Toscana","reg_istat_code":"09","reg_istat_code_num":9,"opdm_id":"4435","com_catasto_code":"C914","com_istat_code":"045005","com_istat_code_num":45005,"_featureIdx":4,"_color":"#39b7d0"}},{"type":"Feature","geometry":{"type":"Polygon","coordinates":[[[10.142132818143871,44.32906340038481],[10.166102942857162,44.32906340038481],[10.166102942857162,44.345023854939086],[10.142132818143871,44.345023854939086],[10.142132818143871,44.32906340038481]]]},"properties":{"name":"Comano","op_id":"4535","minint_elettorale":"2090460050","minint_finloc":"3090460050","prov_name":"Massa-Carrara","prov_istat_code":"045","prov_istat_code_num":45,"prov_acr":"MS","reg_name":"Toscana","reg_istat_code":"09","reg_istat_code_num":9,"opdm_id":"4435","com_catasto_code":"C914","com_istat_code":"045005","com_istat_code_num":45005,"_featureIdx":4,"_color":"#39b7d0"}},{"type":"Feature","geometry":{"type":"Polygon","coordinates":[[[9.710670573304647,44.345023854939086],[9.734640698017937,44.345023854939086],[9.734640698017937,44.36098430949336],[9.710670573304647,44.36098430949336],[9.710670573304647,44.345023854939086]]]},"properties":{"name":"Zeri","minint_elettorale":"2090460170","op_id":"4547","minint_finloc":"3090460170","prov_name":"Massa-Carrara","prov_istat_code":"045","prov_istat_code_num":45,"prov_acr":"MS","reg_name":"Toscana","reg_istat_code":"09","reg_istat_code_num":9,"opdm_id":"4447","com_catasto_code":"M169","com_istat_code":"045017","com_istat_code_num":45017,"_featureIdx":16,"_color":"#d09e39"}},{"type":"Feature","geometry":{"type":"Polygon","coordinates":[[[9.734640698017937,44.345023854939086],[9.758610822731228,44.345023854939086],[9.758610822731228,44.36098430949336],[9.734640698017937,44.36098430949336],[9.734640698017937,44.345023854939086]]]},"properties":{"name":"Zeri","minint_elettorale":"2090460170","op_id":"4547","minint_finloc":"3090460170","prov_name":"Massa-Carrara","prov_istat_code":"045","prov_istat_code_num":45,"prov_acr":"MS","reg_name":"Toscana","reg_istat_code":"09","reg_istat_code_num":9,"opdm_id":"4447","com_catasto_code":"M169","com_istat_code":"045017","com_istat_code_num":45017,"_featureIdx":16,"_color":"#d09e39"}},{"type":"Feature","geometry":{"type":"Polygon","coordinates":[[[9.758610822731226,44.345023854939086],[9.782580947444517,44.345023854939086],[9.782580947444517,44.36098430949336],[9.758610822731226,44.36098430949336],[9.758610822731226,44.345023854939086]]]},"properties":{"name":"Zeri","minint_elettorale":"2090460170","op_id":"4547","minint_finloc":"3090460170","prov_name":"Massa-Carrara","prov_istat_code":"045","prov_istat_code_num":45,"prov_acr":"MS","reg_name":"Toscana","reg_istat_code":"09","reg_istat_code_num":9,"opdm_id":"4447","com_catasto_code":"M169","com_istat_code":"045017","com_istat_code_num":45017,"_featureIdx":16,"_color":"#d09e39"}},{"type":"Feature","geometry":{"type":"Polygon","coordinates":[[[9.782580947444517,44.345023854939086],[9.806551072157808,44.345023854939086],[9.806551072157808,44.36098430949336],[9.782580947444517,44.36098430949336],[9.782580947444517,44.345023854939086]]]},"properties":{"name":"Zeri","minint_elettorale":"2090460170","op_id":"4547","minint_finloc":"3090460170","prov_name":"Massa-Carrara","prov_istat_code":"045","prov_istat_code_num":45,"prov_acr":"MS","reg_name":"Toscana","reg_istat_code":"09","reg_istat_code_num":9,"opdm_id":"4447","com_catasto_code":"M169","com_istat_code":"045017","com_istat_code_num":45017,"_featureIdx":16,"_color":"#d09e39"}},{"type":"Feature","geometry":{"type":"Polygon","coordinates":[[[9.806551072157808,44.345023854939086],[9.830521196871098,44.345023854939086],[9.830521196871098,44.36098430949336],[9.806551072157808,44.36098430949336],[9.806551072157808,44.345023854939086]]]},"properties":{"name":"Zeri","minint_elettorale":"2090460170","op_id":"4547","minint_finloc":"3090460170","prov_name":"Massa-Carrara","prov_istat_code":"045","prov_istat_code_num":45,"prov_acr":"MS","reg_name":"Toscana","reg_istat_code":"09","reg_istat_code_num":9,"opdm_id":"4447","com_catasto_code":"M169","com_istat_code":"045017","com_istat_code_num":45017,"_featureIdx":16,"_color":"#d09e39"}},{"type":"Feature","geometry":{"type":"Polygon","coordinates":[[[9.902431571010968,44.345023854939086],[9.926401695724259,44.345023854939086],[9.926401695724259,44.36098430949336],[9.902431571010968,44.36098430949336],[9.902431571010968,44.345023854939086]]]},"properties":{"name":"Filattiera","op_id":"4536","minint_finloc":"3090460060","minint_elettorale":"2090460060","prov_name":"Massa-Carrara","prov_istat_code":"045","prov_istat_code_num":45,"prov_acr":"MS","reg_name":"Toscana","reg_istat_code":"09","reg_istat_code_num":9,"opdm_id":"4436","com_catasto_code":"D590","com_istat_code":"045006","com_istat_code_num":45006,"_featureIdx":5,"_color":"#d0398b"}},{"type":"Feature","geometry":{"type":"Polygon","coordinates":[[[9.926401695724259,44.345023854939086],[9.95037182043755,44.345023854939086],[9.95037182043755,44.36098430949336],[9.926401695724259,44.36098430949336],[9.926401695724259,44.345023854939086]]]},"properties":{"name":"Filattiera","op_id":"4536","minint_finloc":"3090460060","minint_elettorale":"2090460060","prov_name":"Massa-Carrara","prov_istat_code":"045","prov_istat_code_num":45,"prov_acr":"MS","reg_name":"Toscana","reg_istat_code":"09","reg_istat_code_num":9,"opdm_id":"4436","com_catasto_code":"D590","com_istat_code":"045006","com_istat_code_num":45006,"_featureIdx":5,"_color":"#d0398b"}},{"type":"Feature","geometry":{"type":"Polygon","coordinates":[[[9.95037182043755,44.345023854939086],[9.97434194515084,44.345023854939086],[9.97434194515084,44.36098430949336],[9.95037182043755,44.36098430949336],[9.95037182043755,44.345023854939086]]]},"properties":{"name":"Filattiera","op_id":"4536","minint_finloc":"3090460060","minint_elettorale":"2090460060","prov_name":"Massa-Carrara","prov_istat_code":"045","prov_istat_code_num":45,"prov_acr":"MS","reg_name":"Toscana","reg_istat_code":"09","reg_istat_code_num":9,"opdm_id":"4436","com_catasto_code":"D590","com_istat_code":"045006","com_istat_code_num":45006,"_featureIdx":5,"_color":"#d0398b"}},{"type":"Feature","geometry":{"type":"Polygon","coordinates":[[[9.97434194515084,44.345023854939086],[9.99831206986413,44.345023854939086],[9.99831206986413,44.36098430949336],[9.97434194515084,44.36098430949336],[9.97434194515084,44.345023854939086]]]},"properties":{"name":"Bagnone","op_id":"4532","minint_elettorale":"2090460020","minint_finloc":"3090460020","prov_name":"Massa-Carrara","prov_istat_code":"045","prov_istat_code_num":45,"prov_acr":"MS","reg_name":"Toscana","reg_istat_code":"09","reg_istat_code_num":9,"opdm_id":"4432","com_catasto_code":"A576","com_istat_code":"045002","com_istat_code_num":45002,"_featureIdx":1,"_color":"#39d065"}},{"type":"Feature","geometry":{"type":"Polygon","coordinates":[[[9.99831206986413,44.345023854939086],[10.022282194577421,44.345023854939086],[10.022282194577421,44.36098430949336],[9.99831206986413,44.36098430949336],[9.99831206986413,44.345023854939086]]]},"properties":{"name":"Bagnone","op_id":"4532","minint_elettorale":"2090460020","minint_finloc":"3090460020","prov_name":"Massa-Carrara","prov_istat_code":"045","prov_istat_code_num":45,"prov_acr":"MS","reg_name":"Toscana","reg_istat_code":"09","reg_istat_code_num":9,"opdm_id":"4432","com_catasto_code":"A576","com_istat_code":"045002","com_istat_code_num":45002,"_featureIdx":1,"_color":"#39d065"}},{"type":"Feature","geometry":{"type":"Polygon","coordinates":[[[10.02228219457742,44.345023854939086],[10.04625231929071,44.345023854939086],[10.04625231929071,44.36098430949336],[10.02228219457742,44.36098430949336],[10.02228219457742,44.345023854939086]]]},"properties":{"name":"Bagnone","op_id":"4532","minint_elettorale":"2090460020","minint_finloc":"3090460020","prov_name":"Massa-Carrara","prov_istat_code":"045","prov_istat_code_num":45,"prov_acr":"MS","reg_name":"Toscana","reg_istat_code":"09","reg_istat_code_num":9,"opdm_id":"4432","com_catasto_code":"A576","com_istat_code":"045002","com_istat_code_num":45002,"_featureIdx":1,"_color":"#39d065"}},{"type":"Feature","geometry":{"type":"Polygon","coordinates":[[[10.04625231929071,44.345023854939086],[10.070222444004001,44.345023854939086],[10.070222444004001,44.36098430949336],[10.04625231929071,44.36098430949336],[10.04625231929071,44.345023854939086]]]},"properties":{"name":"Bagnone","op_id":"4532","minint_elettorale":"2090460020","minint_finloc":"3090460020","prov_name":"Massa-Carrara","prov_istat_code":"045","prov_istat_code_num":45,"prov_acr":"MS","reg_name":"Toscana","reg_istat_code":"09","reg_istat_code_num":9,"opdm_id":"4432","com_catasto_code":"A576","com_istat_code":"045002","com_istat_code_num":45002,"_featureIdx":1,"_color":"#39d065"}},{"type":"Feature","geometry":{"type":"Polygon","coordinates":[[[10.070222444004001,44.345023854939086],[10.094192568717292,44.345023854939086],[10.094192568717292,44.36098430949336],[10.070222444004001,44.36098430949336],[10.070222444004001,44.345023854939086]]]},"properties":{"name":"Licciana Nardi","minint_elettorale":"2090460090","minint_finloc":"3090460090","op_id":"4539","prov_name":"Massa-Carrara","prov_istat_code":"045","prov_istat_code_num":45,"prov_acr":"MS","reg_name":"Toscana","reg_istat_code":"09","reg_istat_code_num":9,"opdm_id":"4439","com_catasto_code":"E574","com_istat_code":"045009","com_istat_code_num":45009,"_featureIdx":8,"_color":"#d06b39"}},{"type":"Feature","geometry":{"type":"Polygon","coordinates":[[[10.118162693430582,44.345023854939086],[10.142132818143873,44.345023854939086],[10.142132818143873,44.36098430949336],[10.118162693430582,44.36098430949336],[10.118162693430582,44.345023854939086]]]},"properties":{"name":"Comano","op_id":"4535","minint_elettorale":"2090460050","minint_finloc":"3090460050","prov_name":"Massa-Carrara","prov_istat_code":"045","prov_istat_code_num":45,"prov_acr":"MS","reg_name":"Toscana","reg_istat_code":"09","reg_istat_code_num":9,"opdm_id":"4435","com_catasto_code":"C914","com_istat_code":"045005","com_istat_code_num":45005,"_featureIdx":4,"_color":"#39b7d0"}},{"type":"Feature","geometry":{"type":"Polygon","coordinates":[[[9.686700448591356,44.36098430949336],[9.710670573304647,44.36098430949336],[9.710670573304647,44.376944764047636],[9.686700448591356,44.376944764047636],[9.686700448591356,44.36098430949336]]]},"properties":{"name":"Zeri","minint_elettorale":"2090460170","op_id":"4547","minint_finloc":"3090460170","prov_name":"Massa-Carrara","prov_istat_code":"045","prov_istat_code_num":45,"prov_acr":"MS","reg_name":"Toscana","reg_istat_code":"09","reg_istat_code_num":9,"opdm_id":"4447","com_catasto_code":"M169","com_istat_code":"045017","com_istat_code_num":45017,"_featureIdx":16,"_color":"#d09e39"}},{"type":"Feature","geometry":{"type":"Polygon","coordinates":[[[9.710670573304647,44.36098430949336],[9.734640698017937,44.36098430949336],[9.734640698017937,44.376944764047636],[9.710670573304647,44.376944764047636],[9.710670573304647,44.36098430949336]]]},"properties":{"name":"Zeri","minint_elettorale":"2090460170","op_id":"4547","minint_finloc":"3090460170","prov_name":"Massa-Carrara","prov_istat_code":"045","prov_istat_code_num":45,"prov_acr":"MS","reg_name":"Toscana","reg_istat_code":"09","reg_istat_code_num":9,"opdm_id":"4447","com_catasto_code":"M169","com_istat_code":"045017","com_istat_code_num":45017,"_featureIdx":16,"_color":"#d09e39"}},{"type":"Feature","geometry":{"type":"Polygon","coordinates":[[[9.734640698017937,44.36098430949336],[9.758610822731228,44.36098430949336],[9.758610822731228,44.376944764047636],[9.734640698017937,44.376944764047636],[9.734640698017937,44.36098430949336]]]},"properties":{"name":"Zeri","minint_elettorale":"2090460170","op_id":"4547","minint_finloc":"3090460170","prov_name":"Massa-Carrara","prov_istat_code":"045","prov_istat_code_num":45,"prov_acr":"MS","reg_name":"Toscana","reg_istat_code":"09","reg_istat_code_num":9,"opdm_id":"4447","com_catasto_code":"M169","com_istat_code":"045017","com_istat_code_num":45017,"_featureIdx":16,"_color":"#d09e39"}},{"type":"Feature","geometry":{"type":"Polygon","coordinates":[[[9.758610822731226,44.36098430949336],[9.782580947444517,44.36098430949336],[9.782580947444517,44.376944764047636],[9.758610822731226,44.376944764047636],[9.758610822731226,44.36098430949336]]]},"properties":{"name":"Zeri","minint_elettorale":"2090460170","op_id":"4547","minint_finloc":"3090460170","prov_name":"Massa-Carrara","prov_istat_code":"045","prov_istat_code_num":45,"prov_acr":"MS","reg_name":"Toscana","reg_istat_code":"09","reg_istat_code_num":9,"opdm_id":"4447","com_catasto_code":"M169","com_istat_code":"045017","com_istat_code_num":45017,"_featureIdx":16,"_color":"#d09e39"}},{"type":"Feature","geometry":{"type":"Polygon","coordinates":[[[9.782580947444517,44.36098430949336],[9.806551072157808,44.36098430949336],[9.806551072157808,44.376944764047636],[9.782580947444517,44.376944764047636],[9.782580947444517,44.36098430949336]]]},"properties":{"name":"Zeri","minint_elettorale":"2090460170","op_id":"4547","minint_finloc":"3090460170","prov_name":"Massa-Carrara","prov_istat_code":"045","prov_istat_code_num":45,"prov_acr":"MS","reg_name":"Toscana","reg_istat_code":"09","reg_istat_code_num":9,"opdm_id":"4447","com_catasto_code":"M169","com_istat_code":"045017","com_istat_code_num":45017,"_featureIdx":16,"_color":"#d09e39"}},{"type":"Feature","geometry":{"type":"Polygon","coordinates":[[[9.806551072157808,44.36098430949336],[9.830521196871098,44.36098430949336],[9.830521196871098,44.376944764047636],[9.806551072157808,44.376944764047636],[9.806551072157808,44.36098430949336]]]},"properties":{"name":"Zeri","minint_elettorale":"2090460170","op_id":"4547","minint_finloc":"3090460170","prov_name":"Massa-Carrara","prov_istat_code":"045","prov_istat_code_num":45,"prov_acr":"MS","reg_name":"Toscana","reg_istat_code":"09","reg_istat_code_num":9,"opdm_id":"4447","com_catasto_code":"M169","com_istat_code":"045017","com_istat_code_num":45017,"_featureIdx":16,"_color":"#d09e39"}},{"type":"Feature","geometry":{"type":"Polygon","coordinates":[[[9.830521196871098,44.36098430949336],[9.854491321584389,44.36098430949336],[9.854491321584389,44.376944764047636],[9.830521196871098,44.376944764047636],[9.830521196871098,44.36098430949336]]]},"properties":{"name":"Zeri","minint_elettorale":"2090460170","op_id":"4547","minint_finloc":"3090460170","prov_name":"Massa-Carrara","prov_istat_code":"045","prov_istat_code_num":45,"prov_acr":"MS","reg_name":"Toscana","reg_istat_code":"09","reg_istat_code_num":9,"opdm_id":"4447","com_catasto_code":"M169","com_istat_code":"045017","com_istat_code_num":45017,"_featureIdx":16,"_color":"#d09e39"}},{"type":"Feature","geometry":{"type":"Polygon","coordinates":[[[9.902431571010968,44.36098430949336],[9.926401695724259,44.36098430949336],[9.926401695724259,44.376944764047636],[9.902431571010968,44.376944764047636],[9.902431571010968,44.36098430949336]]]},"properties":{"name":"Filattiera","op_id":"4536","minint_finloc":"3090460060","minint_elettorale":"2090460060","prov_name":"Massa-Carrara","prov_istat_code":"045","prov_istat_code_num":45,"prov_acr":"MS","reg_name":"Toscana","reg_istat_code":"09","reg_istat_code_num":9,"opdm_id":"4436","com_catasto_code":"D590","com_istat_code":"045006","com_istat_code_num":45006,"_featureIdx":5,"_color":"#d0398b"}},{"type":"Feature","geometry":{"type":"Polygon","coordinates":[[[9.926401695724259,44.36098430949336],[9.95037182043755,44.36098430949336],[9.95037182043755,44.376944764047636],[9.926401695724259,44.376944764047636],[9.926401695724259,44.36098430949336]]]},"properties":{"name":"Filattiera","op_id":"4536","minint_finloc":"3090460060","minint_elettorale":"2090460060","prov_name":"Massa-Carrara","prov_istat_code":"045","prov_istat_code_num":45,"prov_acr":"MS","reg_name":"Toscana","reg_istat_code":"09","reg_istat_code_num":9,"opdm_id":"4436","com_catasto_code":"D590","com_istat_code":"045006","com_istat_code_num":45006,"_featureIdx":5,"_color":"#d0398b"}},{"type":"Feature","geometry":{"type":"Polygon","coordinates":[[[9.95037182043755,44.36098430949336],[9.97434194515084,44.36098430949336],[9.97434194515084,44.376944764047636],[9.95037182043755,44.376944764047636],[9.95037182043755,44.36098430949336]]]},"properties":{"name":"Filattiera","op_id":"4536","minint_finloc":"3090460060","minint_elettorale":"2090460060","prov_name":"Massa-Carrara","prov_istat_code":"045","prov_istat_code_num":45,"prov_acr":"MS","reg_name":"Toscana","reg_istat_code":"09","reg_istat_code_num":9,"opdm_id":"4436","com_catasto_code":"D590","com_istat_code":"045006","com_istat_code_num":45006,"_featureIdx":5,"_color":"#d0398b"}},{"type":"Feature","geometry":{"type":"Polygon","coordinates":[[[9.97434194515084,44.36098430949336],[9.99831206986413,44.36098430949336],[9.99831206986413,44.376944764047636],[9.97434194515084,44.376944764047636],[9.97434194515084,44.36098430949336]]]},"properties":{"name":"Bagnone","op_id":"4532","minint_elettorale":"2090460020","minint_finloc":"3090460020","prov_name":"Massa-Carrara","prov_istat_code":"045","prov_istat_code_num":45,"prov_acr":"MS","reg_name":"Toscana","reg_istat_code":"09","reg_istat_code_num":9,"opdm_id":"4432","com_catasto_code":"A576","com_istat_code":"045002","com_istat_code_num":45002,"_featureIdx":1,"_color":"#39d065"}},{"type":"Feature","geometry":{"type":"Polygon","coordinates":[[[9.99831206986413,44.36098430949336],[10.022282194577421,44.36098430949336],[10.022282194577421,44.376944764047636],[9.99831206986413,44.376944764047636],[9.99831206986413,44.36098430949336]]]},"properties":{"name":"Bagnone","op_id":"4532","minint_elettorale":"2090460020","minint_finloc":"3090460020","prov_name":"Massa-Carrara","prov_istat_code":"045","prov_istat_code_num":45,"prov_acr":"MS","reg_name":"Toscana","reg_istat_code":"09","reg_istat_code_num":9,"opdm_id":"4432","com_catasto_code":"A576","com_istat_code":"045002","com_istat_code_num":45002,"_featureIdx":1,"_color":"#39d065"}},{"type":"Feature","geometry":{"type":"Polygon","coordinates":[[[10.02228219457742,44.36098430949336],[10.04625231929071,44.36098430949336],[10.04625231929071,44.376944764047636],[10.02228219457742,44.376944764047636],[10.02228219457742,44.36098430949336]]]},"properties":{"name":"Bagnone","op_id":"4532","minint_elettorale":"2090460020","minint_finloc":"3090460020","prov_name":"Massa-Carrara","prov_istat_code":"045","prov_istat_code_num":45,"prov_acr":"MS","reg_name":"Toscana","reg_istat_code":"09","reg_istat_code_num":9,"opdm_id":"4432","com_catasto_code":"A576","com_istat_code":"045002","com_istat_code_num":45002,"_featureIdx":1,"_color":"#39d065"}},{"type":"Feature","geometry":{"type":"Polygon","coordinates":[[[9.734640698017937,44.37694476404763],[9.758610822731228,44.37694476404763],[9.758610822731228,44.3929052186019],[9.734640698017937,44.3929052186019],[9.734640698017937,44.37694476404763]]]},"properties":{"name":"Zeri","minint_elettorale":"2090460170","op_id":"4547","minint_finloc":"3090460170","prov_name":"Massa-Carrara","prov_istat_code":"045","prov_istat_code_num":45,"prov_acr":"MS","reg_name":"Toscana","reg_istat_code":"09","reg_istat_code_num":9,"opdm_id":"4447","com_catasto_code":"M169","com_istat_code":"045017","com_istat_code_num":45017,"_featureIdx":16,"_color":"#d09e39"}},{"type":"Feature","geometry":{"type":"Polygon","coordinates":[[[9.902431571010968,44.37694476404763],[9.926401695724259,44.37694476404763],[9.926401695724259,44.3929052186019],[9.902431571010968,44.3929052186019],[9.902431571010968,44.37694476404763]]]},"properties":{"name":"Filattiera","op_id":"4536","minint_finloc":"3090460060","minint_elettorale":"2090460060","prov_name":"Massa-Carrara","prov_istat_code":"045","prov_istat_code_num":45,"prov_acr":"MS","reg_name":"Toscana","reg_istat_code":"09","reg_istat_code_num":9,"opdm_id":"4436","com_catasto_code":"D590","com_istat_code":"045006","com_istat_code_num":45006,"_featureIdx":5,"_color":"#d0398b"}},{"type":"Feature","geometry":{"type":"Polygon","coordinates":[[[9.926401695724259,44.37694476404763],[9.95037182043755,44.37694476404763],[9.95037182043755,44.3929052186019],[9.926401695724259,44.3929052186019],[9.926401695724259,44.37694476404763]]]},"properties":{"name":"Filattiera","op_id":"4536","minint_finloc":"3090460060","minint_elettorale":"2090460060","prov_name":"Massa-Carrara","prov_istat_code":"045","prov_istat_code_num":45,"prov_acr":"MS","reg_name":"Toscana","reg_istat_code":"09","reg_istat_code_num":9,"opdm_id":"4436","com_catasto_code":"D590","com_istat_code":"045006","com_istat_code_num":45006,"_featureIdx":5,"_color":"#d0398b"}},{"type":"Feature","geometry":{"type":"Polygon","coordinates":[[[9.95037182043755,44.37694476404763],[9.97434194515084,44.37694476404763],[9.97434194515084,44.3929052186019],[9.95037182043755,44.3929052186019],[9.95037182043755,44.37694476404763]]]},"properties":{"name":"Filattiera","op_id":"4536","minint_finloc":"3090460060","minint_elettorale":"2090460060","prov_name":"Massa-Carrara","prov_istat_code":"045","prov_istat_code_num":45,"prov_acr":"MS","reg_name":"Toscana","reg_istat_code":"09","reg_istat_code_num":9,"opdm_id":"4436","com_catasto_code":"D590","com_istat_code":"045006","com_istat_code_num":45006,"_featureIdx":5,"_color":"#d0398b"}},{"type":"Feature","geometry":{"type":"Polygon","coordinates":[[[9.97434194515084,44.37694476404763],[9.99831206986413,44.37694476404763],[9.99831206986413,44.3929052186019],[9.97434194515084,44.3929052186019],[9.97434194515084,44.37694476404763]]]},"properties":{"name":"Filattiera","op_id":"4536","minint_finloc":"3090460060","minint_elettorale":"2090460060","prov_name":"Massa-Carrara","prov_istat_code":"045","prov_istat_code_num":45,"prov_acr":"MS","reg_name":"Toscana","reg_istat_code":"09","reg_istat_code_num":9,"opdm_id":"4436","com_catasto_code":"D590","com_istat_code":"045006","com_istat_code_num":45006,"_featureIdx":5,"_color":"#d0398b"}},{"type":"Feature","geometry":{"type":"Polygon","coordinates":[[[9.99831206986413,44.37694476404763],[10.022282194577421,44.37694476404763],[10.022282194577421,44.3929052186019],[9.99831206986413,44.3929052186019],[9.99831206986413,44.37694476404763]]]},"properties":{"name":"Bagnone","op_id":"4532","minint_elettorale":"2090460020","minint_finloc":"3090460020","prov_name":"Massa-Carrara","prov_istat_code":"045","prov_istat_code_num":45,"prov_acr":"MS","reg_name":"Toscana","reg_istat_code":"09","reg_istat_code_num":9,"opdm_id":"4432","com_catasto_code":"A576","com_istat_code":"045002","com_istat_code_num":45002,"_featureIdx":1,"_color":"#39d065"}},{"type":"Feature","geometry":{"type":"Polygon","coordinates":[[[9.95037182043755,44.3929052186019],[9.97434194515084,44.3929052186019],[9.97434194515084,44.40886567315618],[9.95037182043755,44.40886567315618],[9.95037182043755,44.3929052186019]]]},"properties":{"name":"Filattiera","op_id":"4536","minint_finloc":"3090460060","minint_elettorale":"2090460060","prov_name":"Massa-Carrara","prov_istat_code":"045","prov_istat_code_num":45,"prov_acr":"MS","reg_name":"Toscana","reg_istat_code":"09","reg_istat_code_num":9,"opdm_id":"4436","com_catasto_code":"D590","com_istat_code":"045006","com_istat_code_num":45006,"_featureIdx":5,"_color":"#d0398b"}},{"type":"Feature","geometry":{"type":"Polygon","coordinates":[[[9.97434194515084,44.3929052186019],[9.99831206986413,44.3929052186019],[9.99831206986413,44.40886567315618],[9.97434194515084,44.40886567315618],[9.97434194515084,44.3929052186019]]]},"properties":{"name":"Filattiera","op_id":"4536","minint_finloc":"3090460060","minint_elettorale":"2090460060","prov_name":"Massa-Carrara","prov_istat_code":"045","prov_istat_code_num":45,"prov_acr":"MS","reg_name":"Toscana","reg_istat_code":"09","reg_istat_code_num":9,"opdm_id":"4436","com_catasto_code":"D590","com_istat_code":"045006","com_istat_code_num":45006,"_featureIdx":5,"_color":"#d0398b"}}]}